<?xml version="1.0" encoding="UTF-8"?><CodeSystem xmlns="http://hl7.org/fhir"><id value="tb-lab---smear-result-cs"/><text><status value="generated"/><div xmlns="http://www.w3.org/1999/xhtml"><p class="res-header-id"><b>Generated Narrative: CodeSystem tb-lab---smear-result-cs</b></p><a name="tb-lab---smear-result-cs"> </a><a name="hctb-lab---smear-result-cs"> </a><a name="tb-lab---smear-result-cs-en-US"> </a><p>This  code system <code>http://example.org/CodeSystem/tb-lab---smear-result-cs</code> defines the following codes:</p><table class="codes"><tr><td style="white-space:nowrap"><b>Code</b></td><td><b>Display</b></td></tr><tr><td style="white-space:nowrap">SCANTY<a name="tb-lab---smear-result-cs-SCANTY"> </a></td><td>Positive (Scanty)</td></tr><tr><td style="white-space:nowrap">1PLUS<a name="tb-lab---smear-result-cs-1PLUS"> </a></td><td>Positive (+)</td></tr><tr><td style="white-space:nowrap">2PLUS<a name="tb-lab---smear-result-cs-2PLUS"> </a></td><td>Positive (++)</td></tr><tr><td style="white-space:nowrap">3PLUS<a name="tb-lab---smear-result-cs-3PLUS"> </a></td><td>Positive (+++)</td></tr><tr><td style="white-space:nowrap">NEGATIVE<a name="tb-lab---smear-result-cs-NEGATIVE"> </a></td><td>Negative</td></tr></table></div></text><url value="http://example.org/CodeSystem/tb-lab---smear-result-cs"/><version value="0.1.0"/><name value="TBLABSmearResultCS"/><title value="TB-LAB - Smear result"/><status value="draft"/><date value="2024-12-18T19:24:05+00:00"/><publisher value="DHIS2"/><contact><name value="DHIS2"/><telecom><system value="url"/><value value="http://dhis2.org"/></telecom></contact><content value="complete"/><count value="5"/><concept><code value="SCANTY"/><display value="Positive (Scanty)"/></concept><concept><code value="1PLUS"/><display value="Positive (+)"/></concept><concept><code value="2PLUS"/><display value="Positive (++)"/></concept><concept><code value="3PLUS"/><display value="Positive (+++)"/></concept><concept><code value="NEGATIVE"/><display value="Negative"/></concept></CodeSystem>