<?xml version="1.0" encoding="UTF-8"?><CodeSystem xmlns="http://hl7.org/fhir"><id value="tb-lab---sample-quality-cs"/><text><status value="generated"/><div xmlns="http://www.w3.org/1999/xhtml"><p class="res-header-id"><b>Generated Narrative: CodeSystem tb-lab---sample-quality-cs</b></p><a name="tb-lab---sample-quality-cs"> </a><a name="hctb-lab---sample-quality-cs"> </a><a name="tb-lab---sample-quality-cs-en-US"> </a><p>This  code system <code>http://example.org/CodeSystem/tb-lab---sample-quality-cs</code> defines the following codes:</p><table class="codes"><tr><td style="white-space:nowrap"><b>Code</b></td><td><b>Display</b></td></tr><tr><td style="white-space:nowrap">GOOD<a name="tb-lab---sample-quality-cs-GOOD"> </a></td><td>Good (accepted for processing)</td></tr><tr><td style="white-space:nowrap">POOR<a name="tb-lab---sample-quality-cs-POOR"> </a></td><td>Poor (rejected for processing)</td></tr></table></div></text><url value="http://example.org/CodeSystem/tb-lab---sample-quality-cs"/><version value="0.1.0"/><name value="TBLABSampleQualityCS"/><title value="TB-LAB - Sample quality"/><status value="draft"/><date value="2024-12-18T19:34:06+00:00"/><publisher value="DHIS2"/><contact><name value="DHIS2"/><telecom><system value="url"/><value value="http://dhis2.org"/></telecom></contact><content value="complete"/><count value="2"/><concept><code value="GOOD"/><display value="Good (accepted for processing)"/></concept><concept><code value="POOR"/><display value="Poor (rejected for processing)"/></concept></CodeSystem>