<?xml version="1.0" encoding="UTF-8"?><ValueSet xmlns="http://hl7.org/fhir"><id value="susceptible-resistant-indeterminate-vs"/><text><status value="generated"/><div xmlns="http://www.w3.org/1999/xhtml"><p class="res-header-id"><b>Generated Narrative: ValueSet susceptible-resistant-indeterminate-vs</b></p><a name="susceptible-resistant-indeterminate-vs"> </a><a name="hcsusceptible-resistant-indeterminate-vs"> </a><a name="susceptible-resistant-indeterminate-vs-en-US"> </a><ul><li>Include all codes defined in <a href="CodeSystem-susceptible-resistant-indeterminate-cs.html"><code>http://example.org/CodeSystem/susceptible-resistant-indeterminate-cs</code></a></li></ul></div></text><url value="http://example.org/ValueSet/susceptible-resistant-indeterminate-vs"/><version value="0.1.0"/><name value="SusceptibleResistantIndeterminateVS"/><title value="Susceptible/Resistant/Indeterminate value set"/><status value="draft"/><date value="2024-12-18T19:34:06+00:00"/><publisher value="DHIS2"/><contact><name value="DHIS2"/><telecom><system value="url"/><value value="http://dhis2.org"/></telecom></contact><compose><include><system value="http://example.org/CodeSystem/susceptible-resistant-indeterminate-cs"/></include></compose></ValueSet>