{"resourceType":"CodeSystem","id":"tb-lab---lpa-specimen-cs","text":{"status":"generated","div":"<div xmlns=\"http://www.w3.org/1999/xhtml\"><p class=\"res-header-id\"><b>Generated Narrative: CodeSystem tb-lab---lpa-specimen-cs</b></p><a name=\"tb-lab---lpa-specimen-cs\"> </a><a name=\"hctb-lab---lpa-specimen-cs\"> </a><a name=\"tb-lab---lpa-specimen-cs-en-US\"> </a><p>This  code system <code>http://example.org/CodeSystem/tb-lab---lpa-specimen-cs</code> defines the following codes:</p><table class=\"codes\"><tr><td style=\"white-space:nowrap\"><b>Code</b></td><td><b>Display</b></td></tr><tr><td style=\"white-space:nowrap\">SPUTUM_SAMPLES_OR_SEDIMENTS<a name=\"tb-lab---lpa-specimen-cs-SPUTUM_SAMPLES_OR_SEDIMENTS\"> </a></td><td>Sputum samples or sediments</td></tr><tr><td style=\"white-space:nowrap\">MTB_CULTURE_ISOLATES<a name=\"tb-lab---lpa-specimen-cs-MTB_CULTURE_ISOLATES\"> </a></td><td>MTB culture isolates</td></tr></table></div>"},"url":"http://example.org/CodeSystem/tb-lab---lpa-specimen-cs","version":"0.1.0","name":"TBLABLPASpecimenCS","title":"TB-LAB - LPA specimen","status":"draft","date":"2024-12-18T19:24:05+00:00","publisher":"DHIS2","contact":[{"name":"DHIS2","telecom":[{"system":"url","value":"http://dhis2.org"}]}],"content":"complete","count":2,"concept":[{"code":"SPUTUM_SAMPLES_OR_SEDIMENTS","display":"Sputum samples or sediments"},{"code":"MTB_CULTURE_ISOLATES","display":"MTB culture isolates"}]}