{"resourceType":"ValueSet","id":"tb-lab---dst-result-vs","text":{"status":"generated","div":"<div xmlns=\"http://www.w3.org/1999/xhtml\"><p class=\"res-header-id\"><b>Generated Narrative: ValueSet tb-lab---dst-result-vs</b></p><a name=\"tb-lab---dst-result-vs\"> </a><a name=\"hctb-lab---dst-result-vs\"> </a><a name=\"tb-lab---dst-result-vs-en-US\"> </a><ul><li>Include all codes defined in <a href=\"CodeSystem-tb-lab---dst-result-cs.html\"><code>http://example.org/CodeSystem/tb-lab---dst-result-cs</code></a></li></ul></div>"},"url":"http://example.org/ValueSet/tb-lab---dst-result-vs","version":"0.1.0","name":"TBLABDSTResultVS","title":"TB-LAB - DST result value set","status":"draft","date":"2024-12-18T19:24:05+00:00","publisher":"DHIS2","contact":[{"name":"DHIS2","telecom":[{"system":"url","value":"http://dhis2.org"}]}],"compose":{"include":[{"system":"http://example.org/CodeSystem/tb-lab---dst-result-cs"}]}}