{"resourceType":"ValueSet","id":"tb-cs---treatment-history-vs","text":{"status":"generated","div":"<div xmlns=\"http://www.w3.org/1999/xhtml\"><p class=\"res-header-id\"><b>Generated Narrative: ValueSet tb-cs---treatment-history-vs</b></p><a name=\"tb-cs---treatment-history-vs\"> </a><a name=\"hctb-cs---treatment-history-vs\"> </a><a name=\"tb-cs---treatment-history-vs-en-US\"> </a><ul><li>Include all codes defined in <a href=\"CodeSystem-tb-cs---treatment-history-cs.html\"><code>http://example.org/CodeSystem/tb-cs---treatment-history-cs</code></a></li></ul></div>"},"url":"http://example.org/ValueSet/tb-cs---treatment-history-vs","version":"0.1.0","name":"TBCSTreatmentHistoryVS","title":"TB CS - Treatment history value set","status":"draft","date":"2024-12-18T19:13:07+00:00","publisher":"DHIS2","contact":[{"name":"DHIS2","telecom":[{"system":"url","value":"http://dhis2.org"}]}],"compose":{"include":[{"system":"http://example.org/CodeSystem/tb-cs---treatment-history-cs"}]}}