{"resourceType":"ValueSet","id":"tb-cs---resistance-classification-vs","text":{"status":"generated","div":"<div xmlns=\"http://www.w3.org/1999/xhtml\"><p class=\"res-header-id\"><b>Generated Narrative: ValueSet tb-cs---resistance-classification-vs</b></p><a name=\"tb-cs---resistance-classification-vs\"> </a><a name=\"hctb-cs---resistance-classification-vs\"> </a><a name=\"tb-cs---resistance-classification-vs-en-US\"> </a><ul><li>Include all codes defined in <a href=\"CodeSystem-tb-cs---resistance-classification-cs.html\"><code>http://example.org/CodeSystem/tb-cs---resistance-classification-cs</code></a></li></ul></div>"},"url":"http://example.org/ValueSet/tb-cs---resistance-classification-vs","version":"0.1.0","name":"TBCSResistanceClassificationVS","title":"TB CS - Resistance Classification value set","status":"draft","date":"2024-12-18T19:13:07+00:00","publisher":"DHIS2","contact":[{"name":"DHIS2","telecom":[{"system":"url","value":"http://dhis2.org"}]}],"compose":{"include":[{"system":"http://example.org/CodeSystem/tb-cs---resistance-classification-cs"}]}}