{
  "resourceType" : "Bundle",
  "id" : "8b3ccb8c-7c09-4e09-abdb-f00544b81a9e",
  "meta" : {
    "lastUpdated" : "2025-01-06T08:12:15.413+00:00"
  },
  "type" : "collection",
  "entry" : [{
    "fullUrl" : "http://example.org/ValueSet/RRTGENSexVS",
    "resource" : {
      "resourceType" : "ValueSet",
      "meta" : {
        "profile" : ["http://hl7.org/fhir/uv/crmi/StructureDefinition/crmi-shareablevalueset",
        "http://hl7.org/fhir/uv/crmi/StructureDefinition/crmi-publishablevalueset",
        "http://hl7.org/fhir/uv/crmi/StructureDefinition/crmi-computablevalueset"]
      },
      "text" : {
        "status" : "generated",
        "div" : "<div xmlns=\"http://www.w3.org/1999/xhtml\"><p class=\"res-header-id\"><b>Generated Narrative: ValueSet </b></p><p style=\"border: black 1px dotted; background-color: #EEEEEE; padding: 8px; margin-bottom: 8px\">Expansion based on <a href=\"CodeSystem-RRTGENSexCS.html\">codesystem RRT - GEN - Sex v0.1.0 (CodeSystem)</a></p><p>This value set contains 2 concepts</p><table class=\"codes\"><tr><td style=\"white-space:nowrap\"><b>Code</b></td><td><b>System</b></td><td><b>Display</b></td></tr><tr><td style=\"white-space:nowrap\"><a name=\"x-http://example.org/CodeSystem/RRTGENSexCS-FEMALE\"> </a>\u00a0\u00a0<a href=\"CodeSystem-RRTGENSexCS.html#RRTGENSexCS-FEMALE\">FEMALE</a></td><td>http://example.org/CodeSystem/RRTGENSexCS</td><td>Female</td></tr><tr><td style=\"white-space:nowrap\"><a name=\"x-http://example.org/CodeSystem/RRTGENSexCS-MALE\"> </a>\u00a0\u00a0<a href=\"CodeSystem-RRTGENSexCS.html#RRTGENSexCS-MALE\">MALE</a></td><td>http://example.org/CodeSystem/RRTGENSexCS</td><td>Male</td></tr></table></div>"
      },
      "url" : "http://example.org/ValueSet/RRTGENSexVS",
      "version" : "0.1.0",
      "name" : "RRTGENSexVS",
      "title" : "RRT - GEN - Sex value set",
      "status" : "active",
      "experimental" : true,
      "expansion" : {
        "identifier" : "urn:uuid:301ddea9-5df4-4b3b-97e2-2842a4a5f9f9",
        "timestamp" : "2025-01-06T08:12:32+00:00",
        "total" : 2,
        "offset" : 0,
        "parameter" : [{
          "name" : "count",
          "valueInteger" : 1000
        },
        {
          "name" : "offset",
          "valueInteger" : 0
        },
        {
          "name" : "excludeNested",
          "valueBoolean" : false
        },
        {
          "name" : "warning-draft",
          "valueUri" : "http://example.org/CodeSystem/RRTGENSexCS|0.1.0"
        },
        {
          "name" : "used-codesystem",
          "valueUri" : "http://example.org/CodeSystem/RRTGENSexCS|0.1.0"
        }],
        "contains" : [{
          "system" : "http://example.org/CodeSystem/RRTGENSexCS",
          "code" : "FEMALE",
          "display" : "Female"
        },
        {
          "system" : "http://example.org/CodeSystem/RRTGENSexCS",
          "code" : "MALE",
          "display" : "Male"
        }]
      }
    }
  },
  {
    "fullUrl" : "http://example.org/ValueSet/GENYesNoUnknownVS",
    "resource" : {
      "resourceType" : "ValueSet",
      "meta" : {
        "profile" : ["http://hl7.org/fhir/uv/crmi/StructureDefinition/crmi-shareablevalueset",
        "http://hl7.org/fhir/uv/crmi/StructureDefinition/crmi-publishablevalueset",
        "http://hl7.org/fhir/uv/crmi/StructureDefinition/crmi-computablevalueset"]
      },
      "text" : {
        "status" : "generated",
        "div" : "<div xmlns=\"http://www.w3.org/1999/xhtml\"><p class=\"res-header-id\"><b>Generated Narrative: ValueSet </b></p><p style=\"border: black 1px dotted; background-color: #EEEEEE; padding: 8px; margin-bottom: 8px\">Expansion based on <a href=\"CodeSystem-GENYesNoUnknownCS.html\">codesystem GEN - Yes/No/Unknown v0.1.0 (CodeSystem)</a></p><p>This value set contains 3 concepts</p><table class=\"codes\"><tr><td style=\"white-space:nowrap\"><b>Code</b></td><td><b>System</b></td><td><b>Display</b></td></tr><tr><td style=\"white-space:nowrap\"><a name=\"x-http://example.org/CodeSystem/GENYesNoUnknownCS-NO\"> </a>\u00a0\u00a0<a href=\"CodeSystem-GENYesNoUnknownCS.html#GENYesNoUnknownCS-NO\">NO</a></td><td>http://example.org/CodeSystem/GENYesNoUnknownCS</td><td>No</td></tr><tr><td style=\"white-space:nowrap\"><a name=\"x-http://example.org/CodeSystem/GENYesNoUnknownCS-UNKNOWN\"> </a>\u00a0\u00a0<a href=\"CodeSystem-GENYesNoUnknownCS.html#GENYesNoUnknownCS-UNKNOWN\">UNKNOWN</a></td><td>http://example.org/CodeSystem/GENYesNoUnknownCS</td><td>Unknown</td></tr><tr><td style=\"white-space:nowrap\"><a name=\"x-http://example.org/CodeSystem/GENYesNoUnknownCS-YES\"> </a>\u00a0\u00a0<a href=\"CodeSystem-GENYesNoUnknownCS.html#GENYesNoUnknownCS-YES\">YES</a></td><td>http://example.org/CodeSystem/GENYesNoUnknownCS</td><td>Yes</td></tr></table></div>"
      },
      "url" : "http://example.org/ValueSet/GENYesNoUnknownVS",
      "version" : "0.1.0",
      "name" : "GENYesNoUnknownVS",
      "title" : "GEN - Yes/No/Unknown value set",
      "status" : "active",
      "experimental" : true,
      "expansion" : {
        "identifier" : "urn:uuid:051c5504-f350-4b7b-95b9-296b7e31d995",
        "timestamp" : "2025-01-06T08:12:32+00:00",
        "total" : 3,
        "offset" : 0,
        "parameter" : [{
          "name" : "count",
          "valueInteger" : 1000
        },
        {
          "name" : "offset",
          "valueInteger" : 0
        },
        {
          "name" : "excludeNested",
          "valueBoolean" : false
        },
        {
          "name" : "warning-draft",
          "valueUri" : "http://example.org/CodeSystem/GENYesNoUnknownCS|0.1.0"
        },
        {
          "name" : "used-codesystem",
          "valueUri" : "http://example.org/CodeSystem/GENYesNoUnknownCS|0.1.0"
        }],
        "contains" : [{
          "system" : "http://example.org/CodeSystem/GENYesNoUnknownCS",
          "code" : "NO",
          "display" : "No"
        },
        {
          "system" : "http://example.org/CodeSystem/GENYesNoUnknownCS",
          "code" : "UNKNOWN",
          "display" : "Unknown"
        },
        {
          "system" : "http://example.org/CodeSystem/GENYesNoUnknownCS",
          "code" : "YES",
          "display" : "Yes"
        }]
      }
    }
  },
  {
    "fullUrl" : "http://example.org/ValueSet/TBCSTreatmentOutcomeVS",
    "resource" : {
      "resourceType" : "ValueSet",
      "meta" : {
        "profile" : ["http://hl7.org/fhir/uv/crmi/StructureDefinition/crmi-shareablevalueset",
        "http://hl7.org/fhir/uv/crmi/StructureDefinition/crmi-publishablevalueset",
        "http://hl7.org/fhir/uv/crmi/StructureDefinition/crmi-computablevalueset"]
      },
      "text" : {
        "status" : "generated",
        "div" : "<div xmlns=\"http://www.w3.org/1999/xhtml\"><p class=\"res-header-id\"><b>Generated Narrative: ValueSet </b></p><p style=\"border: black 1px dotted; background-color: #EEEEEE; padding: 8px; margin-bottom: 8px\">Expansion based on <a href=\"CodeSystem-TBCSTreatmentOutcomeCS.html\">codesystem TB CS - Treatment outcome v0.1.0 (CodeSystem)</a></p><p>This value set contains 6 concepts</p><table class=\"codes\"><tr><td style=\"white-space:nowrap\"><b>Code</b></td><td><b>System</b></td><td><b>Display</b></td></tr><tr><td style=\"white-space:nowrap\"><a name=\"x-http://example.org/CodeSystem/TBCSTreatmentOutcomeCS-CURED\"> </a>\u00a0\u00a0<a href=\"CodeSystem-TBCSTreatmentOutcomeCS.html#TBCSTreatmentOutcomeCS-CURED\">CURED</a></td><td>http://example.org/CodeSystem/TBCSTreatmentOutcomeCS</td><td>Cured</td></tr><tr><td style=\"white-space:nowrap\"><a name=\"x-http://example.org/CodeSystem/TBCSTreatmentOutcomeCS-COMPLETED\"> </a>\u00a0\u00a0<a href=\"CodeSystem-TBCSTreatmentOutcomeCS.html#TBCSTreatmentOutcomeCS-COMPLETED\">COMPLETED</a></td><td>http://example.org/CodeSystem/TBCSTreatmentOutcomeCS</td><td>Completed</td></tr><tr><td style=\"white-space:nowrap\"><a name=\"x-http://example.org/CodeSystem/TBCSTreatmentOutcomeCS-FAILURE\"> </a>\u00a0\u00a0<a href=\"CodeSystem-TBCSTreatmentOutcomeCS.html#TBCSTreatmentOutcomeCS-FAILURE\">FAILURE</a></td><td>http://example.org/CodeSystem/TBCSTreatmentOutcomeCS</td><td>Failed</td></tr><tr><td style=\"white-space:nowrap\"><a name=\"x-http://example.org/CodeSystem/TBCSTreatmentOutcomeCS-DIED\"> </a>\u00a0\u00a0<a href=\"CodeSystem-TBCSTreatmentOutcomeCS.html#TBCSTreatmentOutcomeCS-DIED\">DIED</a></td><td>http://example.org/CodeSystem/TBCSTreatmentOutcomeCS</td><td>Died</td></tr><tr><td style=\"white-space:nowrap\"><a name=\"x-http://example.org/CodeSystem/TBCSTreatmentOutcomeCS-LOST_TO_FOLLOW_UP\"> </a>\u00a0\u00a0<a href=\"CodeSystem-TBCSTreatmentOutcomeCS.html#TBCSTreatmentOutcomeCS-LOST_TO_FOLLOW_UP\">LOST_TO_FOLLOW_UP</a></td><td>http://example.org/CodeSystem/TBCSTreatmentOutcomeCS</td><td>Lost to follow-up</td></tr><tr><td style=\"white-space:nowrap\"><a name=\"x-http://example.org/CodeSystem/TBCSTreatmentOutcomeCS-NOT_EVALUATED\"> </a>\u00a0\u00a0<a href=\"CodeSystem-TBCSTreatmentOutcomeCS.html#TBCSTreatmentOutcomeCS-NOT_EVALUATED\">NOT_EVALUATED</a></td><td>http://example.org/CodeSystem/TBCSTreatmentOutcomeCS</td><td>Not evaluated</td></tr></table></div>"
      },
      "url" : "http://example.org/ValueSet/TBCSTreatmentOutcomeVS",
      "version" : "0.1.0",
      "name" : "TBCSTreatmentOutcomeVS",
      "title" : "TB CS - Treatment outcome value set",
      "status" : "active",
      "experimental" : true,
      "expansion" : {
        "identifier" : "urn:uuid:f81247f2-8857-4e57-bcdf-f474367f4a6b",
        "timestamp" : "2025-01-06T08:12:32+00:00",
        "total" : 6,
        "offset" : 0,
        "parameter" : [{
          "name" : "count",
          "valueInteger" : 1000
        },
        {
          "name" : "offset",
          "valueInteger" : 0
        },
        {
          "name" : "excludeNested",
          "valueBoolean" : false
        },
        {
          "name" : "warning-draft",
          "valueUri" : "http://example.org/CodeSystem/TBCSTreatmentOutcomeCS|0.1.0"
        },
        {
          "name" : "used-codesystem",
          "valueUri" : "http://example.org/CodeSystem/TBCSTreatmentOutcomeCS|0.1.0"
        }],
        "contains" : [{
          "system" : "http://example.org/CodeSystem/TBCSTreatmentOutcomeCS",
          "code" : "CURED",
          "display" : "Cured"
        },
        {
          "system" : "http://example.org/CodeSystem/TBCSTreatmentOutcomeCS",
          "code" : "COMPLETED",
          "display" : "Completed"
        },
        {
          "system" : "http://example.org/CodeSystem/TBCSTreatmentOutcomeCS",
          "code" : "FAILURE",
          "display" : "Failed"
        },
        {
          "system" : "http://example.org/CodeSystem/TBCSTreatmentOutcomeCS",
          "code" : "DIED",
          "display" : "Died"
        },
        {
          "system" : "http://example.org/CodeSystem/TBCSTreatmentOutcomeCS",
          "code" : "LOST_TO_FOLLOW_UP",
          "display" : "Lost to follow-up"
        },
        {
          "system" : "http://example.org/CodeSystem/TBCSTreatmentOutcomeCS",
          "code" : "NOT_EVALUATED",
          "display" : "Not evaluated"
        }]
      }
    }
  },
  {
    "fullUrl" : "http://example.org/ValueSet/TBCSDenotificationReasonsVS",
    "resource" : {
      "resourceType" : "ValueSet",
      "meta" : {
        "profile" : ["http://hl7.org/fhir/uv/crmi/StructureDefinition/crmi-shareablevalueset",
        "http://hl7.org/fhir/uv/crmi/StructureDefinition/crmi-publishablevalueset",
        "http://hl7.org/fhir/uv/crmi/StructureDefinition/crmi-computablevalueset"]
      },
      "text" : {
        "status" : "generated",
        "div" : "<div xmlns=\"http://www.w3.org/1999/xhtml\"><p class=\"res-header-id\"><b>Generated Narrative: ValueSet </b></p><p style=\"border: black 1px dotted; background-color: #EEEEEE; padding: 8px; margin-bottom: 8px\">Expansion based on <a href=\"CodeSystem-TBCSDenotificationReasonsCS.html\">codesystem TB CS - Denotification reasons v0.1.0 (CodeSystem)</a></p><p>This value set contains 2 concepts</p><table class=\"codes\"><tr><td style=\"white-space:nowrap\"><b>Code</b></td><td><b>System</b></td><td><b>Display</b></td></tr><tr><td style=\"white-space:nowrap\"><a name=\"x-http://example.org/CodeSystem/TBCSDenotificationReasonsCS-NOT_TB\"> </a>\u00a0\u00a0<a href=\"CodeSystem-TBCSDenotificationReasonsCS.html#TBCSDenotificationReasonsCS-NOT_TB\">NOT_TB</a></td><td>http://example.org/CodeSystem/TBCSDenotificationReasonsCS</td><td>Not a TB Case</td></tr><tr><td style=\"white-space:nowrap\"><a name=\"x-http://example.org/CodeSystem/TBCSDenotificationReasonsCS-DUPLICATE\"> </a>\u00a0\u00a0<a href=\"CodeSystem-TBCSDenotificationReasonsCS.html#TBCSDenotificationReasonsCS-DUPLICATE\">DUPLICATE</a></td><td>http://example.org/CodeSystem/TBCSDenotificationReasonsCS</td><td>Duplicate</td></tr></table></div>"
      },
      "url" : "http://example.org/ValueSet/TBCSDenotificationReasonsVS",
      "version" : "0.1.0",
      "name" : "TBCSDenotificationReasonsVS",
      "title" : "TB CS - Denotification reasons value set",
      "status" : "active",
      "experimental" : true,
      "expansion" : {
        "identifier" : "urn:uuid:f2360d9e-9377-4eeb-9ea0-757b73ed6cc2",
        "timestamp" : "2025-01-06T08:12:32+00:00",
        "total" : 2,
        "offset" : 0,
        "parameter" : [{
          "name" : "count",
          "valueInteger" : 1000
        },
        {
          "name" : "offset",
          "valueInteger" : 0
        },
        {
          "name" : "excludeNested",
          "valueBoolean" : false
        },
        {
          "name" : "warning-draft",
          "valueUri" : "http://example.org/CodeSystem/TBCSDenotificationReasonsCS|0.1.0"
        },
        {
          "name" : "used-codesystem",
          "valueUri" : "http://example.org/CodeSystem/TBCSDenotificationReasonsCS|0.1.0"
        }],
        "contains" : [{
          "system" : "http://example.org/CodeSystem/TBCSDenotificationReasonsCS",
          "code" : "NOT_TB",
          "display" : "Not a TB Case"
        },
        {
          "system" : "http://example.org/CodeSystem/TBCSDenotificationReasonsCS",
          "code" : "DUPLICATE",
          "display" : "Duplicate"
        }]
      }
    }
  },
  {
    "fullUrl" : "http://example.org/ValueSet/TBCSTreatmentCategoryVS",
    "resource" : {
      "resourceType" : "ValueSet",
      "meta" : {
        "profile" : ["http://hl7.org/fhir/uv/crmi/StructureDefinition/crmi-shareablevalueset",
        "http://hl7.org/fhir/uv/crmi/StructureDefinition/crmi-publishablevalueset",
        "http://hl7.org/fhir/uv/crmi/StructureDefinition/crmi-computablevalueset"]
      },
      "text" : {
        "status" : "generated",
        "div" : "<div xmlns=\"http://www.w3.org/1999/xhtml\"><p class=\"res-header-id\"><b>Generated Narrative: ValueSet </b></p><p style=\"border: black 1px dotted; background-color: #EEEEEE; padding: 8px; margin-bottom: 8px\">Expansion based on <a href=\"CodeSystem-TBCSTreatmentCategoryCS.html\">codesystem TB CS - Treatment category v0.1.0 (CodeSystem)</a></p><p>This value set contains 2 concepts</p><table class=\"codes\"><tr><td style=\"white-space:nowrap\"><b>Code</b></td><td><b>System</b></td><td><b>Display</b></td></tr><tr><td style=\"white-space:nowrap\"><a name=\"x-http://example.org/CodeSystem/TBCSTreatmentCategoryCS-FIRST_LINE_TREATMENT\"> </a>\u00a0\u00a0<a href=\"CodeSystem-TBCSTreatmentCategoryCS.html#TBCSTreatmentCategoryCS-FIRST_LINE_TREATMENT\">FIRST_LINE_TREATMENT</a></td><td>http://example.org/CodeSystem/TBCSTreatmentCategoryCS</td><td>First-line Treatment</td></tr><tr><td style=\"white-space:nowrap\"><a name=\"x-http://example.org/CodeSystem/TBCSTreatmentCategoryCS-SECOND_LINE_TREATMENT\"> </a>\u00a0\u00a0<a href=\"CodeSystem-TBCSTreatmentCategoryCS.html#TBCSTreatmentCategoryCS-SECOND_LINE_TREATMENT\">SECOND_LINE_TREATMENT</a></td><td>http://example.org/CodeSystem/TBCSTreatmentCategoryCS</td><td>Second-line Treatment</td></tr></table></div>"
      },
      "url" : "http://example.org/ValueSet/TBCSTreatmentCategoryVS",
      "version" : "0.1.0",
      "name" : "TBCSTreatmentCategoryVS",
      "title" : "TB CS - Treatment category value set",
      "status" : "active",
      "experimental" : true,
      "expansion" : {
        "identifier" : "urn:uuid:7824f2b8-72ea-4f0f-a2e6-4db43f84aade",
        "timestamp" : "2025-01-06T08:12:32+00:00",
        "total" : 2,
        "offset" : 0,
        "parameter" : [{
          "name" : "count",
          "valueInteger" : 1000
        },
        {
          "name" : "offset",
          "valueInteger" : 0
        },
        {
          "name" : "excludeNested",
          "valueBoolean" : false
        },
        {
          "name" : "warning-draft",
          "valueUri" : "http://example.org/CodeSystem/TBCSTreatmentCategoryCS|0.1.0"
        },
        {
          "name" : "used-codesystem",
          "valueUri" : "http://example.org/CodeSystem/TBCSTreatmentCategoryCS|0.1.0"
        }],
        "contains" : [{
          "system" : "http://example.org/CodeSystem/TBCSTreatmentCategoryCS",
          "code" : "FIRST_LINE_TREATMENT",
          "display" : "First-line Treatment"
        },
        {
          "system" : "http://example.org/CodeSystem/TBCSTreatmentCategoryCS",
          "code" : "SECOND_LINE_TREATMENT",
          "display" : "Second-line Treatment"
        }]
      }
    }
  },
  {
    "fullUrl" : "http://example.org/ValueSet/TBCSResistanceClassificationVS",
    "resource" : {
      "resourceType" : "ValueSet",
      "meta" : {
        "profile" : ["http://hl7.org/fhir/uv/crmi/StructureDefinition/crmi-shareablevalueset",
        "http://hl7.org/fhir/uv/crmi/StructureDefinition/crmi-publishablevalueset",
        "http://hl7.org/fhir/uv/crmi/StructureDefinition/crmi-computablevalueset"]
      },
      "text" : {
        "status" : "generated",
        "div" : "<div xmlns=\"http://www.w3.org/1999/xhtml\"><p class=\"res-header-id\"><b>Generated Narrative: ValueSet </b></p><p style=\"border: black 1px dotted; background-color: #EEEEEE; padding: 8px; margin-bottom: 8px\">Expansion based on <a href=\"CodeSystem-TBCSResistanceClassificationCS.html\">codesystem TB CS - Resistance Classification v0.1.0 (CodeSystem)</a></p><p>This value set contains 4 concepts</p><table class=\"codes\"><tr><td style=\"white-space:nowrap\"><b>Code</b></td><td><b>System</b></td><td><b>Display</b></td></tr><tr><td style=\"white-space:nowrap\"><a name=\"x-http://example.org/CodeSystem/TBCSResistanceClassificationCS-DS\"> </a>\u00a0\u00a0<a href=\"CodeSystem-TBCSResistanceClassificationCS.html#TBCSResistanceClassificationCS-DS\">DS</a></td><td>http://example.org/CodeSystem/TBCSResistanceClassificationCS</td><td>DS (drug-susceptible TB)</td></tr><tr><td style=\"white-space:nowrap\"><a name=\"x-http://example.org/CodeSystem/TBCSResistanceClassificationCS-RR\"> </a>\u00a0\u00a0<a href=\"CodeSystem-TBCSResistanceClassificationCS.html#TBCSResistanceClassificationCS-RR\">RR</a></td><td>http://example.org/CodeSystem/TBCSResistanceClassificationCS</td><td>RR (rifampicin resistant TB)</td></tr><tr><td style=\"white-space:nowrap\"><a name=\"x-http://example.org/CodeSystem/TBCSResistanceClassificationCS-MDR\"> </a>\u00a0\u00a0<a href=\"CodeSystem-TBCSResistanceClassificationCS.html#TBCSResistanceClassificationCS-MDR\">MDR</a></td><td>http://example.org/CodeSystem/TBCSResistanceClassificationCS</td><td>MDR (multidrug resistant TB)</td></tr><tr><td style=\"white-space:nowrap\"><a name=\"x-http://example.org/CodeSystem/TBCSResistanceClassificationCS-XDR\"> </a>\u00a0\u00a0<a href=\"CodeSystem-TBCSResistanceClassificationCS.html#TBCSResistanceClassificationCS-XDR\">XDR</a></td><td>http://example.org/CodeSystem/TBCSResistanceClassificationCS</td><td>XDR (extensive drug resistant TB)</td></tr></table></div>"
      },
      "url" : "http://example.org/ValueSet/TBCSResistanceClassificationVS",
      "version" : "0.1.0",
      "name" : "TBCSResistanceClassificationVS",
      "title" : "TB CS - Resistance Classification value set",
      "status" : "active",
      "experimental" : true,
      "expansion" : {
        "identifier" : "urn:uuid:0963278d-5ffa-4345-8291-93df77dcbc94",
        "timestamp" : "2025-01-06T08:12:32+00:00",
        "total" : 4,
        "offset" : 0,
        "parameter" : [{
          "name" : "count",
          "valueInteger" : 1000
        },
        {
          "name" : "offset",
          "valueInteger" : 0
        },
        {
          "name" : "excludeNested",
          "valueBoolean" : false
        },
        {
          "name" : "warning-draft",
          "valueUri" : "http://example.org/CodeSystem/TBCSResistanceClassificationCS|0.1.0"
        },
        {
          "name" : "used-codesystem",
          "valueUri" : "http://example.org/CodeSystem/TBCSResistanceClassificationCS|0.1.0"
        }],
        "contains" : [{
          "system" : "http://example.org/CodeSystem/TBCSResistanceClassificationCS",
          "code" : "DS",
          "display" : "DS (drug-susceptible TB)"
        },
        {
          "system" : "http://example.org/CodeSystem/TBCSResistanceClassificationCS",
          "code" : "RR",
          "display" : "RR (rifampicin resistant TB)"
        },
        {
          "system" : "http://example.org/CodeSystem/TBCSResistanceClassificationCS",
          "code" : "MDR",
          "display" : "MDR (multidrug resistant TB)"
        },
        {
          "system" : "http://example.org/CodeSystem/TBCSResistanceClassificationCS",
          "code" : "XDR",
          "display" : "XDR (extensive drug resistant TB)"
        }]
      }
    }
  },
  {
    "fullUrl" : "http://example.org/ValueSet/GENYesNoUnknownVS",
    "resource" : {
      "resourceType" : "ValueSet",
      "meta" : {
        "profile" : ["http://hl7.org/fhir/uv/crmi/StructureDefinition/crmi-shareablevalueset",
        "http://hl7.org/fhir/uv/crmi/StructureDefinition/crmi-publishablevalueset",
        "http://hl7.org/fhir/uv/crmi/StructureDefinition/crmi-computablevalueset"]
      },
      "text" : {
        "status" : "generated",
        "div" : "<div xmlns=\"http://www.w3.org/1999/xhtml\"><p class=\"res-header-id\"><b>Generated Narrative: ValueSet </b></p><p style=\"border: black 1px dotted; background-color: #EEEEEE; padding: 8px; margin-bottom: 8px\">Expansion based on <a href=\"CodeSystem-GENYesNoUnknownCS.html\">codesystem GEN - Yes/No/Unknown v0.1.0 (CodeSystem)</a></p><p>This value set contains 3 concepts</p><table class=\"codes\"><tr><td style=\"white-space:nowrap\"><b>Code</b></td><td><b>System</b></td><td><b>Display</b></td></tr><tr><td style=\"white-space:nowrap\"><a name=\"x-http://example.org/CodeSystem/GENYesNoUnknownCS-NO\"> </a>\u00a0\u00a0<a href=\"CodeSystem-GENYesNoUnknownCS.html#GENYesNoUnknownCS-NO\">NO</a></td><td>http://example.org/CodeSystem/GENYesNoUnknownCS</td><td>No</td></tr><tr><td style=\"white-space:nowrap\"><a name=\"x-http://example.org/CodeSystem/GENYesNoUnknownCS-UNKNOWN\"> </a>\u00a0\u00a0<a href=\"CodeSystem-GENYesNoUnknownCS.html#GENYesNoUnknownCS-UNKNOWN\">UNKNOWN</a></td><td>http://example.org/CodeSystem/GENYesNoUnknownCS</td><td>Unknown</td></tr><tr><td style=\"white-space:nowrap\"><a name=\"x-http://example.org/CodeSystem/GENYesNoUnknownCS-YES\"> </a>\u00a0\u00a0<a href=\"CodeSystem-GENYesNoUnknownCS.html#GENYesNoUnknownCS-YES\">YES</a></td><td>http://example.org/CodeSystem/GENYesNoUnknownCS</td><td>Yes</td></tr></table></div>"
      },
      "url" : "http://example.org/ValueSet/GENYesNoUnknownVS",
      "version" : "0.1.0",
      "name" : "GENYesNoUnknownVS",
      "title" : "GEN - Yes/No/Unknown value set",
      "status" : "active",
      "experimental" : true,
      "expansion" : {
        "identifier" : "urn:uuid:051c5504-f350-4b7b-95b9-296b7e31d995",
        "timestamp" : "2025-01-06T08:12:32+00:00",
        "total" : 3,
        "offset" : 0,
        "parameter" : [{
          "name" : "count",
          "valueInteger" : 1000
        },
        {
          "name" : "offset",
          "valueInteger" : 0
        },
        {
          "name" : "excludeNested",
          "valueBoolean" : false
        },
        {
          "name" : "warning-draft",
          "valueUri" : "http://example.org/CodeSystem/GENYesNoUnknownCS|0.1.0"
        },
        {
          "name" : "used-codesystem",
          "valueUri" : "http://example.org/CodeSystem/GENYesNoUnknownCS|0.1.0"
        }],
        "contains" : [{
          "system" : "http://example.org/CodeSystem/GENYesNoUnknownCS",
          "code" : "NO",
          "display" : "No"
        },
        {
          "system" : "http://example.org/CodeSystem/GENYesNoUnknownCS",
          "code" : "UNKNOWN",
          "display" : "Unknown"
        },
        {
          "system" : "http://example.org/CodeSystem/GENYesNoUnknownCS",
          "code" : "YES",
          "display" : "Yes"
        }]
      }
    }
  },
  {
    "fullUrl" : "http://example.org/ValueSet/RRTGENSexVS",
    "resource" : {
      "resourceType" : "ValueSet",
      "meta" : {
        "profile" : ["http://hl7.org/fhir/uv/crmi/StructureDefinition/crmi-shareablevalueset",
        "http://hl7.org/fhir/uv/crmi/StructureDefinition/crmi-publishablevalueset",
        "http://hl7.org/fhir/uv/crmi/StructureDefinition/crmi-computablevalueset"]
      },
      "text" : {
        "status" : "generated",
        "div" : "<div xmlns=\"http://www.w3.org/1999/xhtml\"><p class=\"res-header-id\"><b>Generated Narrative: ValueSet </b></p><p style=\"border: black 1px dotted; background-color: #EEEEEE; padding: 8px; margin-bottom: 8px\">Expansion based on <a href=\"CodeSystem-RRTGENSexCS.html\">codesystem RRT - GEN - Sex v0.1.0 (CodeSystem)</a></p><p>This value set contains 2 concepts</p><table class=\"codes\"><tr><td style=\"white-space:nowrap\"><b>Code</b></td><td><b>System</b></td><td><b>Display</b></td></tr><tr><td style=\"white-space:nowrap\"><a name=\"x-http://example.org/CodeSystem/RRTGENSexCS-FEMALE\"> </a>\u00a0\u00a0<a href=\"CodeSystem-RRTGENSexCS.html#RRTGENSexCS-FEMALE\">FEMALE</a></td><td>http://example.org/CodeSystem/RRTGENSexCS</td><td>Female</td></tr><tr><td style=\"white-space:nowrap\"><a name=\"x-http://example.org/CodeSystem/RRTGENSexCS-MALE\"> </a>\u00a0\u00a0<a href=\"CodeSystem-RRTGENSexCS.html#RRTGENSexCS-MALE\">MALE</a></td><td>http://example.org/CodeSystem/RRTGENSexCS</td><td>Male</td></tr></table></div>"
      },
      "url" : "http://example.org/ValueSet/RRTGENSexVS",
      "version" : "0.1.0",
      "name" : "RRTGENSexVS",
      "title" : "RRT - GEN - Sex value set",
      "status" : "active",
      "experimental" : true,
      "expansion" : {
        "identifier" : "urn:uuid:301ddea9-5df4-4b3b-97e2-2842a4a5f9f9",
        "timestamp" : "2025-01-06T08:12:32+00:00",
        "total" : 2,
        "offset" : 0,
        "parameter" : [{
          "name" : "count",
          "valueInteger" : 1000
        },
        {
          "name" : "offset",
          "valueInteger" : 0
        },
        {
          "name" : "excludeNested",
          "valueBoolean" : false
        },
        {
          "name" : "warning-draft",
          "valueUri" : "http://example.org/CodeSystem/RRTGENSexCS|0.1.0"
        },
        {
          "name" : "used-codesystem",
          "valueUri" : "http://example.org/CodeSystem/RRTGENSexCS|0.1.0"
        }],
        "contains" : [{
          "system" : "http://example.org/CodeSystem/RRTGENSexCS",
          "code" : "FEMALE",
          "display" : "Female"
        },
        {
          "system" : "http://example.org/CodeSystem/RRTGENSexCS",
          "code" : "MALE",
          "display" : "Male"
        }]
      }
    }
  },
  {
    "fullUrl" : "http://example.org/ValueSet/SusceptibleResistantIndeterminateVS",
    "resource" : {
      "resourceType" : "ValueSet",
      "meta" : {
        "profile" : ["http://hl7.org/fhir/uv/crmi/StructureDefinition/crmi-shareablevalueset",
        "http://hl7.org/fhir/uv/crmi/StructureDefinition/crmi-publishablevalueset",
        "http://hl7.org/fhir/uv/crmi/StructureDefinition/crmi-computablevalueset"]
      },
      "text" : {
        "status" : "generated",
        "div" : "<div xmlns=\"http://www.w3.org/1999/xhtml\"><p class=\"res-header-id\"><b>Generated Narrative: ValueSet </b></p><p style=\"border: black 1px dotted; background-color: #EEEEEE; padding: 8px; margin-bottom: 8px\">Expansion based on <a href=\"CodeSystem-SusceptibleResistantIndeterminateCS.html\">codesystem Susceptible/Resistant/Indeterminate v0.1.0 (CodeSystem)</a></p><p>This value set contains 3 concepts</p><table class=\"codes\"><tr><td style=\"white-space:nowrap\"><b>Code</b></td><td><b>System</b></td><td><b>Display</b></td></tr><tr><td style=\"white-space:nowrap\"><a name=\"x-http://example.org/CodeSystem/SusceptibleResistantIndeterminateCS-SUSCEPTIBLE\"> </a>\u00a0\u00a0<a href=\"CodeSystem-SusceptibleResistantIndeterminateCS.html#SusceptibleResistantIndeterminateCS-SUSCEPTIBLE\">SUSCEPTIBLE</a></td><td>http://example.org/CodeSystem/SusceptibleResistantIndeterminateCS</td><td>Susceptible</td></tr><tr><td style=\"white-space:nowrap\"><a name=\"x-http://example.org/CodeSystem/SusceptibleResistantIndeterminateCS-RESISTANT\"> </a>\u00a0\u00a0<a href=\"CodeSystem-SusceptibleResistantIndeterminateCS.html#SusceptibleResistantIndeterminateCS-RESISTANT\">RESISTANT</a></td><td>http://example.org/CodeSystem/SusceptibleResistantIndeterminateCS</td><td>Resistant</td></tr><tr><td style=\"white-space:nowrap\"><a name=\"x-http://example.org/CodeSystem/SusceptibleResistantIndeterminateCS-INDETERMINATE\"> </a>\u00a0\u00a0<a href=\"CodeSystem-SusceptibleResistantIndeterminateCS.html#SusceptibleResistantIndeterminateCS-INDETERMINATE\">INDETERMINATE</a></td><td>http://example.org/CodeSystem/SusceptibleResistantIndeterminateCS</td><td>Indeterminate</td></tr></table></div>"
      },
      "url" : "http://example.org/ValueSet/SusceptibleResistantIndeterminateVS",
      "version" : "0.1.0",
      "name" : "SusceptibleResistantIndeterminateVS",
      "title" : "Susceptible/Resistant/Indeterminate value set",
      "status" : "active",
      "experimental" : true,
      "date" : "2025-01-06T08:12:15+00:00",
      "expansion" : {
        "identifier" : "urn:uuid:e38a028c-3f4f-4b04-886a-fa70fc48e61a",
        "timestamp" : "2025-01-06T08:12:36+00:00",
        "total" : 3,
        "offset" : 0,
        "parameter" : [{
          "name" : "count",
          "valueInteger" : 1000
        },
        {
          "name" : "offset",
          "valueInteger" : 0
        },
        {
          "name" : "excludeNested",
          "valueBoolean" : false
        },
        {
          "name" : "warning-draft",
          "valueUri" : "http://example.org/CodeSystem/SusceptibleResistantIndeterminateCS|0.1.0"
        },
        {
          "name" : "used-codesystem",
          "valueUri" : "http://example.org/CodeSystem/SusceptibleResistantIndeterminateCS|0.1.0"
        }],
        "contains" : [{
          "system" : "http://example.org/CodeSystem/SusceptibleResistantIndeterminateCS",
          "code" : "SUSCEPTIBLE",
          "display" : "Susceptible"
        },
        {
          "system" : "http://example.org/CodeSystem/SusceptibleResistantIndeterminateCS",
          "code" : "RESISTANT",
          "display" : "Resistant"
        },
        {
          "system" : "http://example.org/CodeSystem/SusceptibleResistantIndeterminateCS",
          "code" : "INDETERMINATE",
          "display" : "Indeterminate"
        }]
      }
    }
  },
  {
    "fullUrl" : "http://example.org/ValueSet/TBCSConfirmationMethodVS",
    "resource" : {
      "resourceType" : "ValueSet",
      "meta" : {
        "profile" : ["http://hl7.org/fhir/uv/crmi/StructureDefinition/crmi-shareablevalueset",
        "http://hl7.org/fhir/uv/crmi/StructureDefinition/crmi-publishablevalueset",
        "http://hl7.org/fhir/uv/crmi/StructureDefinition/crmi-computablevalueset"]
      },
      "text" : {
        "status" : "generated",
        "div" : "<div xmlns=\"http://www.w3.org/1999/xhtml\"><p class=\"res-header-id\"><b>Generated Narrative: ValueSet </b></p><p style=\"border: black 1px dotted; background-color: #EEEEEE; padding: 8px; margin-bottom: 8px\">Expansion based on <a href=\"CodeSystem-TBCSConfirmationMethodCS.html\">codesystem TB CS - Confirmation method v0.1.0 (CodeSystem)</a></p><p>This value set contains 2 concepts</p><table class=\"codes\"><tr><td style=\"white-space:nowrap\"><b>Code</b></td><td><b>System</b></td><td><b>Display</b></td></tr><tr><td style=\"white-space:nowrap\"><a name=\"x-http://example.org/CodeSystem/TBCSConfirmationMethodCS-CLINDX\"> </a>\u00a0\u00a0<a href=\"CodeSystem-TBCSConfirmationMethodCS.html#TBCSConfirmationMethodCS-CLINDX\">CLINDX</a></td><td>http://example.org/CodeSystem/TBCSConfirmationMethodCS</td><td>Clinically diagnosed</td></tr><tr><td style=\"white-space:nowrap\"><a name=\"x-http://example.org/CodeSystem/TBCSConfirmationMethodCS-LABCONF\"> </a>\u00a0\u00a0<a href=\"CodeSystem-TBCSConfirmationMethodCS.html#TBCSConfirmationMethodCS-LABCONF\">LABCONF</a></td><td>http://example.org/CodeSystem/TBCSConfirmationMethodCS</td><td>Bacteriologically confirmed</td></tr></table></div>"
      },
      "url" : "http://example.org/ValueSet/TBCSConfirmationMethodVS",
      "version" : "0.1.0",
      "name" : "TBCSConfirmationMethodVS",
      "title" : "TB CS - Confirmation method value set",
      "status" : "active",
      "experimental" : true,
      "date" : "2025-01-06T08:12:15+00:00",
      "expansion" : {
        "identifier" : "urn:uuid:23537955-88a3-4539-ba2c-ae00689b68b7",
        "timestamp" : "2025-01-06T08:12:36+00:00",
        "total" : 2,
        "offset" : 0,
        "parameter" : [{
          "name" : "count",
          "valueInteger" : 1000
        },
        {
          "name" : "offset",
          "valueInteger" : 0
        },
        {
          "name" : "excludeNested",
          "valueBoolean" : false
        },
        {
          "name" : "warning-draft",
          "valueUri" : "http://example.org/CodeSystem/TBCSConfirmationMethodCS|0.1.0"
        },
        {
          "name" : "used-codesystem",
          "valueUri" : "http://example.org/CodeSystem/TBCSConfirmationMethodCS|0.1.0"
        }],
        "contains" : [{
          "system" : "http://example.org/CodeSystem/TBCSConfirmationMethodCS",
          "code" : "CLINDX",
          "display" : "Clinically diagnosed"
        },
        {
          "system" : "http://example.org/CodeSystem/TBCSConfirmationMethodCS",
          "code" : "LABCONF",
          "display" : "Bacteriologically confirmed"
        }]
      }
    }
  },
  {
    "fullUrl" : "http://example.org/ValueSet/TBCSDenotificationReasonsVS",
    "resource" : {
      "resourceType" : "ValueSet",
      "meta" : {
        "profile" : ["http://hl7.org/fhir/uv/crmi/StructureDefinition/crmi-shareablevalueset",
        "http://hl7.org/fhir/uv/crmi/StructureDefinition/crmi-publishablevalueset",
        "http://hl7.org/fhir/uv/crmi/StructureDefinition/crmi-computablevalueset"]
      },
      "text" : {
        "status" : "generated",
        "div" : "<div xmlns=\"http://www.w3.org/1999/xhtml\"><p class=\"res-header-id\"><b>Generated Narrative: ValueSet </b></p><p style=\"border: black 1px dotted; background-color: #EEEEEE; padding: 8px; margin-bottom: 8px\">Expansion based on <a href=\"CodeSystem-TBCSDenotificationReasonsCS.html\">codesystem TB CS - Denotification reasons v0.1.0 (CodeSystem)</a></p><p>This value set contains 2 concepts</p><table class=\"codes\"><tr><td style=\"white-space:nowrap\"><b>Code</b></td><td><b>System</b></td><td><b>Display</b></td></tr><tr><td style=\"white-space:nowrap\"><a name=\"x-http://example.org/CodeSystem/TBCSDenotificationReasonsCS-NOT_TB\"> </a>\u00a0\u00a0<a href=\"CodeSystem-TBCSDenotificationReasonsCS.html#TBCSDenotificationReasonsCS-NOT_TB\">NOT_TB</a></td><td>http://example.org/CodeSystem/TBCSDenotificationReasonsCS</td><td>Not a TB Case</td></tr><tr><td style=\"white-space:nowrap\"><a name=\"x-http://example.org/CodeSystem/TBCSDenotificationReasonsCS-DUPLICATE\"> </a>\u00a0\u00a0<a href=\"CodeSystem-TBCSDenotificationReasonsCS.html#TBCSDenotificationReasonsCS-DUPLICATE\">DUPLICATE</a></td><td>http://example.org/CodeSystem/TBCSDenotificationReasonsCS</td><td>Duplicate</td></tr></table></div>"
      },
      "url" : "http://example.org/ValueSet/TBCSDenotificationReasonsVS",
      "version" : "0.1.0",
      "name" : "TBCSDenotificationReasonsVS",
      "title" : "TB CS - Denotification reasons value set",
      "status" : "active",
      "experimental" : true,
      "expansion" : {
        "identifier" : "urn:uuid:f2360d9e-9377-4eeb-9ea0-757b73ed6cc2",
        "timestamp" : "2025-01-06T08:12:32+00:00",
        "total" : 2,
        "offset" : 0,
        "parameter" : [{
          "name" : "count",
          "valueInteger" : 1000
        },
        {
          "name" : "offset",
          "valueInteger" : 0
        },
        {
          "name" : "excludeNested",
          "valueBoolean" : false
        },
        {
          "name" : "warning-draft",
          "valueUri" : "http://example.org/CodeSystem/TBCSDenotificationReasonsCS|0.1.0"
        },
        {
          "name" : "used-codesystem",
          "valueUri" : "http://example.org/CodeSystem/TBCSDenotificationReasonsCS|0.1.0"
        }],
        "contains" : [{
          "system" : "http://example.org/CodeSystem/TBCSDenotificationReasonsCS",
          "code" : "NOT_TB",
          "display" : "Not a TB Case"
        },
        {
          "system" : "http://example.org/CodeSystem/TBCSDenotificationReasonsCS",
          "code" : "DUPLICATE",
          "display" : "Duplicate"
        }]
      }
    }
  },
  {
    "fullUrl" : "http://example.org/ValueSet/TBCSResistanceClassificationVS",
    "resource" : {
      "resourceType" : "ValueSet",
      "meta" : {
        "profile" : ["http://hl7.org/fhir/uv/crmi/StructureDefinition/crmi-shareablevalueset",
        "http://hl7.org/fhir/uv/crmi/StructureDefinition/crmi-publishablevalueset",
        "http://hl7.org/fhir/uv/crmi/StructureDefinition/crmi-computablevalueset"]
      },
      "text" : {
        "status" : "generated",
        "div" : "<div xmlns=\"http://www.w3.org/1999/xhtml\"><p class=\"res-header-id\"><b>Generated Narrative: ValueSet </b></p><p style=\"border: black 1px dotted; background-color: #EEEEEE; padding: 8px; margin-bottom: 8px\">Expansion based on <a href=\"CodeSystem-TBCSResistanceClassificationCS.html\">codesystem TB CS - Resistance Classification v0.1.0 (CodeSystem)</a></p><p>This value set contains 4 concepts</p><table class=\"codes\"><tr><td style=\"white-space:nowrap\"><b>Code</b></td><td><b>System</b></td><td><b>Display</b></td></tr><tr><td style=\"white-space:nowrap\"><a name=\"x-http://example.org/CodeSystem/TBCSResistanceClassificationCS-DS\"> </a>\u00a0\u00a0<a href=\"CodeSystem-TBCSResistanceClassificationCS.html#TBCSResistanceClassificationCS-DS\">DS</a></td><td>http://example.org/CodeSystem/TBCSResistanceClassificationCS</td><td>DS (drug-susceptible TB)</td></tr><tr><td style=\"white-space:nowrap\"><a name=\"x-http://example.org/CodeSystem/TBCSResistanceClassificationCS-RR\"> </a>\u00a0\u00a0<a href=\"CodeSystem-TBCSResistanceClassificationCS.html#TBCSResistanceClassificationCS-RR\">RR</a></td><td>http://example.org/CodeSystem/TBCSResistanceClassificationCS</td><td>RR (rifampicin resistant TB)</td></tr><tr><td style=\"white-space:nowrap\"><a name=\"x-http://example.org/CodeSystem/TBCSResistanceClassificationCS-MDR\"> </a>\u00a0\u00a0<a href=\"CodeSystem-TBCSResistanceClassificationCS.html#TBCSResistanceClassificationCS-MDR\">MDR</a></td><td>http://example.org/CodeSystem/TBCSResistanceClassificationCS</td><td>MDR (multidrug resistant TB)</td></tr><tr><td style=\"white-space:nowrap\"><a name=\"x-http://example.org/CodeSystem/TBCSResistanceClassificationCS-XDR\"> </a>\u00a0\u00a0<a href=\"CodeSystem-TBCSResistanceClassificationCS.html#TBCSResistanceClassificationCS-XDR\">XDR</a></td><td>http://example.org/CodeSystem/TBCSResistanceClassificationCS</td><td>XDR (extensive drug resistant TB)</td></tr></table></div>"
      },
      "url" : "http://example.org/ValueSet/TBCSResistanceClassificationVS",
      "version" : "0.1.0",
      "name" : "TBCSResistanceClassificationVS",
      "title" : "TB CS - Resistance Classification value set",
      "status" : "active",
      "experimental" : true,
      "expansion" : {
        "identifier" : "urn:uuid:0963278d-5ffa-4345-8291-93df77dcbc94",
        "timestamp" : "2025-01-06T08:12:32+00:00",
        "total" : 4,
        "offset" : 0,
        "parameter" : [{
          "name" : "count",
          "valueInteger" : 1000
        },
        {
          "name" : "offset",
          "valueInteger" : 0
        },
        {
          "name" : "excludeNested",
          "valueBoolean" : false
        },
        {
          "name" : "warning-draft",
          "valueUri" : "http://example.org/CodeSystem/TBCSResistanceClassificationCS|0.1.0"
        },
        {
          "name" : "used-codesystem",
          "valueUri" : "http://example.org/CodeSystem/TBCSResistanceClassificationCS|0.1.0"
        }],
        "contains" : [{
          "system" : "http://example.org/CodeSystem/TBCSResistanceClassificationCS",
          "code" : "DS",
          "display" : "DS (drug-susceptible TB)"
        },
        {
          "system" : "http://example.org/CodeSystem/TBCSResistanceClassificationCS",
          "code" : "RR",
          "display" : "RR (rifampicin resistant TB)"
        },
        {
          "system" : "http://example.org/CodeSystem/TBCSResistanceClassificationCS",
          "code" : "MDR",
          "display" : "MDR (multidrug resistant TB)"
        },
        {
          "system" : "http://example.org/CodeSystem/TBCSResistanceClassificationCS",
          "code" : "XDR",
          "display" : "XDR (extensive drug resistant TB)"
        }]
      }
    }
  },
  {
    "fullUrl" : "http://example.org/ValueSet/TBCSSiteOfDiseaseVS",
    "resource" : {
      "resourceType" : "ValueSet",
      "meta" : {
        "profile" : ["http://hl7.org/fhir/uv/crmi/StructureDefinition/crmi-shareablevalueset",
        "http://hl7.org/fhir/uv/crmi/StructureDefinition/crmi-publishablevalueset",
        "http://hl7.org/fhir/uv/crmi/StructureDefinition/crmi-computablevalueset"]
      },
      "text" : {
        "status" : "generated",
        "div" : "<div xmlns=\"http://www.w3.org/1999/xhtml\"><p class=\"res-header-id\"><b>Generated Narrative: ValueSet </b></p><p style=\"border: black 1px dotted; background-color: #EEEEEE; padding: 8px; margin-bottom: 8px\">Expansion based on <a href=\"CodeSystem-TBCSSiteOfDiseaseCS.html\">codesystem TB CS - Site of disease v0.1.0 (CodeSystem)</a></p><p>This value set contains 3 concepts</p><table class=\"codes\"><tr><td style=\"white-space:nowrap\"><b>Code</b></td><td><b>System</b></td><td><b>Display</b></td></tr><tr><td style=\"white-space:nowrap\"><a name=\"x-http://example.org/CodeSystem/TBCSSiteOfDiseaseCS-SITE_PULMONARY\"> </a>\u00a0\u00a0<a href=\"CodeSystem-TBCSSiteOfDiseaseCS.html#TBCSSiteOfDiseaseCS-SITE_PULMONARY\">SITE_PULMONARY</a></td><td>http://example.org/CodeSystem/TBCSSiteOfDiseaseCS</td><td>Pulmonary</td></tr><tr><td style=\"white-space:nowrap\"><a name=\"x-http://example.org/CodeSystem/TBCSSiteOfDiseaseCS-SITE_EXTRA_PULMONARY\"> </a>\u00a0\u00a0<a href=\"CodeSystem-TBCSSiteOfDiseaseCS.html#TBCSSiteOfDiseaseCS-SITE_EXTRA_PULMONARY\">SITE_EXTRA_PULMONARY</a></td><td>http://example.org/CodeSystem/TBCSSiteOfDiseaseCS</td><td>Extra-pulmonary</td></tr><tr><td style=\"white-space:nowrap\"><a name=\"x-http://example.org/CodeSystem/TBCSSiteOfDiseaseCS-SITE_BOTH\"> </a>\u00a0\u00a0<a href=\"CodeSystem-TBCSSiteOfDiseaseCS.html#TBCSSiteOfDiseaseCS-SITE_BOTH\">SITE_BOTH</a></td><td>http://example.org/CodeSystem/TBCSSiteOfDiseaseCS</td><td>Pulmonary and extra-pulmonary</td></tr></table></div>"
      },
      "url" : "http://example.org/ValueSet/TBCSSiteOfDiseaseVS",
      "version" : "0.1.0",
      "name" : "TBCSSiteOfDiseaseVS",
      "title" : "TB CS - Site of disease value set",
      "status" : "active",
      "experimental" : true,
      "date" : "2025-01-06T08:12:15+00:00",
      "expansion" : {
        "identifier" : "urn:uuid:2d15e14c-07f0-4e7b-8084-80f758bbe2a9",
        "timestamp" : "2025-01-06T08:12:36+00:00",
        "total" : 3,
        "offset" : 0,
        "parameter" : [{
          "name" : "count",
          "valueInteger" : 1000
        },
        {
          "name" : "offset",
          "valueInteger" : 0
        },
        {
          "name" : "excludeNested",
          "valueBoolean" : false
        },
        {
          "name" : "warning-draft",
          "valueUri" : "http://example.org/CodeSystem/TBCSSiteOfDiseaseCS|0.1.0"
        },
        {
          "name" : "used-codesystem",
          "valueUri" : "http://example.org/CodeSystem/TBCSSiteOfDiseaseCS|0.1.0"
        }],
        "contains" : [{
          "system" : "http://example.org/CodeSystem/TBCSSiteOfDiseaseCS",
          "code" : "SITE_PULMONARY",
          "display" : "Pulmonary"
        },
        {
          "system" : "http://example.org/CodeSystem/TBCSSiteOfDiseaseCS",
          "code" : "SITE_EXTRA_PULMONARY",
          "display" : "Extra-pulmonary"
        },
        {
          "system" : "http://example.org/CodeSystem/TBCSSiteOfDiseaseCS",
          "code" : "SITE_BOTH",
          "display" : "Pulmonary and extra-pulmonary"
        }]
      }
    }
  },
  {
    "fullUrl" : "http://example.org/ValueSet/TBCSTreatmentCategoryVS",
    "resource" : {
      "resourceType" : "ValueSet",
      "meta" : {
        "profile" : ["http://hl7.org/fhir/uv/crmi/StructureDefinition/crmi-shareablevalueset",
        "http://hl7.org/fhir/uv/crmi/StructureDefinition/crmi-publishablevalueset",
        "http://hl7.org/fhir/uv/crmi/StructureDefinition/crmi-computablevalueset"]
      },
      "text" : {
        "status" : "generated",
        "div" : "<div xmlns=\"http://www.w3.org/1999/xhtml\"><p class=\"res-header-id\"><b>Generated Narrative: ValueSet </b></p><p style=\"border: black 1px dotted; background-color: #EEEEEE; padding: 8px; margin-bottom: 8px\">Expansion based on <a href=\"CodeSystem-TBCSTreatmentCategoryCS.html\">codesystem TB CS - Treatment category v0.1.0 (CodeSystem)</a></p><p>This value set contains 2 concepts</p><table class=\"codes\"><tr><td style=\"white-space:nowrap\"><b>Code</b></td><td><b>System</b></td><td><b>Display</b></td></tr><tr><td style=\"white-space:nowrap\"><a name=\"x-http://example.org/CodeSystem/TBCSTreatmentCategoryCS-FIRST_LINE_TREATMENT\"> </a>\u00a0\u00a0<a href=\"CodeSystem-TBCSTreatmentCategoryCS.html#TBCSTreatmentCategoryCS-FIRST_LINE_TREATMENT\">FIRST_LINE_TREATMENT</a></td><td>http://example.org/CodeSystem/TBCSTreatmentCategoryCS</td><td>First-line Treatment</td></tr><tr><td style=\"white-space:nowrap\"><a name=\"x-http://example.org/CodeSystem/TBCSTreatmentCategoryCS-SECOND_LINE_TREATMENT\"> </a>\u00a0\u00a0<a href=\"CodeSystem-TBCSTreatmentCategoryCS.html#TBCSTreatmentCategoryCS-SECOND_LINE_TREATMENT\">SECOND_LINE_TREATMENT</a></td><td>http://example.org/CodeSystem/TBCSTreatmentCategoryCS</td><td>Second-line Treatment</td></tr></table></div>"
      },
      "url" : "http://example.org/ValueSet/TBCSTreatmentCategoryVS",
      "version" : "0.1.0",
      "name" : "TBCSTreatmentCategoryVS",
      "title" : "TB CS - Treatment category value set",
      "status" : "active",
      "experimental" : true,
      "expansion" : {
        "identifier" : "urn:uuid:7824f2b8-72ea-4f0f-a2e6-4db43f84aade",
        "timestamp" : "2025-01-06T08:12:32+00:00",
        "total" : 2,
        "offset" : 0,
        "parameter" : [{
          "name" : "count",
          "valueInteger" : 1000
        },
        {
          "name" : "offset",
          "valueInteger" : 0
        },
        {
          "name" : "excludeNested",
          "valueBoolean" : false
        },
        {
          "name" : "warning-draft",
          "valueUri" : "http://example.org/CodeSystem/TBCSTreatmentCategoryCS|0.1.0"
        },
        {
          "name" : "used-codesystem",
          "valueUri" : "http://example.org/CodeSystem/TBCSTreatmentCategoryCS|0.1.0"
        }],
        "contains" : [{
          "system" : "http://example.org/CodeSystem/TBCSTreatmentCategoryCS",
          "code" : "FIRST_LINE_TREATMENT",
          "display" : "First-line Treatment"
        },
        {
          "system" : "http://example.org/CodeSystem/TBCSTreatmentCategoryCS",
          "code" : "SECOND_LINE_TREATMENT",
          "display" : "Second-line Treatment"
        }]
      }
    }
  },
  {
    "fullUrl" : "http://example.org/ValueSet/TBCSTreatmentHistoryVS",
    "resource" : {
      "resourceType" : "ValueSet",
      "meta" : {
        "profile" : ["http://hl7.org/fhir/uv/crmi/StructureDefinition/crmi-shareablevalueset",
        "http://hl7.org/fhir/uv/crmi/StructureDefinition/crmi-publishablevalueset",
        "http://hl7.org/fhir/uv/crmi/StructureDefinition/crmi-computablevalueset"]
      },
      "text" : {
        "status" : "generated",
        "div" : "<div xmlns=\"http://www.w3.org/1999/xhtml\"><p class=\"res-header-id\"><b>Generated Narrative: ValueSet </b></p><p style=\"border: black 1px dotted; background-color: #EEEEEE; padding: 8px; margin-bottom: 8px\">Expansion based on <a href=\"CodeSystem-TBCSTreatmentHistoryCS.html\">codesystem TB CS - Treatment history v0.1.0 (CodeSystem)</a></p><p>This value set contains 6 concepts</p><table class=\"codes\"><tr><td style=\"white-space:nowrap\"><b>Code</b></td><td><b>System</b></td><td><b>Display</b></td></tr><tr><td style=\"white-space:nowrap\"><a name=\"x-http://example.org/CodeSystem/TBCSTreatmentHistoryCS-HISTORY_NEW\"> </a>\u00a0\u00a0<a href=\"CodeSystem-TBCSTreatmentHistoryCS.html#TBCSTreatmentHistoryCS-HISTORY_NEW\">HISTORY_NEW</a></td><td>http://example.org/CodeSystem/TBCSTreatmentHistoryCS</td><td>New</td></tr><tr><td style=\"white-space:nowrap\"><a name=\"x-http://example.org/CodeSystem/TBCSTreatmentHistoryCS-HISTORY_RELAPSE\"> </a>\u00a0\u00a0<a href=\"CodeSystem-TBCSTreatmentHistoryCS.html#TBCSTreatmentHistoryCS-HISTORY_RELAPSE\">HISTORY_RELAPSE</a></td><td>http://example.org/CodeSystem/TBCSTreatmentHistoryCS</td><td>Relapse</td></tr><tr><td style=\"white-space:nowrap\"><a name=\"x-http://example.org/CodeSystem/TBCSTreatmentHistoryCS-HISTORY_FAILED\"> </a>\u00a0\u00a0<a href=\"CodeSystem-TBCSTreatmentHistoryCS.html#TBCSTreatmentHistoryCS-HISTORY_FAILED\">HISTORY_FAILED</a></td><td>http://example.org/CodeSystem/TBCSTreatmentHistoryCS</td><td>Treatment after failure</td></tr><tr><td style=\"white-space:nowrap\"><a name=\"x-http://example.org/CodeSystem/TBCSTreatmentHistoryCS-HISTORY_LOST_TO_FOLLOWUP\"> </a>\u00a0\u00a0<a href=\"CodeSystem-TBCSTreatmentHistoryCS.html#TBCSTreatmentHistoryCS-HISTORY_LOST_TO_FOLLOWUP\">HISTORY_LOST_TO_FOLLOWUP</a></td><td>http://example.org/CodeSystem/TBCSTreatmentHistoryCS</td><td>Treatment after lost to follow-up</td></tr><tr><td style=\"white-space:nowrap\"><a name=\"x-http://example.org/CodeSystem/TBCSTreatmentHistoryCS-HISTORY_OTHER_PREV\"> </a>\u00a0\u00a0<a href=\"CodeSystem-TBCSTreatmentHistoryCS.html#TBCSTreatmentHistoryCS-HISTORY_OTHER_PREV\">HISTORY_OTHER_PREV</a></td><td>http://example.org/CodeSystem/TBCSTreatmentHistoryCS</td><td>Other previously treated</td></tr><tr><td style=\"white-space:nowrap\"><a name=\"x-http://example.org/CodeSystem/TBCSTreatmentHistoryCS-HISTORY_UNKNOWN\"> </a>\u00a0\u00a0<a href=\"CodeSystem-TBCSTreatmentHistoryCS.html#TBCSTreatmentHistoryCS-HISTORY_UNKNOWN\">HISTORY_UNKNOWN</a></td><td>http://example.org/CodeSystem/TBCSTreatmentHistoryCS</td><td>Unknown</td></tr></table></div>"
      },
      "url" : "http://example.org/ValueSet/TBCSTreatmentHistoryVS",
      "version" : "0.1.0",
      "name" : "TBCSTreatmentHistoryVS",
      "title" : "TB CS - Treatment history value set",
      "status" : "active",
      "experimental" : true,
      "date" : "2025-01-06T08:12:15+00:00",
      "expansion" : {
        "identifier" : "urn:uuid:560a3b7b-fb8f-4e96-a431-011c8f89ca75",
        "timestamp" : "2025-01-06T08:12:36+00:00",
        "total" : 6,
        "offset" : 0,
        "parameter" : [{
          "name" : "count",
          "valueInteger" : 1000
        },
        {
          "name" : "offset",
          "valueInteger" : 0
        },
        {
          "name" : "excludeNested",
          "valueBoolean" : false
        },
        {
          "name" : "warning-draft",
          "valueUri" : "http://example.org/CodeSystem/TBCSTreatmentHistoryCS|0.1.0"
        },
        {
          "name" : "used-codesystem",
          "valueUri" : "http://example.org/CodeSystem/TBCSTreatmentHistoryCS|0.1.0"
        }],
        "contains" : [{
          "system" : "http://example.org/CodeSystem/TBCSTreatmentHistoryCS",
          "code" : "HISTORY_NEW",
          "display" : "New"
        },
        {
          "system" : "http://example.org/CodeSystem/TBCSTreatmentHistoryCS",
          "code" : "HISTORY_RELAPSE",
          "display" : "Relapse"
        },
        {
          "system" : "http://example.org/CodeSystem/TBCSTreatmentHistoryCS",
          "code" : "HISTORY_FAILED",
          "display" : "Treatment after failure"
        },
        {
          "system" : "http://example.org/CodeSystem/TBCSTreatmentHistoryCS",
          "code" : "HISTORY_LOST_TO_FOLLOWUP",
          "display" : "Treatment after lost to follow-up"
        },
        {
          "system" : "http://example.org/CodeSystem/TBCSTreatmentHistoryCS",
          "code" : "HISTORY_OTHER_PREV",
          "display" : "Other previously treated"
        },
        {
          "system" : "http://example.org/CodeSystem/TBCSTreatmentHistoryCS",
          "code" : "HISTORY_UNKNOWN",
          "display" : "Unknown"
        }]
      }
    }
  },
  {
    "fullUrl" : "http://example.org/ValueSet/TBCSTreatmentOutcomeVS",
    "resource" : {
      "resourceType" : "ValueSet",
      "meta" : {
        "profile" : ["http://hl7.org/fhir/uv/crmi/StructureDefinition/crmi-shareablevalueset",
        "http://hl7.org/fhir/uv/crmi/StructureDefinition/crmi-publishablevalueset",
        "http://hl7.org/fhir/uv/crmi/StructureDefinition/crmi-computablevalueset"]
      },
      "text" : {
        "status" : "generated",
        "div" : "<div xmlns=\"http://www.w3.org/1999/xhtml\"><p class=\"res-header-id\"><b>Generated Narrative: ValueSet </b></p><p style=\"border: black 1px dotted; background-color: #EEEEEE; padding: 8px; margin-bottom: 8px\">Expansion based on <a href=\"CodeSystem-TBCSTreatmentOutcomeCS.html\">codesystem TB CS - Treatment outcome v0.1.0 (CodeSystem)</a></p><p>This value set contains 6 concepts</p><table class=\"codes\"><tr><td style=\"white-space:nowrap\"><b>Code</b></td><td><b>System</b></td><td><b>Display</b></td></tr><tr><td style=\"white-space:nowrap\"><a name=\"x-http://example.org/CodeSystem/TBCSTreatmentOutcomeCS-CURED\"> </a>\u00a0\u00a0<a href=\"CodeSystem-TBCSTreatmentOutcomeCS.html#TBCSTreatmentOutcomeCS-CURED\">CURED</a></td><td>http://example.org/CodeSystem/TBCSTreatmentOutcomeCS</td><td>Cured</td></tr><tr><td style=\"white-space:nowrap\"><a name=\"x-http://example.org/CodeSystem/TBCSTreatmentOutcomeCS-COMPLETED\"> </a>\u00a0\u00a0<a href=\"CodeSystem-TBCSTreatmentOutcomeCS.html#TBCSTreatmentOutcomeCS-COMPLETED\">COMPLETED</a></td><td>http://example.org/CodeSystem/TBCSTreatmentOutcomeCS</td><td>Completed</td></tr><tr><td style=\"white-space:nowrap\"><a name=\"x-http://example.org/CodeSystem/TBCSTreatmentOutcomeCS-FAILURE\"> </a>\u00a0\u00a0<a href=\"CodeSystem-TBCSTreatmentOutcomeCS.html#TBCSTreatmentOutcomeCS-FAILURE\">FAILURE</a></td><td>http://example.org/CodeSystem/TBCSTreatmentOutcomeCS</td><td>Failed</td></tr><tr><td style=\"white-space:nowrap\"><a name=\"x-http://example.org/CodeSystem/TBCSTreatmentOutcomeCS-DIED\"> </a>\u00a0\u00a0<a href=\"CodeSystem-TBCSTreatmentOutcomeCS.html#TBCSTreatmentOutcomeCS-DIED\">DIED</a></td><td>http://example.org/CodeSystem/TBCSTreatmentOutcomeCS</td><td>Died</td></tr><tr><td style=\"white-space:nowrap\"><a name=\"x-http://example.org/CodeSystem/TBCSTreatmentOutcomeCS-LOST_TO_FOLLOW_UP\"> </a>\u00a0\u00a0<a href=\"CodeSystem-TBCSTreatmentOutcomeCS.html#TBCSTreatmentOutcomeCS-LOST_TO_FOLLOW_UP\">LOST_TO_FOLLOW_UP</a></td><td>http://example.org/CodeSystem/TBCSTreatmentOutcomeCS</td><td>Lost to follow-up</td></tr><tr><td style=\"white-space:nowrap\"><a name=\"x-http://example.org/CodeSystem/TBCSTreatmentOutcomeCS-NOT_EVALUATED\"> </a>\u00a0\u00a0<a href=\"CodeSystem-TBCSTreatmentOutcomeCS.html#TBCSTreatmentOutcomeCS-NOT_EVALUATED\">NOT_EVALUATED</a></td><td>http://example.org/CodeSystem/TBCSTreatmentOutcomeCS</td><td>Not evaluated</td></tr></table></div>"
      },
      "url" : "http://example.org/ValueSet/TBCSTreatmentOutcomeVS",
      "version" : "0.1.0",
      "name" : "TBCSTreatmentOutcomeVS",
      "title" : "TB CS - Treatment outcome value set",
      "status" : "active",
      "experimental" : true,
      "expansion" : {
        "identifier" : "urn:uuid:f81247f2-8857-4e57-bcdf-f474367f4a6b",
        "timestamp" : "2025-01-06T08:12:32+00:00",
        "total" : 6,
        "offset" : 0,
        "parameter" : [{
          "name" : "count",
          "valueInteger" : 1000
        },
        {
          "name" : "offset",
          "valueInteger" : 0
        },
        {
          "name" : "excludeNested",
          "valueBoolean" : false
        },
        {
          "name" : "warning-draft",
          "valueUri" : "http://example.org/CodeSystem/TBCSTreatmentOutcomeCS|0.1.0"
        },
        {
          "name" : "used-codesystem",
          "valueUri" : "http://example.org/CodeSystem/TBCSTreatmentOutcomeCS|0.1.0"
        }],
        "contains" : [{
          "system" : "http://example.org/CodeSystem/TBCSTreatmentOutcomeCS",
          "code" : "CURED",
          "display" : "Cured"
        },
        {
          "system" : "http://example.org/CodeSystem/TBCSTreatmentOutcomeCS",
          "code" : "COMPLETED",
          "display" : "Completed"
        },
        {
          "system" : "http://example.org/CodeSystem/TBCSTreatmentOutcomeCS",
          "code" : "FAILURE",
          "display" : "Failed"
        },
        {
          "system" : "http://example.org/CodeSystem/TBCSTreatmentOutcomeCS",
          "code" : "DIED",
          "display" : "Died"
        },
        {
          "system" : "http://example.org/CodeSystem/TBCSTreatmentOutcomeCS",
          "code" : "LOST_TO_FOLLOW_UP",
          "display" : "Lost to follow-up"
        },
        {
          "system" : "http://example.org/CodeSystem/TBCSTreatmentOutcomeCS",
          "code" : "NOT_EVALUATED",
          "display" : "Not evaluated"
        }]
      }
    }
  },
  {
    "fullUrl" : "http://example.org/ValueSet/TBLABDSTResultVS",
    "resource" : {
      "resourceType" : "ValueSet",
      "meta" : {
        "profile" : ["http://hl7.org/fhir/uv/crmi/StructureDefinition/crmi-shareablevalueset",
        "http://hl7.org/fhir/uv/crmi/StructureDefinition/crmi-publishablevalueset",
        "http://hl7.org/fhir/uv/crmi/StructureDefinition/crmi-computablevalueset"]
      },
      "text" : {
        "status" : "generated",
        "div" : "<div xmlns=\"http://www.w3.org/1999/xhtml\"><p class=\"res-header-id\"><b>Generated Narrative: ValueSet </b></p><p style=\"border: black 1px dotted; background-color: #EEEEEE; padding: 8px; margin-bottom: 8px\">Expansion based on <a href=\"CodeSystem-TBLABDSTResultCS.html\">codesystem TB-LAB - DST result v0.1.0 (CodeSystem)</a></p><p>This value set contains 4 concepts</p><table class=\"codes\"><tr><td style=\"white-space:nowrap\"><b>Code</b></td><td><b>System</b></td><td><b>Display</b></td></tr><tr><td style=\"white-space:nowrap\"><a name=\"x-http://example.org/CodeSystem/TBLABDSTResultCS-SUSCEPTIBLE\"> </a>\u00a0\u00a0<a href=\"CodeSystem-TBLABDSTResultCS.html#TBLABDSTResultCS-SUSCEPTIBLE\">SUSCEPTIBLE</a></td><td>http://example.org/CodeSystem/TBLABDSTResultCS</td><td>Susceptible</td></tr><tr><td style=\"white-space:nowrap\"><a name=\"x-http://example.org/CodeSystem/TBLABDSTResultCS-RESISTANT\"> </a>\u00a0\u00a0<a href=\"CodeSystem-TBLABDSTResultCS.html#TBLABDSTResultCS-RESISTANT\">RESISTANT</a></td><td>http://example.org/CodeSystem/TBLABDSTResultCS</td><td>Resistant</td></tr><tr><td style=\"white-space:nowrap\"><a name=\"x-http://example.org/CodeSystem/TBLABDSTResultCS-CONTAMINATED\"> </a>\u00a0\u00a0<a href=\"CodeSystem-TBLABDSTResultCS.html#TBLABDSTResultCS-CONTAMINATED\">CONTAMINATED</a></td><td>http://example.org/CodeSystem/TBLABDSTResultCS</td><td>Contaminated</td></tr><tr><td style=\"white-space:nowrap\"><a name=\"x-http://example.org/CodeSystem/TBLABDSTResultCS-INDETERMINATE\"> </a>\u00a0\u00a0<a href=\"CodeSystem-TBLABDSTResultCS.html#TBLABDSTResultCS-INDETERMINATE\">INDETERMINATE</a></td><td>http://example.org/CodeSystem/TBLABDSTResultCS</td><td>Indeterminate</td></tr></table></div>"
      },
      "url" : "http://example.org/ValueSet/TBLABDSTResultVS",
      "version" : "0.1.0",
      "name" : "TBLABDSTResultVS",
      "title" : "TB-LAB - DST result value set",
      "status" : "active",
      "experimental" : true,
      "date" : "2025-01-06T08:12:15+00:00",
      "expansion" : {
        "identifier" : "urn:uuid:eac53ed7-e3f0-4290-99b7-3c5b63d96cfd",
        "timestamp" : "2025-01-06T08:12:36+00:00",
        "total" : 4,
        "offset" : 0,
        "parameter" : [{
          "name" : "count",
          "valueInteger" : 1000
        },
        {
          "name" : "offset",
          "valueInteger" : 0
        },
        {
          "name" : "excludeNested",
          "valueBoolean" : false
        },
        {
          "name" : "warning-draft",
          "valueUri" : "http://example.org/CodeSystem/TBLABDSTResultCS|0.1.0"
        },
        {
          "name" : "used-codesystem",
          "valueUri" : "http://example.org/CodeSystem/TBLABDSTResultCS|0.1.0"
        }],
        "contains" : [{
          "system" : "http://example.org/CodeSystem/TBLABDSTResultCS",
          "code" : "SUSCEPTIBLE",
          "display" : "Susceptible"
        },
        {
          "system" : "http://example.org/CodeSystem/TBLABDSTResultCS",
          "code" : "RESISTANT",
          "display" : "Resistant"
        },
        {
          "system" : "http://example.org/CodeSystem/TBLABDSTResultCS",
          "code" : "CONTAMINATED",
          "display" : "Contaminated"
        },
        {
          "system" : "http://example.org/CodeSystem/TBLABDSTResultCS",
          "code" : "INDETERMINATE",
          "display" : "Indeterminate"
        }]
      }
    }
  },
  {
    "fullUrl" : "http://example.org/ValueSet/TBLABFinalCultureResultVS",
    "resource" : {
      "resourceType" : "ValueSet",
      "meta" : {
        "profile" : ["http://hl7.org/fhir/uv/crmi/StructureDefinition/crmi-shareablevalueset",
        "http://hl7.org/fhir/uv/crmi/StructureDefinition/crmi-publishablevalueset",
        "http://hl7.org/fhir/uv/crmi/StructureDefinition/crmi-computablevalueset"]
      },
      "text" : {
        "status" : "generated",
        "div" : "<div xmlns=\"http://www.w3.org/1999/xhtml\"><p class=\"res-header-id\"><b>Generated Narrative: ValueSet </b></p><p style=\"border: black 1px dotted; background-color: #EEEEEE; padding: 8px; margin-bottom: 8px\">Expansion based on <a href=\"CodeSystem-TBLABFinalCultureResultCS.html\">codesystem TB-LAB - Final culture result v0.1.0 (CodeSystem)</a></p><p>This value set contains 4 concepts</p><table class=\"codes\"><tr><td style=\"white-space:nowrap\"><b>Code</b></td><td><b>System</b></td><td><b>Display</b></td></tr><tr><td style=\"white-space:nowrap\"><a name=\"x-http://example.org/CodeSystem/TBLABFinalCultureResultCS-MTB\"> </a>\u00a0\u00a0<a href=\"CodeSystem-TBLABFinalCultureResultCS.html#TBLABFinalCultureResultCS-MTB\">MTB</a></td><td>http://example.org/CodeSystem/TBLABFinalCultureResultCS</td><td>MTB</td></tr><tr><td style=\"white-space:nowrap\"><a name=\"x-http://example.org/CodeSystem/TBLABFinalCultureResultCS-NTM\"> </a>\u00a0\u00a0<a href=\"CodeSystem-TBLABFinalCultureResultCS.html#TBLABFinalCultureResultCS-NTM\">NTM</a></td><td>http://example.org/CodeSystem/TBLABFinalCultureResultCS</td><td>NTM</td></tr><tr><td style=\"white-space:nowrap\"><a name=\"x-http://example.org/CodeSystem/TBLABFinalCultureResultCS-NO_GROWTH\"> </a>\u00a0\u00a0<a href=\"CodeSystem-TBLABFinalCultureResultCS.html#TBLABFinalCultureResultCS-NO_GROWTH\">NO_GROWTH</a></td><td>http://example.org/CodeSystem/TBLABFinalCultureResultCS</td><td>No growth</td></tr><tr><td style=\"white-space:nowrap\"><a name=\"x-http://example.org/CodeSystem/TBLABFinalCultureResultCS-CONTAMINATED\"> </a>\u00a0\u00a0<a href=\"CodeSystem-TBLABFinalCultureResultCS.html#TBLABFinalCultureResultCS-CONTAMINATED\">CONTAMINATED</a></td><td>http://example.org/CodeSystem/TBLABFinalCultureResultCS</td><td>Contaminated</td></tr></table></div>"
      },
      "url" : "http://example.org/ValueSet/TBLABFinalCultureResultVS",
      "version" : "0.1.0",
      "name" : "TBLABFinalCultureResultVS",
      "title" : "TB-LAB - Final culture result value set",
      "status" : "active",
      "experimental" : true,
      "date" : "2025-01-06T08:12:15+00:00",
      "expansion" : {
        "identifier" : "urn:uuid:6c3f32a4-4c8e-41c8-a360-3494e4faf7b0",
        "timestamp" : "2025-01-06T08:12:36+00:00",
        "total" : 4,
        "offset" : 0,
        "parameter" : [{
          "name" : "count",
          "valueInteger" : 1000
        },
        {
          "name" : "offset",
          "valueInteger" : 0
        },
        {
          "name" : "excludeNested",
          "valueBoolean" : false
        },
        {
          "name" : "warning-draft",
          "valueUri" : "http://example.org/CodeSystem/TBLABFinalCultureResultCS|0.1.0"
        },
        {
          "name" : "used-codesystem",
          "valueUri" : "http://example.org/CodeSystem/TBLABFinalCultureResultCS|0.1.0"
        }],
        "contains" : [{
          "system" : "http://example.org/CodeSystem/TBLABFinalCultureResultCS",
          "code" : "MTB",
          "display" : "MTB"
        },
        {
          "system" : "http://example.org/CodeSystem/TBLABFinalCultureResultCS",
          "code" : "NTM",
          "display" : "NTM"
        },
        {
          "system" : "http://example.org/CodeSystem/TBLABFinalCultureResultCS",
          "code" : "NO_GROWTH",
          "display" : "No growth"
        },
        {
          "system" : "http://example.org/CodeSystem/TBLABFinalCultureResultCS",
          "code" : "CONTAMINATED",
          "display" : "Contaminated"
        }]
      }
    }
  },
  {
    "fullUrl" : "http://example.org/ValueSet/TBLABLPASpecimenVS",
    "resource" : {
      "resourceType" : "ValueSet",
      "meta" : {
        "profile" : ["http://hl7.org/fhir/uv/crmi/StructureDefinition/crmi-shareablevalueset",
        "http://hl7.org/fhir/uv/crmi/StructureDefinition/crmi-publishablevalueset",
        "http://hl7.org/fhir/uv/crmi/StructureDefinition/crmi-computablevalueset"]
      },
      "text" : {
        "status" : "generated",
        "div" : "<div xmlns=\"http://www.w3.org/1999/xhtml\"><p class=\"res-header-id\"><b>Generated Narrative: ValueSet </b></p><p style=\"border: black 1px dotted; background-color: #EEEEEE; padding: 8px; margin-bottom: 8px\">Expansion based on <a href=\"CodeSystem-TBLABLPASpecimenCS.html\">codesystem TB-LAB - LPA specimen v0.1.0 (CodeSystem)</a></p><p>This value set contains 2 concepts</p><table class=\"codes\"><tr><td style=\"white-space:nowrap\"><b>Code</b></td><td><b>System</b></td><td><b>Display</b></td></tr><tr><td style=\"white-space:nowrap\"><a name=\"x-http://example.org/CodeSystem/TBLABLPASpecimenCS-SPUTUM_SAMPLES_OR_SEDIMENTS\"> </a>\u00a0\u00a0<a href=\"CodeSystem-TBLABLPASpecimenCS.html#TBLABLPASpecimenCS-SPUTUM_SAMPLES_OR_SEDIMENTS\">SPUTUM_SAMPLES_OR_SEDIMENTS</a></td><td>http://example.org/CodeSystem/TBLABLPASpecimenCS</td><td>Sputum samples or sediments</td></tr><tr><td style=\"white-space:nowrap\"><a name=\"x-http://example.org/CodeSystem/TBLABLPASpecimenCS-MTB_CULTURE_ISOLATES\"> </a>\u00a0\u00a0<a href=\"CodeSystem-TBLABLPASpecimenCS.html#TBLABLPASpecimenCS-MTB_CULTURE_ISOLATES\">MTB_CULTURE_ISOLATES</a></td><td>http://example.org/CodeSystem/TBLABLPASpecimenCS</td><td>MTB culture isolates</td></tr></table></div>"
      },
      "url" : "http://example.org/ValueSet/TBLABLPASpecimenVS",
      "version" : "0.1.0",
      "name" : "TBLABLPASpecimenVS",
      "title" : "TB-LAB - LPA specimen value set",
      "status" : "active",
      "experimental" : true,
      "date" : "2025-01-06T08:12:15+00:00",
      "expansion" : {
        "identifier" : "urn:uuid:47320195-73ac-4c07-9953-b38cb4a2dda7",
        "timestamp" : "2025-01-06T08:12:36+00:00",
        "total" : 2,
        "offset" : 0,
        "parameter" : [{
          "name" : "count",
          "valueInteger" : 1000
        },
        {
          "name" : "offset",
          "valueInteger" : 0
        },
        {
          "name" : "excludeNested",
          "valueBoolean" : false
        },
        {
          "name" : "warning-draft",
          "valueUri" : "http://example.org/CodeSystem/TBLABLPASpecimenCS|0.1.0"
        },
        {
          "name" : "used-codesystem",
          "valueUri" : "http://example.org/CodeSystem/TBLABLPASpecimenCS|0.1.0"
        }],
        "contains" : [{
          "system" : "http://example.org/CodeSystem/TBLABLPASpecimenCS",
          "code" : "SPUTUM_SAMPLES_OR_SEDIMENTS",
          "display" : "Sputum samples or sediments"
        },
        {
          "system" : "http://example.org/CodeSystem/TBLABLPASpecimenCS",
          "code" : "MTB_CULTURE_ISOLATES",
          "display" : "MTB culture isolates"
        }]
      }
    }
  },
  {
    "fullUrl" : "http://example.org/ValueSet/TBLABMTBTestResultVS",
    "resource" : {
      "resourceType" : "ValueSet",
      "meta" : {
        "profile" : ["http://hl7.org/fhir/uv/crmi/StructureDefinition/crmi-shareablevalueset",
        "http://hl7.org/fhir/uv/crmi/StructureDefinition/crmi-publishablevalueset",
        "http://hl7.org/fhir/uv/crmi/StructureDefinition/crmi-computablevalueset"]
      },
      "text" : {
        "status" : "generated",
        "div" : "<div xmlns=\"http://www.w3.org/1999/xhtml\"><p class=\"res-header-id\"><b>Generated Narrative: ValueSet </b></p><p style=\"border: black 1px dotted; background-color: #EEEEEE; padding: 8px; margin-bottom: 8px\">Expansion based on <a href=\"CodeSystem-TBLABMTBTestResultCS.html\">codesystem TB-LAB - MTB test result v0.1.0 (CodeSystem)</a></p><p>This value set contains 5 concepts</p><table class=\"codes\"><tr><td style=\"white-space:nowrap\"><b>Code</b></td><td><b>System</b></td><td><b>Display</b></td></tr><tr><td style=\"white-space:nowrap\"><a name=\"x-http://example.org/CodeSystem/TBLABMTBTestResultCS-DETECTED\"> </a>\u00a0\u00a0<a href=\"CodeSystem-TBLABMTBTestResultCS.html#TBLABMTBTestResultCS-DETECTED\">DETECTED</a></td><td>http://example.org/CodeSystem/TBLABMTBTestResultCS</td><td>Detected</td></tr><tr><td style=\"white-space:nowrap\"><a name=\"x-http://example.org/CodeSystem/TBLABMTBTestResultCS-NOT_DETECTED\"> </a>\u00a0\u00a0<a href=\"CodeSystem-TBLABMTBTestResultCS.html#TBLABMTBTestResultCS-NOT_DETECTED\">NOT_DETECTED</a></td><td>http://example.org/CodeSystem/TBLABMTBTestResultCS</td><td>Not detected</td></tr><tr><td style=\"white-space:nowrap\"><a name=\"x-http://example.org/CodeSystem/TBLABMTBTestResultCS-ERROR\"> </a>\u00a0\u00a0<a href=\"CodeSystem-TBLABMTBTestResultCS.html#TBLABMTBTestResultCS-ERROR\">ERROR</a></td><td>http://example.org/CodeSystem/TBLABMTBTestResultCS</td><td>Error</td></tr><tr><td style=\"white-space:nowrap\"><a name=\"x-http://example.org/CodeSystem/TBLABMTBTestResultCS-INVALID\"> </a>\u00a0\u00a0<a href=\"CodeSystem-TBLABMTBTestResultCS.html#TBLABMTBTestResultCS-INVALID\">INVALID</a></td><td>http://example.org/CodeSystem/TBLABMTBTestResultCS</td><td>Invalid</td></tr><tr><td style=\"white-space:nowrap\"><a name=\"x-http://example.org/CodeSystem/TBLABMTBTestResultCS-NO_RESULT\"> </a>\u00a0\u00a0<a href=\"CodeSystem-TBLABMTBTestResultCS.html#TBLABMTBTestResultCS-NO_RESULT\">NO_RESULT</a></td><td>http://example.org/CodeSystem/TBLABMTBTestResultCS</td><td>No result</td></tr></table></div>"
      },
      "url" : "http://example.org/ValueSet/TBLABMTBTestResultVS",
      "version" : "0.1.0",
      "name" : "TBLABMTBTestResultVS",
      "title" : "TB-LAB - MTB test result value set",
      "status" : "active",
      "experimental" : true,
      "date" : "2025-01-06T08:12:15+00:00",
      "expansion" : {
        "identifier" : "urn:uuid:e3cce80b-3671-461f-a742-d4138cb4822f",
        "timestamp" : "2025-01-06T08:12:36+00:00",
        "total" : 5,
        "offset" : 0,
        "parameter" : [{
          "name" : "count",
          "valueInteger" : 1000
        },
        {
          "name" : "offset",
          "valueInteger" : 0
        },
        {
          "name" : "excludeNested",
          "valueBoolean" : false
        },
        {
          "name" : "warning-draft",
          "valueUri" : "http://example.org/CodeSystem/TBLABMTBTestResultCS|0.1.0"
        },
        {
          "name" : "used-codesystem",
          "valueUri" : "http://example.org/CodeSystem/TBLABMTBTestResultCS|0.1.0"
        }],
        "contains" : [{
          "system" : "http://example.org/CodeSystem/TBLABMTBTestResultCS",
          "code" : "DETECTED",
          "display" : "Detected"
        },
        {
          "system" : "http://example.org/CodeSystem/TBLABMTBTestResultCS",
          "code" : "NOT_DETECTED",
          "display" : "Not detected"
        },
        {
          "system" : "http://example.org/CodeSystem/TBLABMTBTestResultCS",
          "code" : "ERROR",
          "display" : "Error"
        },
        {
          "system" : "http://example.org/CodeSystem/TBLABMTBTestResultCS",
          "code" : "INVALID",
          "display" : "Invalid"
        },
        {
          "system" : "http://example.org/CodeSystem/TBLABMTBTestResultCS",
          "code" : "NO_RESULT",
          "display" : "No result"
        }]
      }
    }
  },
  {
    "fullUrl" : "http://example.org/ValueSet/TBLABSampleQualityVS",
    "resource" : {
      "resourceType" : "ValueSet",
      "meta" : {
        "profile" : ["http://hl7.org/fhir/uv/crmi/StructureDefinition/crmi-shareablevalueset",
        "http://hl7.org/fhir/uv/crmi/StructureDefinition/crmi-publishablevalueset",
        "http://hl7.org/fhir/uv/crmi/StructureDefinition/crmi-computablevalueset"]
      },
      "text" : {
        "status" : "generated",
        "div" : "<div xmlns=\"http://www.w3.org/1999/xhtml\"><p class=\"res-header-id\"><b>Generated Narrative: ValueSet </b></p><p style=\"border: black 1px dotted; background-color: #EEEEEE; padding: 8px; margin-bottom: 8px\">Expansion based on <a href=\"CodeSystem-TBLABSampleQualityCS.html\">codesystem TB-LAB - Sample quality v0.1.0 (CodeSystem)</a></p><p>This value set contains 2 concepts</p><table class=\"codes\"><tr><td style=\"white-space:nowrap\"><b>Code</b></td><td><b>System</b></td><td><b>Display</b></td></tr><tr><td style=\"white-space:nowrap\"><a name=\"x-http://example.org/CodeSystem/TBLABSampleQualityCS-GOOD\"> </a>\u00a0\u00a0<a href=\"CodeSystem-TBLABSampleQualityCS.html#TBLABSampleQualityCS-GOOD\">GOOD</a></td><td>http://example.org/CodeSystem/TBLABSampleQualityCS</td><td>Good (accepted for processing)</td></tr><tr><td style=\"white-space:nowrap\"><a name=\"x-http://example.org/CodeSystem/TBLABSampleQualityCS-POOR\"> </a>\u00a0\u00a0<a href=\"CodeSystem-TBLABSampleQualityCS.html#TBLABSampleQualityCS-POOR\">POOR</a></td><td>http://example.org/CodeSystem/TBLABSampleQualityCS</td><td>Poor (rejected for processing)</td></tr></table></div>"
      },
      "url" : "http://example.org/ValueSet/TBLABSampleQualityVS",
      "version" : "0.1.0",
      "name" : "TBLABSampleQualityVS",
      "title" : "TB-LAB - Sample quality value set",
      "status" : "active",
      "experimental" : true,
      "date" : "2025-01-06T08:12:15+00:00",
      "expansion" : {
        "identifier" : "urn:uuid:81a3c9b9-2431-4d0b-a743-26c8c441168c",
        "timestamp" : "2025-01-06T08:12:36+00:00",
        "total" : 2,
        "offset" : 0,
        "parameter" : [{
          "name" : "count",
          "valueInteger" : 1000
        },
        {
          "name" : "offset",
          "valueInteger" : 0
        },
        {
          "name" : "excludeNested",
          "valueBoolean" : false
        },
        {
          "name" : "warning-draft",
          "valueUri" : "http://example.org/CodeSystem/TBLABSampleQualityCS|0.1.0"
        },
        {
          "name" : "used-codesystem",
          "valueUri" : "http://example.org/CodeSystem/TBLABSampleQualityCS|0.1.0"
        }],
        "contains" : [{
          "system" : "http://example.org/CodeSystem/TBLABSampleQualityCS",
          "code" : "GOOD",
          "display" : "Good (accepted for processing)"
        },
        {
          "system" : "http://example.org/CodeSystem/TBLABSampleQualityCS",
          "code" : "POOR",
          "display" : "Poor (rejected for processing)"
        }]
      }
    }
  },
  {
    "fullUrl" : "http://example.org/ValueSet/TBLABSampleStatusVS",
    "resource" : {
      "resourceType" : "ValueSet",
      "meta" : {
        "profile" : ["http://hl7.org/fhir/uv/crmi/StructureDefinition/crmi-shareablevalueset",
        "http://hl7.org/fhir/uv/crmi/StructureDefinition/crmi-publishablevalueset",
        "http://hl7.org/fhir/uv/crmi/StructureDefinition/crmi-computablevalueset"]
      },
      "text" : {
        "status" : "generated",
        "div" : "<div xmlns=\"http://www.w3.org/1999/xhtml\"><p class=\"res-header-id\"><b>Generated Narrative: ValueSet </b></p><p style=\"border: black 1px dotted; background-color: #EEEEEE; padding: 8px; margin-bottom: 8px\">Expansion based on <a href=\"CodeSystem-TBLABSampleStatusCS.html\">codesystem TB-LAB - Sample status v0.1.0 (CodeSystem)</a></p><p>This value set contains 2 concepts</p><table class=\"codes\"><tr><td style=\"white-space:nowrap\"><b>Code</b></td><td><b>System</b></td><td><b>Display</b></td></tr><tr><td style=\"white-space:nowrap\"><a name=\"x-http://example.org/CodeSystem/TBLABSampleStatusCS-RECEIVED\"> </a>\u00a0\u00a0<a href=\"CodeSystem-TBLABSampleStatusCS.html#TBLABSampleStatusCS-RECEIVED\">RECEIVED</a></td><td>http://example.org/CodeSystem/TBLABSampleStatusCS</td><td>Sample received</td></tr><tr><td style=\"white-space:nowrap\"><a name=\"x-http://example.org/CodeSystem/TBLABSampleStatusCS-LOST\"> </a>\u00a0\u00a0<a href=\"CodeSystem-TBLABSampleStatusCS.html#TBLABSampleStatusCS-LOST\">LOST</a></td><td>http://example.org/CodeSystem/TBLABSampleStatusCS</td><td>Sample lost</td></tr></table></div>"
      },
      "url" : "http://example.org/ValueSet/TBLABSampleStatusVS",
      "version" : "0.1.0",
      "name" : "TBLABSampleStatusVS",
      "title" : "TB-LAB - Sample status value set",
      "status" : "active",
      "experimental" : true,
      "date" : "2025-01-06T08:12:15+00:00",
      "expansion" : {
        "identifier" : "urn:uuid:3aa799ba-60ed-4df2-aa33-6b5cf3823081",
        "timestamp" : "2025-01-06T08:12:36+00:00",
        "total" : 2,
        "offset" : 0,
        "parameter" : [{
          "name" : "count",
          "valueInteger" : 1000
        },
        {
          "name" : "offset",
          "valueInteger" : 0
        },
        {
          "name" : "excludeNested",
          "valueBoolean" : false
        },
        {
          "name" : "warning-draft",
          "valueUri" : "http://example.org/CodeSystem/TBLABSampleStatusCS|0.1.0"
        },
        {
          "name" : "used-codesystem",
          "valueUri" : "http://example.org/CodeSystem/TBLABSampleStatusCS|0.1.0"
        }],
        "contains" : [{
          "system" : "http://example.org/CodeSystem/TBLABSampleStatusCS",
          "code" : "RECEIVED",
          "display" : "Sample received"
        },
        {
          "system" : "http://example.org/CodeSystem/TBLABSampleStatusCS",
          "code" : "LOST",
          "display" : "Sample lost"
        }]
      }
    }
  },
  {
    "fullUrl" : "http://example.org/ValueSet/TBLABSmearResultVS",
    "resource" : {
      "resourceType" : "ValueSet",
      "meta" : {
        "profile" : ["http://hl7.org/fhir/uv/crmi/StructureDefinition/crmi-shareablevalueset",
        "http://hl7.org/fhir/uv/crmi/StructureDefinition/crmi-publishablevalueset",
        "http://hl7.org/fhir/uv/crmi/StructureDefinition/crmi-computablevalueset"]
      },
      "text" : {
        "status" : "generated",
        "div" : "<div xmlns=\"http://www.w3.org/1999/xhtml\"><p class=\"res-header-id\"><b>Generated Narrative: ValueSet </b></p><p style=\"border: black 1px dotted; background-color: #EEEEEE; padding: 8px; margin-bottom: 8px\">Expansion based on <a href=\"CodeSystem-TBLABSmearResultCS.html\">codesystem TB-LAB - Smear result v0.1.0 (CodeSystem)</a></p><p>This value set contains 5 concepts</p><table class=\"codes\"><tr><td style=\"white-space:nowrap\"><b>Code</b></td><td><b>System</b></td><td><b>Display</b></td></tr><tr><td style=\"white-space:nowrap\"><a name=\"x-http://example.org/CodeSystem/TBLABSmearResultCS-SCANTY\"> </a>\u00a0\u00a0<a href=\"CodeSystem-TBLABSmearResultCS.html#TBLABSmearResultCS-SCANTY\">SCANTY</a></td><td>http://example.org/CodeSystem/TBLABSmearResultCS</td><td>Positive (Scanty)</td></tr><tr><td style=\"white-space:nowrap\"><a name=\"x-http://example.org/CodeSystem/TBLABSmearResultCS-1PLUS\"> </a>\u00a0\u00a0<a href=\"CodeSystem-TBLABSmearResultCS.html#TBLABSmearResultCS-1PLUS\">1PLUS</a></td><td>http://example.org/CodeSystem/TBLABSmearResultCS</td><td>Positive (+)</td></tr><tr><td style=\"white-space:nowrap\"><a name=\"x-http://example.org/CodeSystem/TBLABSmearResultCS-2PLUS\"> </a>\u00a0\u00a0<a href=\"CodeSystem-TBLABSmearResultCS.html#TBLABSmearResultCS-2PLUS\">2PLUS</a></td><td>http://example.org/CodeSystem/TBLABSmearResultCS</td><td>Positive (++)</td></tr><tr><td style=\"white-space:nowrap\"><a name=\"x-http://example.org/CodeSystem/TBLABSmearResultCS-3PLUS\"> </a>\u00a0\u00a0<a href=\"CodeSystem-TBLABSmearResultCS.html#TBLABSmearResultCS-3PLUS\">3PLUS</a></td><td>http://example.org/CodeSystem/TBLABSmearResultCS</td><td>Positive (+++)</td></tr><tr><td style=\"white-space:nowrap\"><a name=\"x-http://example.org/CodeSystem/TBLABSmearResultCS-NEGATIVE\"> </a>\u00a0\u00a0<a href=\"CodeSystem-TBLABSmearResultCS.html#TBLABSmearResultCS-NEGATIVE\">NEGATIVE</a></td><td>http://example.org/CodeSystem/TBLABSmearResultCS</td><td>Negative</td></tr></table></div>"
      },
      "url" : "http://example.org/ValueSet/TBLABSmearResultVS",
      "version" : "0.1.0",
      "name" : "TBLABSmearResultVS",
      "title" : "TB-LAB - Smear result value set",
      "status" : "active",
      "experimental" : true,
      "date" : "2025-01-06T08:12:15+00:00",
      "expansion" : {
        "identifier" : "urn:uuid:c77bf0e3-d4a5-42be-9f19-402e8bdff60e",
        "timestamp" : "2025-01-06T08:12:36+00:00",
        "total" : 5,
        "offset" : 0,
        "parameter" : [{
          "name" : "count",
          "valueInteger" : 1000
        },
        {
          "name" : "offset",
          "valueInteger" : 0
        },
        {
          "name" : "excludeNested",
          "valueBoolean" : false
        },
        {
          "name" : "warning-draft",
          "valueUri" : "http://example.org/CodeSystem/TBLABSmearResultCS|0.1.0"
        },
        {
          "name" : "used-codesystem",
          "valueUri" : "http://example.org/CodeSystem/TBLABSmearResultCS|0.1.0"
        }],
        "contains" : [{
          "system" : "http://example.org/CodeSystem/TBLABSmearResultCS",
          "code" : "SCANTY",
          "display" : "Positive (Scanty)"
        },
        {
          "system" : "http://example.org/CodeSystem/TBLABSmearResultCS",
          "code" : "1PLUS",
          "display" : "Positive (+)"
        },
        {
          "system" : "http://example.org/CodeSystem/TBLABSmearResultCS",
          "code" : "2PLUS",
          "display" : "Positive (++)"
        },
        {
          "system" : "http://example.org/CodeSystem/TBLABSmearResultCS",
          "code" : "3PLUS",
          "display" : "Positive (+++)"
        },
        {
          "system" : "http://example.org/CodeSystem/TBLABSmearResultCS",
          "code" : "NEGATIVE",
          "display" : "Negative"
        }]
      }
    }
  }]
}