<?xml version="1.0" encoding="UTF-8"?>

<CodeSystem xmlns="http://hl7.org/fhir">
  <id value="TBLABSampleQualityCS"/>
  <meta>
    <profile value="http://hl7.org/fhir/uv/crmi/StructureDefinition/crmi-shareablecodesystem"/>
    <profile value="http://hl7.org/fhir/uv/crmi/StructureDefinition/crmi-publishablecodesystem"/>
  </meta>
  <text>
    <status value="generated"/><div xmlns="http://www.w3.org/1999/xhtml"><p class="res-header-id"><b>Generated Narrative: CodeSystem TBLABSampleQualityCS</b></p><a name="TBLABSampleQualityCS"> </a><a name="hcTBLABSampleQualityCS"> </a><a name="TBLABSampleQualityCS-en-US"> </a><p>This case-sensitive code system <code>http://example.org/CodeSystem/TBLABSampleQualityCS</code> defines the following codes:</p><table class="codes"><tr><td style="white-space:nowrap"><b>Code</b></td><td><b>Display</b></td></tr><tr><td style="white-space:nowrap">GOOD<a name="TBLABSampleQualityCS-GOOD"> </a></td><td>Good (accepted for processing)</td></tr><tr><td style="white-space:nowrap">POOR<a name="TBLABSampleQualityCS-POOR"> </a></td><td>Poor (rejected for processing)</td></tr></table></div>
  </text>
  <url value="http://example.org/CodeSystem/TBLABSampleQualityCS"/>
  <version value="0.1.0"/>
  <name value="TBLABSampleQualityCS"/>
  <title value="TB-LAB - Sample quality"/>
  <status value="draft"/>
  <experimental value="true"/>
  <date value="2025-01-06T14:12:01+00:00"/>
  <publisher value="DHIS2"/>
  <contact>
    <name value="DHIS2"/>
    <telecom>
      <system value="url"/>
      <value value="http://dhis2.org"/>
    </telecom>
  </contact>
  <description value="Code system for DHIS2 'Sample quality' option set."/>
  <caseSensitive value="true"/>
  <content value="complete"/>
  <count value="2"/>
  <concept>
    <code value="GOOD"/>
    <display value="Good (accepted for processing)"/>
  </concept>
  <concept>
    <code value="POOR"/>
    <display value="Poor (rejected for processing)"/>
  </concept>
</CodeSystem>