<?xml version="1.0" encoding="UTF-8"?>

<CodeSystem xmlns="http://hl7.org/fhir">
  <id value="TBCSSiteOfDiseaseCS"/>
  <meta>
    <profile value="http://hl7.org/fhir/uv/crmi/StructureDefinition/crmi-shareablecodesystem"/>
    <profile value="http://hl7.org/fhir/uv/crmi/StructureDefinition/crmi-publishablecodesystem"/>
  </meta>
  <text>
    <status value="generated"/><div xmlns="http://www.w3.org/1999/xhtml"><p class="res-header-id"><b>Generated Narrative: CodeSystem TBCSSiteOfDiseaseCS</b></p><a name="TBCSSiteOfDiseaseCS"> </a><a name="hcTBCSSiteOfDiseaseCS"> </a><a name="TBCSSiteOfDiseaseCS-en-US"> </a><p>This case-sensitive code system <code>http://example.org/CodeSystem/TBCSSiteOfDiseaseCS</code> defines the following codes:</p><table class="codes"><tr><td style="white-space:nowrap"><b>Code</b></td><td><b>Display</b></td></tr><tr><td style="white-space:nowrap">SITE_PULMONARY<a name="TBCSSiteOfDiseaseCS-SITE_PULMONARY"> </a></td><td>Pulmonary</td></tr><tr><td style="white-space:nowrap">SITE_EXTRA_PULMONARY<a name="TBCSSiteOfDiseaseCS-SITE_EXTRA_PULMONARY"> </a></td><td>Extra-pulmonary</td></tr><tr><td style="white-space:nowrap">SITE_BOTH<a name="TBCSSiteOfDiseaseCS-SITE_BOTH"> </a></td><td>Pulmonary and extra-pulmonary</td></tr></table></div>
  </text>
  <url value="http://example.org/CodeSystem/TBCSSiteOfDiseaseCS"/>
  <version value="0.1.0"/>
  <name value="TBCSSiteOfDiseaseCS"/>
  <title value="TB CS - Site of disease"/>
  <status value="draft"/>
  <experimental value="true"/>
  <date value="2025-01-08T15:06:16+00:00"/>
  <publisher value="DHIS2"/>
  <contact>
    <name value="DHIS2"/>
    <telecom>
      <system value="url"/>
      <value value="http://dhis2.org"/>
    </telecom>
  </contact>
  <description value="Code system for DHIS2 'Site of disease' option set."/>
  <caseSensitive value="true"/>
  <content value="complete"/>
  <count value="3"/>
  <concept>
    <code value="SITE_PULMONARY"/>
    <display value="Pulmonary"/>
  </concept>
  <concept>
    <code value="SITE_EXTRA_PULMONARY"/>
    <display value="Extra-pulmonary"/>
  </concept>
  <concept>
    <code value="SITE_BOTH"/>
    <display value="Pulmonary and extra-pulmonary"/>
  </concept>
</CodeSystem>