<?xml version="1.0" encoding="UTF-8"?>

<CodeSystem xmlns="http://hl7.org/fhir">
  <id value="TBCSTreatmentHistoryCS"/>
  <meta>
    <profile value="http://hl7.org/fhir/uv/crmi/StructureDefinition/crmi-shareablecodesystem"/>
    <profile value="http://hl7.org/fhir/uv/crmi/StructureDefinition/crmi-publishablecodesystem"/>
  </meta>
  <text>
    <status value="generated"/><div xmlns="http://www.w3.org/1999/xhtml"><p class="res-header-id"><b>Generated Narrative: CodeSystem TBCSTreatmentHistoryCS</b></p><a name="TBCSTreatmentHistoryCS"> </a><a name="hcTBCSTreatmentHistoryCS"> </a><a name="TBCSTreatmentHistoryCS-en-US"> </a><p>This case-sensitive code system <code>http://example.org/CodeSystem/TBCSTreatmentHistoryCS</code> defines the following codes:</p><table class="codes"><tr><td style="white-space:nowrap"><b>Code</b></td><td><b>Display</b></td></tr><tr><td style="white-space:nowrap">HISTORY_NEW<a name="TBCSTreatmentHistoryCS-HISTORY_NEW"> </a></td><td>New</td></tr><tr><td style="white-space:nowrap">HISTORY_RELAPSE<a name="TBCSTreatmentHistoryCS-HISTORY_RELAPSE"> </a></td><td>Relapse</td></tr><tr><td style="white-space:nowrap">HISTORY_FAILED<a name="TBCSTreatmentHistoryCS-HISTORY_FAILED"> </a></td><td>Treatment after failure</td></tr><tr><td style="white-space:nowrap">HISTORY_LOST_TO_FOLLOWUP<a name="TBCSTreatmentHistoryCS-HISTORY_LOST_TO_FOLLOWUP"> </a></td><td>Treatment after lost to follow-up</td></tr><tr><td style="white-space:nowrap">HISTORY_OTHER_PREV<a name="TBCSTreatmentHistoryCS-HISTORY_OTHER_PREV"> </a></td><td>Other previously treated</td></tr><tr><td style="white-space:nowrap">HISTORY_UNKNOWN<a name="TBCSTreatmentHistoryCS-HISTORY_UNKNOWN"> </a></td><td>Unknown</td></tr></table></div>
  </text>
  <url value="http://example.org/CodeSystem/TBCSTreatmentHistoryCS"/>
  <version value="0.1.0"/>
  <name value="TBCSTreatmentHistoryCS"/>
  <title value="TB CS - Treatment history"/>
  <status value="draft"/>
  <experimental value="true"/>
  <date value="2025-01-09T13:22:59+00:00"/>
  <publisher value="DHIS2"/>
  <contact>
    <name value="DHIS2"/>
    <telecom>
      <system value="url"/>
      <value value="http://dhis2.org"/>
    </telecom>
  </contact>
  <description value="Code system for DHIS2 'Treatment history' option set."/>
  <caseSensitive value="true"/>
  <content value="complete"/>
  <count value="6"/>
  <concept>
    <code value="HISTORY_NEW"/>
    <display value="New"/>
  </concept>
  <concept>
    <code value="HISTORY_RELAPSE"/>
    <display value="Relapse"/>
  </concept>
  <concept>
    <code value="HISTORY_FAILED"/>
    <display value="Treatment after failure"/>
  </concept>
  <concept>
    <code value="HISTORY_LOST_TO_FOLLOWUP"/>
    <display value="Treatment after lost to follow-up"/>
  </concept>
  <concept>
    <code value="HISTORY_OTHER_PREV"/>
    <display value="Other previously treated"/>
  </concept>
  <concept>
    <code value="HISTORY_UNKNOWN"/>
    <display value="Unknown"/>
  </concept>
</CodeSystem>