{
  "resourceType" : "CodeSystem",
  "id" : "tb-lab---sample-status-cs",
  "text" : {
    "status" : "generated",
    "div" : "<div xmlns=\"http://www.w3.org/1999/xhtml\"><p class=\"res-header-id\"><b>Generated Narrative: CodeSystem tb-lab---sample-status-cs</b></p><a name=\"tb-lab---sample-status-cs\"> </a><a name=\"hctb-lab---sample-status-cs\"> </a><a name=\"tb-lab---sample-status-cs-en-US\"> </a><p>This  code system <code>http://example.org/CodeSystem/tb-lab---sample-status-cs</code> defines the following codes:</p><table class=\"codes\"><tr><td style=\"white-space:nowrap\"><b>Code</b></td><td><b>Display</b></td></tr><tr><td style=\"white-space:nowrap\">RECEIVED<a name=\"tb-lab---sample-status-cs-RECEIVED\"> </a></td><td>Sample received</td></tr><tr><td style=\"white-space:nowrap\">LOST<a name=\"tb-lab---sample-status-cs-LOST\"> </a></td><td>Sample lost</td></tr></table></div>"
  },
  "url" : "http://example.org/CodeSystem/tb-lab---sample-status-cs",
  "version" : "0.1.0",
  "name" : "TBLABSampleStatusCS",
  "title" : "TB-LAB - Sample status",
  "status" : "draft",
  "date" : "2024-12-18T19:34:06+00:00",
  "publisher" : "DHIS2",
  "contact" : [{
    "name" : "DHIS2",
    "telecom" : [{
      "system" : "url",
      "value" : "http://dhis2.org"
    }]
  }],
  "content" : "complete",
  "count" : 2,
  "concept" : [{
    "code" : "RECEIVED",
    "display" : "Sample received"
  },
  {
    "code" : "LOST",
    "display" : "Sample lost"
  }]
}