{
  "resourceType" : "CodeSystem",
  "id" : "tb-lab---final-culture-result-cs",
  "text" : {
    "status" : "generated",
    "div" : "<div xmlns=\"http://www.w3.org/1999/xhtml\"><p class=\"res-header-id\"><b>Generated Narrative: CodeSystem tb-lab---final-culture-result-cs</b></p><a name=\"tb-lab---final-culture-result-cs\"> </a><a name=\"hctb-lab---final-culture-result-cs\"> </a><a name=\"tb-lab---final-culture-result-cs-en-US\"> </a><p>This  code system <code>http://example.org/CodeSystem/tb-lab---final-culture-result-cs</code> defines the following codes:</p><table class=\"codes\"><tr><td style=\"white-space:nowrap\"><b>Code</b></td><td><b>Display</b></td></tr><tr><td style=\"white-space:nowrap\">MTB<a name=\"tb-lab---final-culture-result-cs-MTB\"> </a></td><td>MTB</td></tr><tr><td style=\"white-space:nowrap\">NTM<a name=\"tb-lab---final-culture-result-cs-NTM\"> </a></td><td>NTM</td></tr><tr><td style=\"white-space:nowrap\">NO_GROWTH<a name=\"tb-lab---final-culture-result-cs-NO_GROWTH\"> </a></td><td>No growth</td></tr><tr><td style=\"white-space:nowrap\">CONTAMINATED<a name=\"tb-lab---final-culture-result-cs-CONTAMINATED\"> </a></td><td>Contaminated</td></tr></table></div>"
  },
  "url" : "http://example.org/CodeSystem/tb-lab---final-culture-result-cs",
  "version" : "0.1.0",
  "name" : "TBLABFinalCultureResultCS",
  "title" : "TB-LAB - Final culture result",
  "status" : "draft",
  "date" : "2024-12-18T19:24:05+00:00",
  "publisher" : "DHIS2",
  "contact" : [{
    "name" : "DHIS2",
    "telecom" : [{
      "system" : "url",
      "value" : "http://dhis2.org"
    }]
  }],
  "content" : "complete",
  "count" : 4,
  "concept" : [{
    "code" : "MTB",
    "display" : "MTB"
  },
  {
    "code" : "NTM",
    "display" : "NTM"
  },
  {
    "code" : "NO_GROWTH",
    "display" : "No growth"
  },
  {
    "code" : "CONTAMINATED",
    "display" : "Contaminated"
  }]
}