<?xml version="1.0" encoding="UTF-8"?><CodeSystem xmlns="http://hl7.org/fhir"><id value="TBCSConfirmationMethodCS"/><meta><profile value="http://hl7.org/fhir/uv/crmi/StructureDefinition/crmi-shareablecodesystem"/><profile value="http://hl7.org/fhir/uv/crmi/StructureDefinition/crmi-publishablecodesystem"/></meta><text><status value="generated"/><div xmlns="http://www.w3.org/1999/xhtml"><p class="res-header-id"><b>Generated Narrative: CodeSystem TBCSConfirmationMethodCS</b></p><a name="TBCSConfirmationMethodCS"> </a><a name="hcTBCSConfirmationMethodCS"> </a><a name="TBCSConfirmationMethodCS-en-US"> </a><p>This case-sensitive code system <code>http://example.org/CodeSystem/TBCSConfirmationMethodCS</code> defines the following codes:</p><table class="codes"><tr><td style="white-space:nowrap"><b>Code</b></td><td><b>Display</b></td></tr><tr><td style="white-space:nowrap">CLINDX<a name="TBCSConfirmationMethodCS-CLINDX"> </a></td><td>Clinically diagnosed</td></tr><tr><td style="white-space:nowrap">LABCONF<a name="TBCSConfirmationMethodCS-LABCONF"> </a></td><td>Bacteriologically confirmed</td></tr></table></div></text><url value="http://example.org/CodeSystem/TBCSConfirmationMethodCS"/><version value="0.1.0"/><name value="TBCSConfirmationMethodCS"/><title value="TB CS - Confirmation method"/><status value="draft"/><experimental value="true"/><date value="2025-01-06T12:46:13+00:00"/><publisher value="DHIS2"/><contact><name value="DHIS2"/><telecom><system value="url"/><value value="http://dhis2.org"/></telecom></contact><caseSensitive value="true"/><content value="complete"/><count value="2"/><concept><code value="CLINDX"/><display value="Clinically diagnosed"/></concept><concept><code value="LABCONF"/><display value="Bacteriologically confirmed"/></concept></CodeSystem>