<?xml version="1.0" encoding="UTF-8"?><CodeSystem xmlns="http://hl7.org/fhir"><id value="susceptible-resistant-indeterminate-cs"/><text><status value="generated"/><div xmlns="http://www.w3.org/1999/xhtml"><p class="res-header-id"><b>Generated Narrative: CodeSystem susceptible-resistant-indeterminate-cs</b></p><a name="susceptible-resistant-indeterminate-cs"> </a><a name="hcsusceptible-resistant-indeterminate-cs"> </a><a name="susceptible-resistant-indeterminate-cs-en-US"> </a><p>This  code system <code>http://example.org/CodeSystem/susceptible-resistant-indeterminate-cs</code> defines the following codes:</p><table class="codes"><tr><td style="white-space:nowrap"><b>Code</b></td><td><b>Display</b></td></tr><tr><td style="white-space:nowrap">SUSCEPTIBLE<a name="susceptible-resistant-indeterminate-cs-SUSCEPTIBLE"> </a></td><td>Susceptible</td></tr><tr><td style="white-space:nowrap">RESISTANT<a name="susceptible-resistant-indeterminate-cs-RESISTANT"> </a></td><td>Resistant</td></tr><tr><td style="white-space:nowrap">INDETERMINATE<a name="susceptible-resistant-indeterminate-cs-INDETERMINATE"> </a></td><td>Indeterminate</td></tr></table></div></text><url value="http://example.org/CodeSystem/susceptible-resistant-indeterminate-cs"/><version value="0.1.0"/><name value="SusceptibleResistantIndeterminateCS"/><title value="Susceptible/Resistant/Indeterminate"/><status value="draft"/><date value="2024-12-18T15:37:28+00:00"/><publisher value="DHIS2"/><contact><name value="DHIS2"/><telecom><system value="url"/><value value="http://dhis2.org"/></telecom></contact><content value="complete"/><count value="3"/><concept><code value="SUSCEPTIBLE"/><display value="Susceptible"/></concept><concept><code value="RESISTANT"/><display value="Resistant"/></concept><concept><code value="INDETERMINATE"/><display value="Indeterminate"/></concept></CodeSystem>