<?xml version="1.0" encoding="UTF-8"?><CodeSystem xmlns="http://hl7.org/fhir"><id value="gen---yes-no-unknown-cs"/><text><status value="generated"/><div xmlns="http://www.w3.org/1999/xhtml"><p class="res-header-id"><b>Generated Narrative: CodeSystem gen---yes-no-unknown-cs</b></p><a name="gen---yes-no-unknown-cs"> </a><a name="hcgen---yes-no-unknown-cs"> </a><a name="gen---yes-no-unknown-cs-en-US"> </a><p>This  code system <code>http://example.org/CodeSystem/gen---yes-no-unknown-cs</code> defines the following codes:</p><table class="codes"><tr><td style="white-space:nowrap"><b>Code</b></td><td><b>Display</b></td></tr><tr><td style="white-space:nowrap">NO<a name="gen---yes-no-unknown-cs-NO"> </a></td><td>No</td></tr><tr><td style="white-space:nowrap">UNKNOWN<a name="gen---yes-no-unknown-cs-UNKNOWN"> </a></td><td>Unknown</td></tr><tr><td style="white-space:nowrap">YES<a name="gen---yes-no-unknown-cs-YES"> </a></td><td>Yes</td></tr></table></div></text><url value="http://example.org/CodeSystem/gen---yes-no-unknown-cs"/><version value="0.1.0"/><name value="GENYesNoUnknownCS"/><title value="GEN - Yes/No/Unknown"/><status value="draft"/><date value="2024-12-17T21:31:39+00:00"/><publisher value="DHIS2"/><contact><name value="DHIS2"/><telecom><system value="url"/><value value="http://dhis2.org"/></telecom></contact><content value="complete"/><count value="3"/><concept><code value="NO"/><display value="No"/></concept><concept><code value="UNKNOWN"/><display value="Unknown"/></concept><concept><code value="YES"/><display value="Yes"/></concept></CodeSystem>