<?xml version="1.0" encoding="UTF-8"?><CodeSystem xmlns="http://hl7.org/fhir"><id value="TBLABDSTResultCS"/><meta><profile value="http://hl7.org/fhir/uv/crmi/StructureDefinition/crmi-shareablecodesystem"/><profile value="http://hl7.org/fhir/uv/crmi/StructureDefinition/crmi-publishablecodesystem"/></meta><text><status value="generated"/><div xmlns="http://www.w3.org/1999/xhtml"><p class="res-header-id"><b>Generated Narrative: CodeSystem TBLABDSTResultCS</b></p><a name="TBLABDSTResultCS"> </a><a name="hcTBLABDSTResultCS"> </a><a name="TBLABDSTResultCS-en-US"> </a><p>This case-sensitive code system <code>http://example.org/CodeSystem/TBLABDSTResultCS</code> defines the following codes:</p><table class="codes"><tr><td style="white-space:nowrap"><b>Code</b></td><td><b>Display</b></td></tr><tr><td style="white-space:nowrap">SUSCEPTIBLE<a name="TBLABDSTResultCS-SUSCEPTIBLE"> </a></td><td>Susceptible</td></tr><tr><td style="white-space:nowrap">RESISTANT<a name="TBLABDSTResultCS-RESISTANT"> </a></td><td>Resistant</td></tr><tr><td style="white-space:nowrap">CONTAMINATED<a name="TBLABDSTResultCS-CONTAMINATED"> </a></td><td>Contaminated</td></tr><tr><td style="white-space:nowrap">INDETERMINATE<a name="TBLABDSTResultCS-INDETERMINATE"> </a></td><td>Indeterminate</td></tr></table></div></text><url value="http://example.org/CodeSystem/TBLABDSTResultCS"/><version value="0.1.0"/><name value="TBLABDSTResultCS"/><title value="TB-LAB - DST result"/><status value="draft"/><experimental value="true"/><date value="2025-01-07T09:00:06+00:00"/><publisher value="DHIS2"/><contact><name value="DHIS2"/><telecom><system value="url"/><value value="http://dhis2.org"/></telecom></contact><description value="Code system for DHIS2 'DST result' option set."/><caseSensitive value="true"/><content value="complete"/><count value="4"/><concept><code value="SUSCEPTIBLE"/><display value="Susceptible"/></concept><concept><code value="RESISTANT"/><display value="Resistant"/></concept><concept><code value="CONTAMINATED"/><display value="Contaminated"/></concept><concept><code value="INDETERMINATE"/><display value="Indeterminate"/></concept></CodeSystem>