<?xml version="1.0" encoding="UTF-8"?><CodeSystem xmlns="http://hl7.org/fhir"><id value="tb-lab---final-culture-result-cs"/><text><status value="generated"/><div xmlns="http://www.w3.org/1999/xhtml"><p class="res-header-id"><b>Generated Narrative: CodeSystem tb-lab---final-culture-result-cs</b></p><a name="tb-lab---final-culture-result-cs"> </a><a name="hctb-lab---final-culture-result-cs"> </a><a name="tb-lab---final-culture-result-cs-en-US"> </a><p>This  code system <code>http://example.org/CodeSystem/tb-lab---final-culture-result-cs</code> defines the following codes:</p><table class="codes"><tr><td style="white-space:nowrap"><b>Code</b></td><td><b>Display</b></td></tr><tr><td style="white-space:nowrap">MTB<a name="tb-lab---final-culture-result-cs-MTB"> </a></td><td>MTB</td></tr><tr><td style="white-space:nowrap">NTM<a name="tb-lab---final-culture-result-cs-NTM"> </a></td><td>NTM</td></tr><tr><td style="white-space:nowrap">NO_GROWTH<a name="tb-lab---final-culture-result-cs-NO_GROWTH"> </a></td><td>No growth</td></tr><tr><td style="white-space:nowrap">CONTAMINATED<a name="tb-lab---final-culture-result-cs-CONTAMINATED"> </a></td><td>Contaminated</td></tr></table></div></text><url value="http://example.org/CodeSystem/tb-lab---final-culture-result-cs"/><version value="0.1.0"/><name value="TBLABFinalCultureResultCS"/><title value="TB-LAB - Final culture result"/><status value="draft"/><date value="2024-12-17T21:31:39+00:00"/><publisher value="DHIS2"/><contact><name value="DHIS2"/><telecom><system value="url"/><value value="http://dhis2.org"/></telecom></contact><content value="complete"/><count value="4"/><concept><code value="MTB"/><display value="MTB"/></concept><concept><code value="NTM"/><display value="NTM"/></concept><concept><code value="NO_GROWTH"/><display value="No growth"/></concept><concept><code value="CONTAMINATED"/><display value="Contaminated"/></concept></CodeSystem>