<?xml version="1.0" encoding="UTF-8"?><CodeSystem xmlns="http://hl7.org/fhir"><id value="tb-cs---resistance-classification-cs"/><text><status value="generated"/><div xmlns="http://www.w3.org/1999/xhtml"><p class="res-header-id"><b>Generated Narrative: CodeSystem tb-cs---resistance-classification-cs</b></p><a name="tb-cs---resistance-classification-cs"> </a><a name="hctb-cs---resistance-classification-cs"> </a><a name="tb-cs---resistance-classification-cs-en-US"> </a><p>This  code system <code>http://example.org/CodeSystem/tb-cs---resistance-classification-cs</code> defines the following codes:</p><table class="codes"><tr><td style="white-space:nowrap"><b>Code</b></td><td><b>Display</b></td></tr><tr><td style="white-space:nowrap">DS<a name="tb-cs---resistance-classification-cs-DS"> </a></td><td>DS (drug-susceptible TB)</td></tr><tr><td style="white-space:nowrap">RR<a name="tb-cs---resistance-classification-cs-RR"> </a></td><td>RR (rifampicin resistant TB)</td></tr><tr><td style="white-space:nowrap">MDR<a name="tb-cs---resistance-classification-cs-MDR"> </a></td><td>MDR (multidrug resistant TB)</td></tr><tr><td style="white-space:nowrap">XDR<a name="tb-cs---resistance-classification-cs-XDR"> </a></td><td>XDR (extensive drug resistant TB)</td></tr></table></div></text><url value="http://example.org/CodeSystem/tb-cs---resistance-classification-cs"/><version value="0.1.0"/><name value="TBCSResistanceClassificationCS"/><title value="TB CS - Resistance Classification"/><status value="draft"/><date value="2024-12-17T21:48:04+00:00"/><publisher value="DHIS2"/><contact><name value="DHIS2"/><telecom><system value="url"/><value value="http://dhis2.org"/></telecom></contact><content value="complete"/><count value="4"/><concept><code value="DS"/><display value="DS (drug-susceptible TB)"/></concept><concept><code value="RR"/><display value="RR (rifampicin resistant TB)"/></concept><concept><code value="MDR"/><display value="MDR (multidrug resistant TB)"/></concept><concept><code value="XDR"/><display value="XDR (extensive drug resistant TB)"/></concept></CodeSystem>