<?xml version="1.0" encoding="UTF-8"?><CodeSystem xmlns="http://hl7.org/fhir"><id value="GENYesNoUnknownCS"/><meta><profile value="http://hl7.org/fhir/uv/crmi/StructureDefinition/crmi-shareablecodesystem"/><profile value="http://hl7.org/fhir/uv/crmi/StructureDefinition/crmi-publishablecodesystem"/></meta><text><status value="generated"/><div xmlns="http://www.w3.org/1999/xhtml"><p class="res-header-id"><b>Generated Narrative: CodeSystem GENYesNoUnknownCS</b></p><a name="GENYesNoUnknownCS"> </a><a name="hcGENYesNoUnknownCS"> </a><a name="GENYesNoUnknownCS-en-US"> </a><p>This case-sensitive code system <code>http://example.org/CodeSystem/GENYesNoUnknownCS</code> defines the following codes:</p><table class="codes"><tr><td style="white-space:nowrap"><b>Code</b></td><td><b>Display</b></td></tr><tr><td style="white-space:nowrap">NO<a name="GENYesNoUnknownCS-NO"> </a></td><td>No</td></tr><tr><td style="white-space:nowrap">UNKNOWN<a name="GENYesNoUnknownCS-UNKNOWN"> </a></td><td>Unknown</td></tr><tr><td style="white-space:nowrap">YES<a name="GENYesNoUnknownCS-YES"> </a></td><td>Yes</td></tr></table></div></text><url value="http://example.org/CodeSystem/GENYesNoUnknownCS"/><version value="0.1.0"/><name value="GENYesNoUnknownCS"/><title value="GEN - Yes/No/Unknown"/><status value="draft"/><experimental value="true"/><date value="2025-01-06T11:12:04+00:00"/><publisher value="DHIS2"/><contact><name value="DHIS2"/><telecom><system value="url"/><value value="http://dhis2.org"/></telecom></contact><caseSensitive value="true"/><content value="complete"/><count value="3"/><concept><code value="NO"/><display value="No"/></concept><concept><code value="UNKNOWN"/><display value="Unknown"/></concept><concept><code value="YES"/><display value="Yes"/></concept></CodeSystem>