<?xml version="1.0" encoding="UTF-8"?><CodeSystem xmlns="http://hl7.org/fhir"><id value="TBLABSampleStatusCS"/><meta><profile value="http://hl7.org/fhir/uv/crmi/StructureDefinition/crmi-shareablecodesystem"/><profile value="http://hl7.org/fhir/uv/crmi/StructureDefinition/crmi-publishablecodesystem"/></meta><text><status value="generated"/><div xmlns="http://www.w3.org/1999/xhtml"><p class="res-header-id"><b>Generated Narrative: CodeSystem TBLABSampleStatusCS</b></p><a name="TBLABSampleStatusCS"> </a><a name="hcTBLABSampleStatusCS"> </a><a name="TBLABSampleStatusCS-en-US"> </a><p>This case-sensitive code system <code>http://example.org/CodeSystem/TBLABSampleStatusCS</code> defines the following codes:</p><table class="codes"><tr><td style="white-space:nowrap"><b>Code</b></td><td><b>Display</b></td></tr><tr><td style="white-space:nowrap">RECEIVED<a name="TBLABSampleStatusCS-RECEIVED"> </a></td><td>Sample received</td></tr><tr><td style="white-space:nowrap">LOST<a name="TBLABSampleStatusCS-LOST"> </a></td><td>Sample lost</td></tr></table></div></text><url value="http://example.org/CodeSystem/TBLABSampleStatusCS"/><version value="0.1.0"/><name value="TBLABSampleStatusCS"/><title value="TB-LAB - Sample status"/><status value="draft"/><experimental value="true"/><date value="2025-01-20T11:09:19+00:00"/><publisher value="DHIS2"/><contact><name value="DHIS2"/><telecom><system value="url"/><value value="http://dhis2.org"/></telecom></contact><description value="Code system for DHIS2 'Sample status' option set."/><caseSensitive value="true"/><content value="complete"/><count value="2"/><concept><code value="RECEIVED"/><display value="Sample received"/></concept><concept><code value="LOST"/><display value="Sample lost"/></concept></CodeSystem>