<?xml version="1.0" encoding="UTF-8"?><ImplementationGuide xmlns="http://hl7.org/fhir"><id value="tracker.tb.case.surveillance.ig"/><meta><profile value="http://hl7.org/fhir/uv/crmi/StructureDefinition/crmi-shareableimplementationguide"/><profile value="http://hl7.org/fhir/uv/crmi/StructureDefinition/crmi-publishableimplementationguide"/></meta><text><status value="generated"/><div xmlns="http://www.w3.org/1999/xhtml"><p class="res-header-id"><b>Generated Narrative: ImplementationGuide tracker.tb.case.surveillance.ig</b></p><a name="tracker.tb.case.surveillance.ig"> </a><a name="hctracker.tb.case.surveillance.ig"> </a><a name="tracker.tb.case.surveillance.ig-en-US"> </a><h2>TrackerTBCaseSurveillanceImplementationGuide</h2><p>The official URL for this implementation guide is: </p><pre>http://example.org/ImplementationGuide/tracker.tb.case.surveillance.ig</pre><div><p>Reference IG for Tracker TB Case Surveillance.</p>
</div></div></text><url value="http://example.org/ImplementationGuide/tracker.tb.case.surveillance.ig"/><version value="0.1.0"/><name value="TrackerTBCaseSurveillanceImplementationGuide"/><title value="Tracker TB Case Surveillance Implementation Guide"/><status value="draft"/><experimental value="true"/><date value="2025-01-06T14:12:01+00:00"/><publisher value="DHIS2"/><contact><name value="DHIS2"/><telecom><system value="url"/><value value="http://dhis2.org"/></telecom></contact><description value="Reference IG for Tracker TB Case Surveillance."/><packageId value="tracker.tb.case.surveillance.ig"/><license value="CC-BY-SA-3.0"/><fhirVersion value="4.0.1"/><dependsOn id="hl7_terminology"><uri value="http://terminology.hl7.org/ImplementationGuide/hl7.terminology"/><packageId value="hl7.terminology"/><version value="5.5.0"/></dependsOn><dependsOn id="hl7_fhir_uv_extensions_r4"><uri value="http://hl7.org/fhir/extensions/ImplementationGuide/hl7.fhir.uv.extensions"/><packageId value="hl7.fhir.uv.extensions.r4"/><version value="5.1.0"/></dependsOn><dependsOn id="hl7_fhir_uv_crmi"><uri value="http://hl7.org/fhir/uv/crmi/ImplementationGuide/hl7.fhir.uv.crmi"/><packageId value="hl7.fhir.uv.crmi"/><version value="1.0.0"/></dependsOn><dependsOn id="hl7_fhir_uv_sdc"><uri value="http://hl7.org/fhir/uv/sdc/ImplementationGuide/hl7.fhir.uv.sdc"/><packageId value="hl7.fhir.uv.sdc"/><version value="3.0.0"/></dependsOn><definition><extension url="http://hl7.org/fhir/tools/StructureDefinition/ig-parameter"><extension url="code"><valueString value="copyrightyear"/></extension><extension url="value"><valueString value="2024+"/></extension></extension><extension url="http://hl7.org/fhir/tools/StructureDefinition/ig-parameter"><extension url="code"><valueString value="releaselabel"/></extension><extension url="value"><valueString value="draft"/></extension></extension><extension url="http://hl7.org/fhir/tools/StructureDefinition/ig-parameter"><extension url="code"><valueString value="autoload-resources"/></extension><extension url="value"><valueString value="true"/></extension></extension><extension url="http://hl7.org/fhir/tools/StructureDefinition/ig-parameter"><extension url="code"><valueString value="path-liquid"/></extension><extension url="value"><valueString value="template/liquid"/></extension></extension><extension url="http://hl7.org/fhir/tools/StructureDefinition/ig-parameter"><extension url="code"><valueString value="path-liquid"/></extension><extension url="value"><valueString value="input/liquid"/></extension></extension><extension url="http://hl7.org/fhir/tools/StructureDefinition/ig-parameter"><extension url="code"><valueString value="path-qa"/></extension><extension url="value"><valueString value="temp/qa"/></extension></extension><extension url="http://hl7.org/fhir/tools/StructureDefinition/ig-parameter"><extension url="code"><valueString value="path-temp"/></extension><extension url="value"><valueString value="temp/pages"/></extension></extension><extension url="http://hl7.org/fhir/tools/StructureDefinition/ig-parameter"><extension url="code"><valueString value="path-output"/></extension><extension url="value"><valueString value="output"/></extension></extension><extension url="http://hl7.org/fhir/tools/StructureDefinition/ig-parameter"><extension url="code"><valueString value="path-suppressed-warnings"/></extension><extension url="value"><valueString value="input/ignoreWarnings.txt"/></extension></extension><extension url="http://hl7.org/fhir/tools/StructureDefinition/ig-parameter"><extension url="code"><valueString value="path-history"/></extension><extension url="value"><valueString value="http://example.org/history.html"/></extension></extension><extension url="http://hl7.org/fhir/tools/StructureDefinition/ig-parameter"><extension url="code"><valueString value="template-html"/></extension><extension url="value"><valueString value="template-page.html"/></extension></extension><extension url="http://hl7.org/fhir/tools/StructureDefinition/ig-parameter"><extension url="code"><valueString value="template-md"/></extension><extension url="value"><valueString value="template-page-md.html"/></extension></extension><extension url="http://hl7.org/fhir/tools/StructureDefinition/ig-parameter"><extension url="code"><valueString value="apply-contact"/></extension><extension url="value"><valueString value="true"/></extension></extension><extension url="http://hl7.org/fhir/tools/StructureDefinition/ig-parameter"><extension url="code"><valueString value="apply-context"/></extension><extension url="value"><valueString value="true"/></extension></extension><extension url="http://hl7.org/fhir/tools/StructureDefinition/ig-parameter"><extension url="code"><valueString value="apply-copyright"/></extension><extension url="value"><valueString value="true"/></extension></extension><extension url="http://hl7.org/fhir/tools/StructureDefinition/ig-parameter"><extension url="code"><valueString value="apply-jurisdiction"/></extension><extension url="value"><valueString value="true"/></extension></extension><extension url="http://hl7.org/fhir/tools/StructureDefinition/ig-parameter"><extension url="code"><valueString value="apply-license"/></extension><extension url="value"><valueString value="true"/></extension></extension><extension url="http://hl7.org/fhir/tools/StructureDefinition/ig-parameter"><extension url="code"><valueString value="apply-publisher"/></extension><extension url="value"><valueString value="true"/></extension></extension><extension url="http://hl7.org/fhir/tools/StructureDefinition/ig-parameter"><extension url="code"><valueString value="apply-version"/></extension><extension url="value"><valueString value="true"/></extension></extension><extension url="http://hl7.org/fhir/tools/StructureDefinition/ig-parameter"><extension url="code"><valueString value="apply-wg"/></extension><extension url="value"><valueString value="true"/></extension></extension><extension url="http://hl7.org/fhir/tools/StructureDefinition/ig-parameter"><extension url="code"><valueString value="active-tables"/></extension><extension url="value"><valueString value="true"/></extension></extension><extension url="http://hl7.org/fhir/tools/StructureDefinition/ig-parameter"><extension url="code"><valueString value="fmm-definition"/></extension><extension url="value"><valueString value="http://hl7.org/fhir/versions.html#maturity"/></extension></extension><extension url="http://hl7.org/fhir/tools/StructureDefinition/ig-parameter"><extension url="code"><valueString value="propagate-status"/></extension><extension url="value"><valueString value="true"/></extension></extension><extension url="http://hl7.org/fhir/tools/StructureDefinition/ig-parameter"><extension url="code"><valueString value="excludelogbinaryformat"/></extension><extension url="value"><valueString value="true"/></extension></extension><extension url="http://hl7.org/fhir/tools/StructureDefinition/ig-parameter"><extension url="code"><valueString value="tabbed-snapshots"/></extension><extension url="value"><valueString value="true"/></extension></extension><extension url="http://hl7.org/fhir/tools/StructureDefinition/ig-internal-dependency"><valueCode value="hl7.fhir.uv.tools.r4#0.3.0"/></extension><extension url="http://hl7.org/fhir/tools/StructureDefinition/ig-parameter"><extension url="code"><valueCode value="copyrightyear"/></extension><extension url="value"><valueString value="2024+"/></extension></extension><extension url="http://hl7.org/fhir/tools/StructureDefinition/ig-parameter"><extension url="code"><valueCode value="releaselabel"/></extension><extension url="value"><valueString value="draft"/></extension></extension><extension url="http://hl7.org/fhir/tools/StructureDefinition/ig-parameter"><extension url="code"><valueCode value="autoload-resources"/></extension><extension url="value"><valueString value="true"/></extension></extension><extension url="http://hl7.org/fhir/tools/StructureDefinition/ig-parameter"><extension url="code"><valueCode value="path-liquid"/></extension><extension url="value"><valueString value="template/liquid"/></extension></extension><extension url="http://hl7.org/fhir/tools/StructureDefinition/ig-parameter"><extension url="code"><valueCode value="path-liquid"/></extension><extension url="value"><valueString value="input/liquid"/></extension></extension><extension url="http://hl7.org/fhir/tools/StructureDefinition/ig-parameter"><extension url="code"><valueCode value="path-qa"/></extension><extension url="value"><valueString value="temp/qa"/></extension></extension><extension url="http://hl7.org/fhir/tools/StructureDefinition/ig-parameter"><extension url="code"><valueCode value="path-temp"/></extension><extension url="value"><valueString value="temp/pages"/></extension></extension><extension url="http://hl7.org/fhir/tools/StructureDefinition/ig-parameter"><extension url="code"><valueCode value="path-output"/></extension><extension url="value"><valueString value="output"/></extension></extension><extension url="http://hl7.org/fhir/tools/StructureDefinition/ig-parameter"><extension url="code"><valueCode value="path-suppressed-warnings"/></extension><extension url="value"><valueString value="input/ignoreWarnings.txt"/></extension></extension><extension url="http://hl7.org/fhir/tools/StructureDefinition/ig-parameter"><extension url="code"><valueCode value="path-history"/></extension><extension url="value"><valueString value="http://example.org/history.html"/></extension></extension><extension url="http://hl7.org/fhir/tools/StructureDefinition/ig-parameter"><extension url="code"><valueCode value="template-html"/></extension><extension url="value"><valueString value="template-page.html"/></extension></extension><extension url="http://hl7.org/fhir/tools/StructureDefinition/ig-parameter"><extension url="code"><valueCode value="template-md"/></extension><extension url="value"><valueString value="template-page-md.html"/></extension></extension><extension url="http://hl7.org/fhir/tools/StructureDefinition/ig-parameter"><extension url="code"><valueCode value="apply-contact"/></extension><extension url="value"><valueString value="true"/></extension></extension><extension url="http://hl7.org/fhir/tools/StructureDefinition/ig-parameter"><extension url="code"><valueCode value="apply-context"/></extension><extension url="value"><valueString value="true"/></extension></extension><extension url="http://hl7.org/fhir/tools/StructureDefinition/ig-parameter"><extension url="code"><valueCode value="apply-copyright"/></extension><extension url="value"><valueString value="true"/></extension></extension><extension url="http://hl7.org/fhir/tools/StructureDefinition/ig-parameter"><extension url="code"><valueCode value="apply-jurisdiction"/></extension><extension url="value"><valueString value="true"/></extension></extension><extension url="http://hl7.org/fhir/tools/StructureDefinition/ig-parameter"><extension url="code"><valueCode value="apply-license"/></extension><extension url="value"><valueString value="true"/></extension></extension><extension url="http://hl7.org/fhir/tools/StructureDefinition/ig-parameter"><extension url="code"><valueCode value="apply-publisher"/></extension><extension url="value"><valueString value="true"/></extension></extension><extension url="http://hl7.org/fhir/tools/StructureDefinition/ig-parameter"><extension url="code"><valueCode value="apply-version"/></extension><extension url="value"><valueString value="true"/></extension></extension><extension url="http://hl7.org/fhir/tools/StructureDefinition/ig-parameter"><extension url="code"><valueCode value="apply-wg"/></extension><extension url="value"><valueString value="true"/></extension></extension><extension url="http://hl7.org/fhir/tools/StructureDefinition/ig-parameter"><extension url="code"><valueCode value="active-tables"/></extension><extension url="value"><valueString value="true"/></extension></extension><extension url="http://hl7.org/fhir/tools/StructureDefinition/ig-parameter"><extension url="code"><valueCode value="fmm-definition"/></extension><extension url="value"><valueString value="http://hl7.org/fhir/versions.html#maturity"/></extension></extension><extension url="http://hl7.org/fhir/tools/StructureDefinition/ig-parameter"><extension url="code"><valueCode value="propagate-status"/></extension><extension url="value"><valueString value="true"/></extension></extension><extension url="http://hl7.org/fhir/tools/StructureDefinition/ig-parameter"><extension url="code"><valueCode value="excludelogbinaryformat"/></extension><extension url="value"><valueString value="true"/></extension></extension><extension url="http://hl7.org/fhir/tools/StructureDefinition/ig-parameter"><extension url="code"><valueCode value="tabbed-snapshots"/></extension><extension url="value"><valueString value="true"/></extension></extension><extension url="http://hl7.org/fhir/tools/StructureDefinition/ig-parameter"><extension url="code"><valueCode value="copyrightyear"/></extension><extension url="value"><valueString value="2024+"/></extension></extension><extension url="http://hl7.org/fhir/tools/StructureDefinition/ig-parameter"><extension url="code"><valueCode value="releaselabel"/></extension><extension url="value"><valueString value="draft"/></extension></extension><extension url="http://hl7.org/fhir/tools/StructureDefinition/ig-parameter"><extension url="code"><valueCode value="autoload-resources"/></extension><extension url="value"><valueString value="true"/></extension></extension><extension url="http://hl7.org/fhir/tools/StructureDefinition/ig-parameter"><extension url="code"><valueCode value="path-liquid"/></extension><extension url="value"><valueString value="template/liquid"/></extension></extension><extension url="http://hl7.org/fhir/tools/StructureDefinition/ig-parameter"><extension url="code"><valueCode value="path-liquid"/></extension><extension url="value"><valueString value="input/liquid"/></extension></extension><extension url="http://hl7.org/fhir/tools/StructureDefinition/ig-parameter"><extension url="code"><valueCode value="path-qa"/></extension><extension url="value"><valueString value="temp/qa"/></extension></extension><extension url="http://hl7.org/fhir/tools/StructureDefinition/ig-parameter"><extension url="code"><valueCode value="path-temp"/></extension><extension url="value"><valueString value="temp/pages"/></extension></extension><extension url="http://hl7.org/fhir/tools/StructureDefinition/ig-parameter"><extension url="code"><valueCode value="path-output"/></extension><extension url="value"><valueString value="output"/></extension></extension><extension url="http://hl7.org/fhir/tools/StructureDefinition/ig-parameter"><extension url="code"><valueCode value="path-suppressed-warnings"/></extension><extension url="value"><valueString value="input/ignoreWarnings.txt"/></extension></extension><extension url="http://hl7.org/fhir/tools/StructureDefinition/ig-parameter"><extension url="code"><valueCode value="path-history"/></extension><extension url="value"><valueString value="http://example.org/history.html"/></extension></extension><extension url="http://hl7.org/fhir/tools/StructureDefinition/ig-parameter"><extension url="code"><valueCode value="template-html"/></extension><extension url="value"><valueString value="template-page.html"/></extension></extension><extension url="http://hl7.org/fhir/tools/StructureDefinition/ig-parameter"><extension url="code"><valueCode value="template-md"/></extension><extension url="value"><valueString value="template-page-md.html"/></extension></extension><extension url="http://hl7.org/fhir/tools/StructureDefinition/ig-parameter"><extension url="code"><valueCode value="apply-contact"/></extension><extension url="value"><valueString value="true"/></extension></extension><extension url="http://hl7.org/fhir/tools/StructureDefinition/ig-parameter"><extension url="code"><valueCode value="apply-context"/></extension><extension url="value"><valueString value="true"/></extension></extension><extension url="http://hl7.org/fhir/tools/StructureDefinition/ig-parameter"><extension url="code"><valueCode value="apply-copyright"/></extension><extension url="value"><valueString value="true"/></extension></extension><extension url="http://hl7.org/fhir/tools/StructureDefinition/ig-parameter"><extension url="code"><valueCode value="apply-jurisdiction"/></extension><extension url="value"><valueString value="true"/></extension></extension><extension url="http://hl7.org/fhir/tools/StructureDefinition/ig-parameter"><extension url="code"><valueCode value="apply-license"/></extension><extension url="value"><valueString value="true"/></extension></extension><extension url="http://hl7.org/fhir/tools/StructureDefinition/ig-parameter"><extension url="code"><valueCode value="apply-publisher"/></extension><extension url="value"><valueString value="true"/></extension></extension><extension url="http://hl7.org/fhir/tools/StructureDefinition/ig-parameter"><extension url="code"><valueCode value="apply-version"/></extension><extension url="value"><valueString value="true"/></extension></extension><extension url="http://hl7.org/fhir/tools/StructureDefinition/ig-parameter"><extension url="code"><valueCode value="apply-wg"/></extension><extension url="value"><valueString value="true"/></extension></extension><extension url="http://hl7.org/fhir/tools/StructureDefinition/ig-parameter"><extension url="code"><valueCode value="active-tables"/></extension><extension url="value"><valueString value="true"/></extension></extension><extension url="http://hl7.org/fhir/tools/StructureDefinition/ig-parameter"><extension url="code"><valueCode value="fmm-definition"/></extension><extension url="value"><valueString value="http://hl7.org/fhir/versions.html#maturity"/></extension></extension><extension url="http://hl7.org/fhir/tools/StructureDefinition/ig-parameter"><extension url="code"><valueCode value="propagate-status"/></extension><extension url="value"><valueString value="true"/></extension></extension><extension url="http://hl7.org/fhir/tools/StructureDefinition/ig-parameter"><extension url="code"><valueCode value="excludelogbinaryformat"/></extension><extension url="value"><valueString value="true"/></extension></extension><extension url="http://hl7.org/fhir/tools/StructureDefinition/ig-parameter"><extension url="code"><valueCode value="tabbed-snapshots"/></extension><extension url="value"><valueString value="true"/></extension></extension><grouping id="-str-logicalmodel"><name value="Structures: Logical Models"/><description value="These define data models that represent the domain covered by this implementation guide in more business-friendly terms than the underlying FHIR resources."/></grouping><grouping id="-str-questionnaire"><name value="Structures: Questionnaires"/><description value="These define forms used by systems conforming to this implementation guide to capture or expose data to end users."/></grouping><grouping id="-term-valueset"><name value="Terminology: Value Sets"/><description value="These define sets of codes used by systems conforming to this implementation guide."/></grouping><grouping id="-term-codesystem"><name value="Terminology: Code Systems"/><description value="These define new code systems used by systems conforming to this implementation guide."/></grouping><resource><extension url="http://hl7.org/fhir/tools/StructureDefinition/resource-sort"><valueInteger value="999999999"/></extension><extension url="http://hl7.org/fhir/StructureDefinition/implementationguide-page"><valueUri value="StructureDefinition-DiagnosisAndNotification.html"/></extension><reference><reference value="StructureDefinition/DiagnosisAndNotification"/></reference><name value="Diagnosis and notification"/><description value="Represents the collection of baseline patient data, risk factors, and the diagnostic decision, including notifications of confirmed or ruled-out cases."/><exampleBoolean value="false"/><groupingId value="-str-logicalmodel"/></resource><resource><extension url="http://hl7.org/fhir/tools/StructureDefinition/resource-sort"><valueInteger value="999999999"/></extension><extension url="http://hl7.org/fhir/StructureDefinition/implementationguide-page"><valueUri value="StructureDefinition-DiagnosticLaboratoryResults.html"/></extension><reference><reference value="StructureDefinition/DiagnosticLaboratoryResults"/></reference><name value="Diagnostic laboratory results"/><description value="Captures diagnostic test results along with sample information to determine TB infection status."/><exampleBoolean value="false"/><groupingId value="-str-logicalmodel"/></resource><resource><extension url="http://hl7.org/fhir/tools/StructureDefinition/resource-sort"><valueInteger value="999999999"/></extension><extension url="http://hl7.org/fhir/StructureDefinition/implementationguide-page"><valueUri value="StructureDefinition-MonitoringLaboratoryResults.html"/></extension><reference><reference value="StructureDefinition/MonitoringLaboratoryResults"/></reference><name value="Monitoring laboratory results"/><description value="Captures laboratory test results for monitoring treatment progress, including sputum microscopy and culture tests for drug-resistant TB cases."/><exampleBoolean value="false"/><groupingId value="-str-logicalmodel"/></resource><resource><extension url="http://hl7.org/fhir/tools/StructureDefinition/resource-sort"><valueInteger value="999999999"/></extension><extension url="http://hl7.org/fhir/StructureDefinition/implementationguide-page"><valueUri value="StructureDefinition-Outcome.html"/></extension><reference><reference value="StructureDefinition/Outcome"/></reference><name value="Outcome"/><description value="Represents the final outcome of the TB case, including case closure, treatment success, or necessary corrections."/><exampleBoolean value="false"/><groupingId value="-str-logicalmodel"/></resource><resource><extension url="http://hl7.org/fhir/tools/StructureDefinition/resource-sort"><valueInteger value="999999999"/></extension><extension url="http://hl7.org/fhir/StructureDefinition/implementationguide-page"><valueUri value="StructureDefinition-TBCaseSurveillance.html"/></extension><reference><reference value="StructureDefinition/TBCaseSurveillance"/></reference><name value="TB Case Surveillance"/><description value="Represents the overall structure of the program and the initial capture of patient demographcis and key identifiers."/><exampleBoolean value="false"/><groupingId value="-str-logicalmodel"/></resource><resource><extension url="http://hl7.org/fhir/tools/StructureDefinition/resource-sort"><valueInteger value="999999999"/></extension><extension url="http://hl7.org/fhir/StructureDefinition/implementationguide-page"><valueUri value="StructureDefinition-TBTreatment.html"/></extension><reference><reference value="StructureDefinition/TBTreatment"/></reference><name value="TB Treatment"/><description value="Tracks the patient’s treatment regimen, including details of medication, dosages, and any updates to the treatment plan."/><exampleBoolean value="false"/><groupingId value="-str-logicalmodel"/></resource><resource><extension url="http://hl7.org/fhir/tools/StructureDefinition/resource-sort"><valueInteger value="999999999"/></extension><extension url="http://hl7.org/fhir/StructureDefinition/implementationguide-page"><valueUri value="Questionnaire-DiagnosisAndNotificationQuestionnaire.html"/></extension><extension url="http://hl7.org/fhir/tools/StructureDefinition/contained-resource-information"><extension url="type"><valueCode value="ValueSet"/></extension><extension url="id"><valueId value="GENYesNoUnknownVS"/></extension><extension url="title"><valueString value="ValueSet"/></extension><extension url="description"><valueString value="Value set for DHIS2 'Yes/No/Unknown' option set."/></extension></extension><extension url="http://hl7.org/fhir/tools/StructureDefinition/contained-resource-information"><extension url="type"><valueCode value="ValueSet"/></extension><extension url="id"><valueId value="TBCSTreatmentHistoryVS"/></extension><extension url="title"><valueString value="ValueSet"/></extension><extension url="description"><valueString value="Value set for DHIS2 'Treatment history' option set."/></extension></extension><extension url="http://hl7.org/fhir/tools/StructureDefinition/contained-resource-information"><extension url="type"><valueCode value="ValueSet"/></extension><extension url="id"><valueId value="TBCSConfirmationMethodVS"/></extension><extension url="title"><valueString value="ValueSet"/></extension><extension url="description"><valueString value="Value set for DHIS2 'Confirmation method' option set."/></extension></extension><extension url="http://hl7.org/fhir/tools/StructureDefinition/contained-resource-information"><extension url="type"><valueCode value="ValueSet"/></extension><extension url="id"><valueId value="TBCSSiteOfDiseaseVS"/></extension><extension url="title"><valueString value="ValueSet"/></extension><extension url="description"><valueString value="Value set for DHIS2 'Site of disease' option set."/></extension></extension><reference><reference value="Questionnaire/DiagnosisAndNotificationQuestionnaire"/></reference><name value="Diagnosis and Notification Questionnaire"/><description value="Represents the collection of baseline patient data, risk factors, and the diagnostic decision, including notifications of confirmed or ruled-out cases."/><exampleBoolean value="false"/><groupingId value="-str-questionnaire"/></resource><resource><extension url="http://hl7.org/fhir/tools/StructureDefinition/resource-sort"><valueInteger value="999999999"/></extension><extension url="http://hl7.org/fhir/StructureDefinition/implementationguide-page"><valueUri value="Questionnaire-DiagnosticLaboratoryResultsQuestionnaire.html"/></extension><extension url="http://hl7.org/fhir/tools/StructureDefinition/contained-resource-information"><extension url="type"><valueCode value="ValueSet"/></extension><extension url="id"><valueId value="TBLABDSTResultVS"/></extension><extension url="title"><valueString value="ValueSet"/></extension><extension url="description"><valueString value="Value set for DHIS2 'DST result' option set."/></extension></extension><extension url="http://hl7.org/fhir/tools/StructureDefinition/contained-resource-information"><extension url="type"><valueCode value="ValueSet"/></extension><extension url="id"><valueId value="SusceptibleResistantIndeterminateVS"/></extension><extension url="title"><valueString value="ValueSet"/></extension><extension url="description"><valueString value="Value set for DHIS2 'Susceptible/Resistant/Indeterminate' option set."/></extension></extension><extension url="http://hl7.org/fhir/tools/StructureDefinition/contained-resource-information"><extension url="type"><valueCode value="ValueSet"/></extension><extension url="id"><valueId value="TBLABMTBTestResultVS"/></extension><extension url="title"><valueString value="ValueSet"/></extension><extension url="description"><valueString value="Value set for DHIS2 'MTB test result' option set."/></extension></extension><extension url="http://hl7.org/fhir/tools/StructureDefinition/contained-resource-information"><extension url="type"><valueCode value="ValueSet"/></extension><extension url="id"><valueId value="TBLABFinalCultureResultVS"/></extension><extension url="title"><valueString value="ValueSet"/></extension><extension url="description"><valueString value="Value set for DHIS2 'Final culture result' option set."/></extension></extension><extension url="http://hl7.org/fhir/tools/StructureDefinition/contained-resource-information"><extension url="type"><valueCode value="ValueSet"/></extension><extension url="id"><valueId value="TBLABSmearResultVS"/></extension><extension url="title"><valueString value="ValueSet"/></extension><extension url="description"><valueString value="Value set for DHIS2 'Smear result' option set."/></extension></extension><extension url="http://hl7.org/fhir/tools/StructureDefinition/contained-resource-information"><extension url="type"><valueCode value="ValueSet"/></extension><extension url="id"><valueId value="TBLABSampleQualityVS"/></extension><extension url="title"><valueString value="ValueSet"/></extension><extension url="description"><valueString value="Value set for DHIS2 'Sample quality' option set."/></extension></extension><extension url="http://hl7.org/fhir/tools/StructureDefinition/contained-resource-information"><extension url="type"><valueCode value="ValueSet"/></extension><extension url="id"><valueId value="TBLABLPASpecimenVS"/></extension><extension url="title"><valueString value="ValueSet"/></extension><extension url="description"><valueString value="Value set for DHIS2 'LPA specimen' option set."/></extension></extension><extension url="http://hl7.org/fhir/tools/StructureDefinition/contained-resource-information"><extension url="type"><valueCode value="ValueSet"/></extension><extension url="id"><valueId value="TBLABSampleStatusVS"/></extension><extension url="title"><valueString value="ValueSet"/></extension><extension url="description"><valueString value="Value set for DHIS2 'Sample status' option set."/></extension></extension><reference><reference value="Questionnaire/DiagnosticLaboratoryResultsQuestionnaire"/></reference><name value="Diagnostic Laboratory Results Questionnaire"/><description value="A questionnaire for capturing diagnostic test results and sample information to determine TB infection status."/><exampleBoolean value="false"/><groupingId value="-str-questionnaire"/></resource><resource><extension url="http://hl7.org/fhir/tools/StructureDefinition/resource-sort"><valueInteger value="999999999"/></extension><extension url="http://hl7.org/fhir/StructureDefinition/implementationguide-page"><valueUri value="Questionnaire-MonitoringLaboratoryResultsQuestionnaire.html"/></extension><extension url="http://hl7.org/fhir/tools/StructureDefinition/contained-resource-information"><extension url="type"><valueCode value="ValueSet"/></extension><extension url="id"><valueId value="TBLABFinalCultureResultVS"/></extension><extension url="title"><valueString value="ValueSet"/></extension><extension url="description"><valueString value="Value set for DHIS2 'Final culture result' option set."/></extension></extension><extension url="http://hl7.org/fhir/tools/StructureDefinition/contained-resource-information"><extension url="type"><valueCode value="ValueSet"/></extension><extension url="id"><valueId value="TBLABSmearResultVS"/></extension><extension url="title"><valueString value="ValueSet"/></extension><extension url="description"><valueString value="Value set for DHIS2 'Smear result' option set."/></extension></extension><extension url="http://hl7.org/fhir/tools/StructureDefinition/contained-resource-information"><extension url="type"><valueCode value="ValueSet"/></extension><extension url="id"><valueId value="TBLABSampleQualityVS"/></extension><extension url="title"><valueString value="ValueSet"/></extension><extension url="description"><valueString value="Value set for DHIS2 'Sample quality' option set."/></extension></extension><extension url="http://hl7.org/fhir/tools/StructureDefinition/contained-resource-information"><extension url="type"><valueCode value="ValueSet"/></extension><extension url="id"><valueId value="TBLABSampleStatusVS"/></extension><extension url="title"><valueString value="ValueSet"/></extension><extension url="description"><valueString value="Value set for DHIS2 'Sample status' option set."/></extension></extension><reference><reference value="Questionnaire/MonitoringLaboratoryResultsQuestionnaire"/></reference><name value="Monitoring Laboratory Results Questionnaire"/><description value="A questionnaire for capturing laboratory test results to monitor treatment progress, including sputum microscopy and culture tests for drug-resistant TB cases."/><exampleBoolean value="false"/><groupingId value="-str-questionnaire"/></resource><resource><extension url="http://hl7.org/fhir/tools/StructureDefinition/resource-sort"><valueInteger value="999999999"/></extension><extension url="http://hl7.org/fhir/StructureDefinition/implementationguide-page"><valueUri value="Questionnaire-TBCaseSurveillanceQuestionnaire.html"/></extension><extension url="http://hl7.org/fhir/tools/StructureDefinition/contained-resource-information"><extension url="type"><valueCode value="ValueSet"/></extension><extension url="id"><valueId value="RRTGENSexVS"/></extension><extension url="title"><valueString value="ValueSet"/></extension><extension url="description"><valueString value="Value set for DHIS2 'Sex' option set."/></extension></extension><extension url="http://hl7.org/fhir/tools/StructureDefinition/contained-resource-information"><extension url="type"><valueCode value="ValueSet"/></extension><extension url="id"><valueId value="GENYesNoUnknownVS"/></extension><extension url="title"><valueString value="ValueSet"/></extension><extension url="description"><valueString value="Value set for DHIS2 'Yes/No/Unknown' option set."/></extension></extension><reference><reference value="Questionnaire/TBCaseSurveillanceQuestionnaire"/></reference><name value="TB Case Surveillance Questionnaire"/><description value="A questionnaire for TB Case Surveillance capturing patient demographics and program-specific information."/><exampleBoolean value="false"/><groupingId value="-str-questionnaire"/></resource><resource><extension url="http://hl7.org/fhir/tools/StructureDefinition/resource-sort"><valueInteger value="999999999"/></extension><extension url="http://hl7.org/fhir/StructureDefinition/implementationguide-page"><valueUri value="Questionnaire-TBOutcomeQuestionnaire.html"/></extension><extension url="http://hl7.org/fhir/tools/StructureDefinition/contained-resource-information"><extension url="type"><valueCode value="ValueSet"/></extension><extension url="id"><valueId value="TBCSTreatmentOutcomeVS"/></extension><extension url="title"><valueString value="ValueSet"/></extension><extension url="description"><valueString value="Value set for DHIS2 'Treatment outcome' option set."/></extension></extension><extension url="http://hl7.org/fhir/tools/StructureDefinition/contained-resource-information"><extension url="type"><valueCode value="ValueSet"/></extension><extension url="id"><valueId value="TBCSDenotificationReasonsVS"/></extension><extension url="title"><valueString value="ValueSet"/></extension><extension url="description"><valueString value="Value set for DHIS2 'Denotification reasons' option set."/></extension></extension><reference><reference value="Questionnaire/TBOutcomeQuestionnaire"/></reference><name value="TB Outcome Questionnaire"/><description value="A questionnaire for capturing the final outcome of the TB case, including case closure, treatment success, or necessary corrections."/><exampleBoolean value="false"/><groupingId value="-str-questionnaire"/></resource><resource><extension url="http://hl7.org/fhir/tools/StructureDefinition/resource-sort"><valueInteger value="999999999"/></extension><extension url="http://hl7.org/fhir/StructureDefinition/implementationguide-page"><valueUri value="Questionnaire-TBTreatmentQuestionnaire.html"/></extension><extension url="http://hl7.org/fhir/tools/StructureDefinition/contained-resource-information"><extension url="type"><valueCode value="ValueSet"/></extension><extension url="id"><valueId value="TBCSTreatmentCategoryVS"/></extension><extension url="title"><valueString value="ValueSet"/></extension><extension url="description"><valueString value="Value set for DHIS2 'Treatment category' option set."/></extension></extension><extension url="http://hl7.org/fhir/tools/StructureDefinition/contained-resource-information"><extension url="type"><valueCode value="ValueSet"/></extension><extension url="id"><valueId value="TBCSResistanceClassificationVS"/></extension><extension url="title"><valueString value="ValueSet"/></extension><extension url="description"><valueString value="Value set for DHIS2 'Resistance Classification' option set."/></extension></extension><reference><reference value="Questionnaire/TBTreatmentQuestionnaire"/></reference><name value="TB Treatment Questionnaire"/><description value="A questionnaire for capturing details of the patient’s treatment regimen, including medications, dosages, and updates to the treatment plan."/><exampleBoolean value="false"/><groupingId value="-str-questionnaire"/></resource><resource><extension url="http://hl7.org/fhir/tools/StructureDefinition/resource-sort"><valueInteger value="999999999"/></extension><extension url="http://hl7.org/fhir/StructureDefinition/implementationguide-page"><valueUri value="ValueSet-GENYesNoUnknownVS.html"/></extension><reference><reference value="ValueSet/GENYesNoUnknownVS"/></reference><name value="GEN - Yes/No/Unknown value set"/><description value="Value set for DHIS2 'Yes/No/Unknown' option set."/><exampleBoolean value="false"/><groupingId value="-term-valueset"/></resource><resource><extension url="http://hl7.org/fhir/tools/StructureDefinition/resource-sort"><valueInteger value="999999999"/></extension><extension url="http://hl7.org/fhir/StructureDefinition/implementationguide-page"><valueUri value="ValueSet-RRTGENSexVS.html"/></extension><reference><reference value="ValueSet/RRTGENSexVS"/></reference><name value="RRT - GEN - Sex value set"/><description value="Value set for DHIS2 'Sex' option set."/><exampleBoolean value="false"/><groupingId value="-term-valueset"/></resource><resource><extension url="http://hl7.org/fhir/tools/StructureDefinition/resource-sort"><valueInteger value="999999999"/></extension><extension url="http://hl7.org/fhir/StructureDefinition/implementationguide-page"><valueUri value="ValueSet-SusceptibleResistantIndeterminateVS.html"/></extension><reference><reference value="ValueSet/SusceptibleResistantIndeterminateVS"/></reference><name value="Susceptible/Resistant/Indeterminate value set"/><description value="Value set for DHIS2 'Susceptible/Resistant/Indeterminate' option set."/><exampleBoolean value="false"/><groupingId value="-term-valueset"/></resource><resource><extension url="http://hl7.org/fhir/tools/StructureDefinition/resource-sort"><valueInteger value="999999999"/></extension><extension url="http://hl7.org/fhir/StructureDefinition/implementationguide-page"><valueUri value="ValueSet-TBCSConfirmationMethodVS.html"/></extension><reference><reference value="ValueSet/TBCSConfirmationMethodVS"/></reference><name value="TB CS - Confirmation method value set"/><description value="Value set for DHIS2 'Confirmation method' option set."/><exampleBoolean value="false"/><groupingId value="-term-valueset"/></resource><resource><extension url="http://hl7.org/fhir/tools/StructureDefinition/resource-sort"><valueInteger value="999999999"/></extension><extension url="http://hl7.org/fhir/StructureDefinition/implementationguide-page"><valueUri value="ValueSet-TBCSDenotificationReasonsVS.html"/></extension><reference><reference value="ValueSet/TBCSDenotificationReasonsVS"/></reference><name value="TB CS - Denotification reasons value set"/><description value="Value set for DHIS2 'Denotification reasons' option set."/><exampleBoolean value="false"/><groupingId value="-term-valueset"/></resource><resource><extension url="http://hl7.org/fhir/tools/StructureDefinition/resource-sort"><valueInteger value="999999999"/></extension><extension url="http://hl7.org/fhir/StructureDefinition/implementationguide-page"><valueUri value="ValueSet-TBCSResistanceClassificationVS.html"/></extension><reference><reference value="ValueSet/TBCSResistanceClassificationVS"/></reference><name value="TB CS - Resistance Classification value set"/><description value="Value set for DHIS2 'Resistance Classification' option set."/><exampleBoolean value="false"/><groupingId value="-term-valueset"/></resource><resource><extension url="http://hl7.org/fhir/tools/StructureDefinition/resource-sort"><valueInteger value="999999999"/></extension><extension url="http://hl7.org/fhir/StructureDefinition/implementationguide-page"><valueUri value="ValueSet-TBCSSiteOfDiseaseVS.html"/></extension><reference><reference value="ValueSet/TBCSSiteOfDiseaseVS"/></reference><name value="TB CS - Site of disease value set"/><description value="Value set for DHIS2 'Site of disease' option set."/><exampleBoolean value="false"/><groupingId value="-term-valueset"/></resource><resource><extension url="http://hl7.org/fhir/tools/StructureDefinition/resource-sort"><valueInteger value="999999999"/></extension><extension url="http://hl7.org/fhir/StructureDefinition/implementationguide-page"><valueUri value="ValueSet-TBCSTreatmentCategoryVS.html"/></extension><reference><reference value="ValueSet/TBCSTreatmentCategoryVS"/></reference><name value="TB CS - Treatment category value set"/><description value="Value set for DHIS2 'Treatment category' option set."/><exampleBoolean value="false"/><groupingId value="-term-valueset"/></resource><resource><extension url="http://hl7.org/fhir/tools/StructureDefinition/resource-sort"><valueInteger value="999999999"/></extension><extension url="http://hl7.org/fhir/StructureDefinition/implementationguide-page"><valueUri value="ValueSet-TBCSTreatmentHistoryVS.html"/></extension><reference><reference value="ValueSet/TBCSTreatmentHistoryVS"/></reference><name value="TB CS - Treatment history value set"/><description value="Value set for DHIS2 'Treatment history' option set."/><exampleBoolean value="false"/><groupingId value="-term-valueset"/></resource><resource><extension url="http://hl7.org/fhir/tools/StructureDefinition/resource-sort"><valueInteger value="999999999"/></extension><extension url="http://hl7.org/fhir/StructureDefinition/implementationguide-page"><valueUri value="ValueSet-TBCSTreatmentOutcomeVS.html"/></extension><reference><reference value="ValueSet/TBCSTreatmentOutcomeVS"/></reference><name value="TB CS - Treatment outcome value set"/><description value="Value set for DHIS2 'Treatment outcome' option set."/><exampleBoolean value="false"/><groupingId value="-term-valueset"/></resource><resource><extension url="http://hl7.org/fhir/tools/StructureDefinition/resource-sort"><valueInteger value="999999999"/></extension><extension url="http://hl7.org/fhir/StructureDefinition/implementationguide-page"><valueUri value="ValueSet-TBLABDSTResultVS.html"/></extension><reference><reference value="ValueSet/TBLABDSTResultVS"/></reference><name value="TB-LAB - DST result value set"/><description value="Value set for DHIS2 'DST result' option set."/><exampleBoolean value="false"/><groupingId value="-term-valueset"/></resource><resource><extension url="http://hl7.org/fhir/tools/StructureDefinition/resource-sort"><valueInteger value="999999999"/></extension><extension url="http://hl7.org/fhir/StructureDefinition/implementationguide-page"><valueUri value="ValueSet-TBLABFinalCultureResultVS.html"/></extension><reference><reference value="ValueSet/TBLABFinalCultureResultVS"/></reference><name value="TB-LAB - Final culture result value set"/><description value="Value set for DHIS2 'Final culture result' option set."/><exampleBoolean value="false"/><groupingId value="-term-valueset"/></resource><resource><extension url="http://hl7.org/fhir/tools/StructureDefinition/resource-sort"><valueInteger value="999999999"/></extension><extension url="http://hl7.org/fhir/StructureDefinition/implementationguide-page"><valueUri value="ValueSet-TBLABLPASpecimenVS.html"/></extension><reference><reference value="ValueSet/TBLABLPASpecimenVS"/></reference><name value="TB-LAB - LPA specimen value set"/><description value="Value set for DHIS2 'LPA specimen' option set."/><exampleBoolean value="false"/><groupingId value="-term-valueset"/></resource><resource><extension url="http://hl7.org/fhir/tools/StructureDefinition/resource-sort"><valueInteger value="999999999"/></extension><extension url="http://hl7.org/fhir/StructureDefinition/implementationguide-page"><valueUri value="ValueSet-TBLABMTBTestResultVS.html"/></extension><reference><reference value="ValueSet/TBLABMTBTestResultVS"/></reference><name value="TB-LAB - MTB test result value set"/><description value="Value set for DHIS2 'MTB test result' option set."/><exampleBoolean value="false"/><groupingId value="-term-valueset"/></resource><resource><extension url="http://hl7.org/fhir/tools/StructureDefinition/resource-sort"><valueInteger value="999999999"/></extension><extension url="http://hl7.org/fhir/StructureDefinition/implementationguide-page"><valueUri value="ValueSet-TBLABSampleQualityVS.html"/></extension><reference><reference value="ValueSet/TBLABSampleQualityVS"/></reference><name value="TB-LAB - Sample quality value set"/><description value="Value set for DHIS2 'Sample quality' option set."/><exampleBoolean value="false"/><groupingId value="-term-valueset"/></resource><resource><extension url="http://hl7.org/fhir/tools/StructureDefinition/resource-sort"><valueInteger value="999999999"/></extension><extension url="http://hl7.org/fhir/StructureDefinition/implementationguide-page"><valueUri value="ValueSet-TBLABSampleStatusVS.html"/></extension><reference><reference value="ValueSet/TBLABSampleStatusVS"/></reference><name value="TB-LAB - Sample status value set"/><description value="Value set for DHIS2 'Sample status' option set."/><exampleBoolean value="false"/><groupingId value="-term-valueset"/></resource><resource><extension url="http://hl7.org/fhir/tools/StructureDefinition/resource-sort"><valueInteger value="999999999"/></extension><extension url="http://hl7.org/fhir/StructureDefinition/implementationguide-page"><valueUri value="ValueSet-TBLABSmearResultVS.html"/></extension><reference><reference value="ValueSet/TBLABSmearResultVS"/></reference><name value="TB-LAB - Smear result value set"/><description value="Value set for DHIS2 'Smear result' option set."/><exampleBoolean value="false"/><groupingId value="-term-valueset"/></resource><resource><extension url="http://hl7.org/fhir/tools/StructureDefinition/resource-sort"><valueInteger value="999999999"/></extension><extension url="http://hl7.org/fhir/StructureDefinition/implementationguide-page"><valueUri value="CodeSystem-GENYesNoUnknownCS.html"/></extension><reference><reference value="CodeSystem/GENYesNoUnknownCS"/></reference><name value="GEN - Yes/No/Unknown"/><description value="Code system for 'Yes/No/Unknown' option set."/><exampleBoolean value="false"/><groupingId value="-term-codesystem"/></resource><resource><extension url="http://hl7.org/fhir/tools/StructureDefinition/resource-sort"><valueInteger value="999999999"/></extension><extension url="http://hl7.org/fhir/StructureDefinition/implementationguide-page"><valueUri value="CodeSystem-RRTGENSexCS.html"/></extension><reference><reference value="CodeSystem/RRTGENSexCS"/></reference><name value="RRT - GEN - Sex"/><description value="Code system for DHIS2 'Sex' option set."/><exampleBoolean value="false"/><groupingId value="-term-codesystem"/></resource><resource><extension url="http://hl7.org/fhir/tools/StructureDefinition/resource-sort"><valueInteger value="999999999"/></extension><extension url="http://hl7.org/fhir/StructureDefinition/implementationguide-page"><valueUri value="CodeSystem-SusceptibleResistantIndeterminateCS.html"/></extension><reference><reference value="CodeSystem/SusceptibleResistantIndeterminateCS"/></reference><name value="Susceptible/Resistant/Indeterminate"/><description value="Code system for DHIS2 'Susceptible/Resistant/Indeterminate' option set."/><exampleBoolean value="false"/><groupingId value="-term-codesystem"/></resource><resource><extension url="http://hl7.org/fhir/tools/StructureDefinition/resource-sort"><valueInteger value="999999999"/></extension><extension url="http://hl7.org/fhir/StructureDefinition/implementationguide-page"><valueUri value="CodeSystem-TBCSConfirmationMethodCS.html"/></extension><reference><reference value="CodeSystem/TBCSConfirmationMethodCS"/></reference><name value="TB CS - Confirmation method"/><description value="Code system for DHIS2 'Confirmation method' option set."/><exampleBoolean value="false"/><groupingId value="-term-codesystem"/></resource><resource><extension url="http://hl7.org/fhir/tools/StructureDefinition/resource-sort"><valueInteger value="999999999"/></extension><extension url="http://hl7.org/fhir/StructureDefinition/implementationguide-page"><valueUri value="CodeSystem-TBCSDenotificationReasonsCS.html"/></extension><reference><reference value="CodeSystem/TBCSDenotificationReasonsCS"/></reference><name value="TB CS - Denotification reasons"/><description value="Code system for DHIS2 'Denotification reasons' option set."/><exampleBoolean value="false"/><groupingId value="-term-codesystem"/></resource><resource><extension url="http://hl7.org/fhir/tools/StructureDefinition/resource-sort"><valueInteger value="999999999"/></extension><extension url="http://hl7.org/fhir/StructureDefinition/implementationguide-page"><valueUri value="CodeSystem-TBCSResistanceClassificationCS.html"/></extension><reference><reference value="CodeSystem/TBCSResistanceClassificationCS"/></reference><name value="TB CS - Resistance Classification"/><description value="Code system for DHIS2 'Resistance Classification' option set."/><exampleBoolean value="false"/><groupingId value="-term-codesystem"/></resource><resource><extension url="http://hl7.org/fhir/tools/StructureDefinition/resource-sort"><valueInteger value="999999999"/></extension><extension url="http://hl7.org/fhir/StructureDefinition/implementationguide-page"><valueUri value="CodeSystem-TBCSSiteOfDiseaseCS.html"/></extension><reference><reference value="CodeSystem/TBCSSiteOfDiseaseCS"/></reference><name value="TB CS - Site of disease"/><description value="Code system for DHIS2 'Site of disease' option set."/><exampleBoolean value="false"/><groupingId value="-term-codesystem"/></resource><resource><extension url="http://hl7.org/fhir/tools/StructureDefinition/resource-sort"><valueInteger value="999999999"/></extension><extension url="http://hl7.org/fhir/StructureDefinition/implementationguide-page"><valueUri value="CodeSystem-TBCSTreatmentCategoryCS.html"/></extension><reference><reference value="CodeSystem/TBCSTreatmentCategoryCS"/></reference><name value="TB CS - Treatment category"/><description value="Code system for DHIS2 'Treatment category' option set."/><exampleBoolean value="false"/><groupingId value="-term-codesystem"/></resource><resource><extension url="http://hl7.org/fhir/tools/StructureDefinition/resource-sort"><valueInteger value="999999999"/></extension><extension url="http://hl7.org/fhir/StructureDefinition/implementationguide-page"><valueUri value="CodeSystem-TBCSTreatmentHistoryCS.html"/></extension><reference><reference value="CodeSystem/TBCSTreatmentHistoryCS"/></reference><name value="TB CS - Treatment history"/><description value="Code system for DHIS2 'Treatment history' option set."/><exampleBoolean value="false"/><groupingId value="-term-codesystem"/></resource><resource><extension url="http://hl7.org/fhir/tools/StructureDefinition/resource-sort"><valueInteger value="999999999"/></extension><extension url="http://hl7.org/fhir/StructureDefinition/implementationguide-page"><valueUri value="CodeSystem-TBCSTreatmentOutcomeCS.html"/></extension><reference><reference value="CodeSystem/TBCSTreatmentOutcomeCS"/></reference><name value="TB CS - Treatment outcome"/><description value="Code system for DHIS2 'Treatment outcome' option set."/><exampleBoolean value="false"/><groupingId value="-term-codesystem"/></resource><resource><extension url="http://hl7.org/fhir/tools/StructureDefinition/resource-sort"><valueInteger value="999999999"/></extension><extension url="http://hl7.org/fhir/StructureDefinition/implementationguide-page"><valueUri value="CodeSystem-TBLABDSTResultCS.html"/></extension><reference><reference value="CodeSystem/TBLABDSTResultCS"/></reference><name value="TB-LAB - DST result"/><description value="Code system for DHIS2 'DST result' option set."/><exampleBoolean value="false"/><groupingId value="-term-codesystem"/></resource><resource><extension url="http://hl7.org/fhir/tools/StructureDefinition/resource-sort"><valueInteger value="999999999"/></extension><extension url="http://hl7.org/fhir/StructureDefinition/implementationguide-page"><valueUri value="CodeSystem-TBLABFinalCultureResultCS.html"/></extension><reference><reference value="CodeSystem/TBLABFinalCultureResultCS"/></reference><name value="TB-LAB - Final culture result"/><description value="Code system for DHIS2 'Final culture result' option set."/><exampleBoolean value="false"/><groupingId value="-term-codesystem"/></resource><resource><extension url="http://hl7.org/fhir/tools/StructureDefinition/resource-sort"><valueInteger value="999999999"/></extension><extension url="http://hl7.org/fhir/StructureDefinition/implementationguide-page"><valueUri value="CodeSystem-TBLABLPASpecimenCS.html"/></extension><reference><reference value="CodeSystem/TBLABLPASpecimenCS"/></reference><name value="TB-LAB - LPA specimen"/><description value="Code system for DHIS2 'LPA specimen' option set."/><exampleBoolean value="false"/><groupingId value="-term-codesystem"/></resource><resource><extension url="http://hl7.org/fhir/tools/StructureDefinition/resource-sort"><valueInteger value="999999999"/></extension><extension url="http://hl7.org/fhir/StructureDefinition/implementationguide-page"><valueUri value="CodeSystem-TBLABMTBTestResultCS.html"/></extension><reference><reference value="CodeSystem/TBLABMTBTestResultCS"/></reference><name value="TB-LAB - MTB test result"/><description value="Code system for DHIS2 'MTB test result' option set."/><exampleBoolean value="false"/><groupingId value="-term-codesystem"/></resource><resource><extension url="http://hl7.org/fhir/tools/StructureDefinition/resource-sort"><valueInteger value="999999999"/></extension><extension url="http://hl7.org/fhir/StructureDefinition/implementationguide-page"><valueUri value="CodeSystem-TBLABSampleQualityCS.html"/></extension><reference><reference value="CodeSystem/TBLABSampleQualityCS"/></reference><name value="TB-LAB - Sample quality"/><description value="Code system for DHIS2 'Sample quality' option set."/><exampleBoolean value="false"/><groupingId value="-term-codesystem"/></resource><resource><extension url="http://hl7.org/fhir/tools/StructureDefinition/resource-sort"><valueInteger value="999999999"/></extension><extension url="http://hl7.org/fhir/StructureDefinition/implementationguide-page"><valueUri value="CodeSystem-TBLABSampleStatusCS.html"/></extension><reference><reference value="CodeSystem/TBLABSampleStatusCS"/></reference><name value="TB-LAB - Sample status"/><description value="Code system for DHIS2 'Sample status' option set."/><exampleBoolean value="false"/><groupingId value="-term-codesystem"/></resource><resource><extension url="http://hl7.org/fhir/tools/StructureDefinition/resource-sort"><valueInteger value="999999999"/></extension><extension url="http://hl7.org/fhir/StructureDefinition/implementationguide-page"><valueUri value="CodeSystem-TBLABSmearResultCS.html"/></extension><reference><reference value="CodeSystem/TBLABSmearResultCS"/></reference><name value="TB-LAB - Smear result"/><description value="Code system for DHIS2 'Smear result' option set."/><exampleBoolean value="false"/><groupingId value="-term-codesystem"/></resource><page><extension url="http://hl7.org/fhir/tools/StructureDefinition/ig-page-name"><valueUrl value="toc.html"/></extension><nameUrl value="toc.html"/><title value="Table of Contents"/><generation value="html"/><page><extension url="http://hl7.org/fhir/tools/StructureDefinition/ig-page-name"><valueUrl value="index.html"/></extension><nameUrl value="index.html"/><title value="Home"/><generation value="markdown"/><page><extension url="http://hl7.org/fhir/tools/StructureDefinition/ig-page-name"><valueUrl value="license.html"/></extension><nameUrl value="license.html"/><title value="License"/><generation value="markdown"/></page></page><page><extension url="http://hl7.org/fhir/tools/StructureDefinition/ig-page-name"><valueUrl value="indices.html"/></extension><nameUrl value="indices.html"/><title value="Indices"/><generation value="markdown"/><page><extension url="http://hl7.org/fhir/tools/StructureDefinition/ig-page-name"><valueUrl value="artifacts.html"/></extension><nameUrl value="artifacts.html"/><title value="Artifact Index"/><generation value="html"/><page><extension url="http://hl7.org/fhir/tools/StructureDefinition/ig-page-name"><valueUrl value="StructureDefinition-DiagnosisAndNotification.html"/></extension><nameUrl value="StructureDefinition-DiagnosisAndNotification.html"/><title value="Diagnosis and notification"/><generation value="generated"/></page><page><extension url="http://hl7.org/fhir/tools/StructureDefinition/ig-page-name"><valueUrl value="StructureDefinition-DiagnosticLaboratoryResults.html"/></extension><nameUrl value="StructureDefinition-DiagnosticLaboratoryResults.html"/><title value="Diagnostic laboratory results"/><generation value="generated"/></page><page><extension url="http://hl7.org/fhir/tools/StructureDefinition/ig-page-name"><valueUrl value="StructureDefinition-MonitoringLaboratoryResults.html"/></extension><nameUrl value="StructureDefinition-MonitoringLaboratoryResults.html"/><title value="Monitoring laboratory results"/><generation value="generated"/></page><page><extension url="http://hl7.org/fhir/tools/StructureDefinition/ig-page-name"><valueUrl value="StructureDefinition-Outcome.html"/></extension><nameUrl value="StructureDefinition-Outcome.html"/><title value="Outcome"/><generation value="generated"/></page><page><extension url="http://hl7.org/fhir/tools/StructureDefinition/ig-page-name"><valueUrl value="StructureDefinition-TBCaseSurveillance.html"/></extension><nameUrl value="StructureDefinition-TBCaseSurveillance.html"/><title value="TB Case Surveillance"/><generation value="generated"/></page><page><extension url="http://hl7.org/fhir/tools/StructureDefinition/ig-page-name"><valueUrl value="StructureDefinition-TBTreatment.html"/></extension><nameUrl value="StructureDefinition-TBTreatment.html"/><title value="TB Treatment"/><generation value="generated"/></page><page><extension url="http://hl7.org/fhir/tools/StructureDefinition/ig-page-name"><valueUrl value="Questionnaire-DiagnosisAndNotificationQuestionnaire.html"/></extension><nameUrl value="Questionnaire-DiagnosisAndNotificationQuestionnaire.html"/><title value="Diagnosis and Notification Questionnaire"/><generation value="generated"/><page><extension url="http://hl7.org/fhir/tools/StructureDefinition/ig-page-name"><valueUrl value="ValueSet-DiagnosisAndNotificationQuestionnaire_GENYesNoUnknownVS.html"/></extension><nameUrl value="ValueSet-DiagnosisAndNotificationQuestionnaire_GENYesNoUnknownVS.html"/><title value="ValueSet"/><generation value="generated"/></page><page><extension url="http://hl7.org/fhir/tools/StructureDefinition/ig-page-name"><valueUrl value="ValueSet-DiagnosisAndNotificationQuestionnaire_TBCSTreatmentHistoryVS.html"/></extension><nameUrl value="ValueSet-DiagnosisAndNotificationQuestionnaire_TBCSTreatmentHistoryVS.html"/><title value="ValueSet"/><generation value="generated"/></page><page><extension url="http://hl7.org/fhir/tools/StructureDefinition/ig-page-name"><valueUrl value="ValueSet-DiagnosisAndNotificationQuestionnaire_TBCSConfirmationMethodVS.html"/></extension><nameUrl value="ValueSet-DiagnosisAndNotificationQuestionnaire_TBCSConfirmationMethodVS.html"/><title value="ValueSet"/><generation value="generated"/></page><page><extension url="http://hl7.org/fhir/tools/StructureDefinition/ig-page-name"><valueUrl value="ValueSet-DiagnosisAndNotificationQuestionnaire_TBCSSiteOfDiseaseVS.html"/></extension><nameUrl value="ValueSet-DiagnosisAndNotificationQuestionnaire_TBCSSiteOfDiseaseVS.html"/><title value="ValueSet"/><generation value="generated"/></page></page><page><extension url="http://hl7.org/fhir/tools/StructureDefinition/ig-page-name"><valueUrl value="Questionnaire-DiagnosticLaboratoryResultsQuestionnaire.html"/></extension><nameUrl value="Questionnaire-DiagnosticLaboratoryResultsQuestionnaire.html"/><title value="Diagnostic Laboratory Results Questionnaire"/><generation value="generated"/><page><extension url="http://hl7.org/fhir/tools/StructureDefinition/ig-page-name"><valueUrl value="ValueSet-DiagnosticLaboratoryResultsQuestionnaire_TBLABDSTResultVS.html"/></extension><nameUrl value="ValueSet-DiagnosticLaboratoryResultsQuestionnaire_TBLABDSTResultVS.html"/><title value="ValueSet"/><generation value="generated"/></page><page><extension url="http://hl7.org/fhir/tools/StructureDefinition/ig-page-name"><valueUrl value="ValueSet-DiagnosticLaboratoryResultsQuestionnaire_SusceptibleResistantIndeterminateVS.html"/></extension><nameUrl value="ValueSet-DiagnosticLaboratoryResultsQuestionnaire_SusceptibleResistantIndeterminateVS.html"/><title value="ValueSet"/><generation value="generated"/></page><page><extension url="http://hl7.org/fhir/tools/StructureDefinition/ig-page-name"><valueUrl value="ValueSet-DiagnosticLaboratoryResultsQuestionnaire_TBLABMTBTestResultVS.html"/></extension><nameUrl value="ValueSet-DiagnosticLaboratoryResultsQuestionnaire_TBLABMTBTestResultVS.html"/><title value="ValueSet"/><generation value="generated"/></page><page><extension url="http://hl7.org/fhir/tools/StructureDefinition/ig-page-name"><valueUrl value="ValueSet-DiagnosticLaboratoryResultsQuestionnaire_TBLABFinalCultureResultVS.html"/></extension><nameUrl value="ValueSet-DiagnosticLaboratoryResultsQuestionnaire_TBLABFinalCultureResultVS.html"/><title value="ValueSet"/><generation value="generated"/></page><page><extension url="http://hl7.org/fhir/tools/StructureDefinition/ig-page-name"><valueUrl value="ValueSet-DiagnosticLaboratoryResultsQuestionnaire_TBLABSmearResultVS.html"/></extension><nameUrl value="ValueSet-DiagnosticLaboratoryResultsQuestionnaire_TBLABSmearResultVS.html"/><title value="ValueSet"/><generation value="generated"/></page><page><extension url="http://hl7.org/fhir/tools/StructureDefinition/ig-page-name"><valueUrl value="ValueSet-DiagnosticLaboratoryResultsQuestionnaire_TBLABSampleQualityVS.html"/></extension><nameUrl value="ValueSet-DiagnosticLaboratoryResultsQuestionnaire_TBLABSampleQualityVS.html"/><title value="ValueSet"/><generation value="generated"/></page><page><extension url="http://hl7.org/fhir/tools/StructureDefinition/ig-page-name"><valueUrl value="ValueSet-DiagnosticLaboratoryResultsQuestionnaire_TBLABLPASpecimenVS.html"/></extension><nameUrl value="ValueSet-DiagnosticLaboratoryResultsQuestionnaire_TBLABLPASpecimenVS.html"/><title value="ValueSet"/><generation value="generated"/></page><page><extension url="http://hl7.org/fhir/tools/StructureDefinition/ig-page-name"><valueUrl value="ValueSet-DiagnosticLaboratoryResultsQuestionnaire_TBLABSampleStatusVS.html"/></extension><nameUrl value="ValueSet-DiagnosticLaboratoryResultsQuestionnaire_TBLABSampleStatusVS.html"/><title value="ValueSet"/><generation value="generated"/></page></page><page><extension url="http://hl7.org/fhir/tools/StructureDefinition/ig-page-name"><valueUrl value="Questionnaire-MonitoringLaboratoryResultsQuestionnaire.html"/></extension><nameUrl value="Questionnaire-MonitoringLaboratoryResultsQuestionnaire.html"/><title value="Monitoring Laboratory Results Questionnaire"/><generation value="generated"/><page><extension url="http://hl7.org/fhir/tools/StructureDefinition/ig-page-name"><valueUrl value="ValueSet-MonitoringLaboratoryResultsQuestionnaire_TBLABFinalCultureResultVS.html"/></extension><nameUrl value="ValueSet-MonitoringLaboratoryResultsQuestionnaire_TBLABFinalCultureResultVS.html"/><title value="ValueSet"/><generation value="generated"/></page><page><extension url="http://hl7.org/fhir/tools/StructureDefinition/ig-page-name"><valueUrl value="ValueSet-MonitoringLaboratoryResultsQuestionnaire_TBLABSmearResultVS.html"/></extension><nameUrl value="ValueSet-MonitoringLaboratoryResultsQuestionnaire_TBLABSmearResultVS.html"/><title value="ValueSet"/><generation value="generated"/></page><page><extension url="http://hl7.org/fhir/tools/StructureDefinition/ig-page-name"><valueUrl value="ValueSet-MonitoringLaboratoryResultsQuestionnaire_TBLABSampleQualityVS.html"/></extension><nameUrl value="ValueSet-MonitoringLaboratoryResultsQuestionnaire_TBLABSampleQualityVS.html"/><title value="ValueSet"/><generation value="generated"/></page><page><extension url="http://hl7.org/fhir/tools/StructureDefinition/ig-page-name"><valueUrl value="ValueSet-MonitoringLaboratoryResultsQuestionnaire_TBLABSampleStatusVS.html"/></extension><nameUrl value="ValueSet-MonitoringLaboratoryResultsQuestionnaire_TBLABSampleStatusVS.html"/><title value="ValueSet"/><generation value="generated"/></page></page><page><extension url="http://hl7.org/fhir/tools/StructureDefinition/ig-page-name"><valueUrl value="Questionnaire-TBCaseSurveillanceQuestionnaire.html"/></extension><nameUrl value="Questionnaire-TBCaseSurveillanceQuestionnaire.html"/><title value="TB Case Surveillance Questionnaire"/><generation value="generated"/><page><extension url="http://hl7.org/fhir/tools/StructureDefinition/ig-page-name"><valueUrl value="ValueSet-TBCaseSurveillanceQuestionnaire_RRTGENSexVS.html"/></extension><nameUrl value="ValueSet-TBCaseSurveillanceQuestionnaire_RRTGENSexVS.html"/><title value="ValueSet"/><generation value="generated"/></page><page><extension url="http://hl7.org/fhir/tools/StructureDefinition/ig-page-name"><valueUrl value="ValueSet-TBCaseSurveillanceQuestionnaire_GENYesNoUnknownVS.html"/></extension><nameUrl value="ValueSet-TBCaseSurveillanceQuestionnaire_GENYesNoUnknownVS.html"/><title value="ValueSet"/><generation value="generated"/></page></page><page><extension url="http://hl7.org/fhir/tools/StructureDefinition/ig-page-name"><valueUrl value="Questionnaire-TBOutcomeQuestionnaire.html"/></extension><nameUrl value="Questionnaire-TBOutcomeQuestionnaire.html"/><title value="TB Outcome Questionnaire"/><generation value="generated"/><page><extension url="http://hl7.org/fhir/tools/StructureDefinition/ig-page-name"><valueUrl value="ValueSet-TBOutcomeQuestionnaire_TBCSTreatmentOutcomeVS.html"/></extension><nameUrl value="ValueSet-TBOutcomeQuestionnaire_TBCSTreatmentOutcomeVS.html"/><title value="ValueSet"/><generation value="generated"/></page><page><extension url="http://hl7.org/fhir/tools/StructureDefinition/ig-page-name"><valueUrl value="ValueSet-TBOutcomeQuestionnaire_TBCSDenotificationReasonsVS.html"/></extension><nameUrl value="ValueSet-TBOutcomeQuestionnaire_TBCSDenotificationReasonsVS.html"/><title value="ValueSet"/><generation value="generated"/></page></page><page><extension url="http://hl7.org/fhir/tools/StructureDefinition/ig-page-name"><valueUrl value="Questionnaire-TBTreatmentQuestionnaire.html"/></extension><nameUrl value="Questionnaire-TBTreatmentQuestionnaire.html"/><title value="TB Treatment Questionnaire"/><generation value="generated"/><page><extension url="http://hl7.org/fhir/tools/StructureDefinition/ig-page-name"><valueUrl value="ValueSet-TBTreatmentQuestionnaire_TBCSTreatmentCategoryVS.html"/></extension><nameUrl value="ValueSet-TBTreatmentQuestionnaire_TBCSTreatmentCategoryVS.html"/><title value="ValueSet"/><generation value="generated"/></page><page><extension url="http://hl7.org/fhir/tools/StructureDefinition/ig-page-name"><valueUrl value="ValueSet-TBTreatmentQuestionnaire_TBCSResistanceClassificationVS.html"/></extension><nameUrl value="ValueSet-TBTreatmentQuestionnaire_TBCSResistanceClassificationVS.html"/><title value="ValueSet"/><generation value="generated"/></page></page><page><extension url="http://hl7.org/fhir/tools/StructureDefinition/ig-page-name"><valueUrl value="ValueSet-GENYesNoUnknownVS.html"/></extension><nameUrl value="ValueSet-GENYesNoUnknownVS.html"/><title value="GEN - Yes/No/Unknown value set"/><generation value="generated"/></page><page><extension url="http://hl7.org/fhir/tools/StructureDefinition/ig-page-name"><valueUrl value="ValueSet-RRTGENSexVS.html"/></extension><nameUrl value="ValueSet-RRTGENSexVS.html"/><title value="RRT - GEN - Sex value set"/><generation value="generated"/></page><page><extension url="http://hl7.org/fhir/tools/StructureDefinition/ig-page-name"><valueUrl value="ValueSet-SusceptibleResistantIndeterminateVS.html"/></extension><nameUrl value="ValueSet-SusceptibleResistantIndeterminateVS.html"/><title value="Susceptible/Resistant/Indeterminate value set"/><generation value="generated"/></page><page><extension url="http://hl7.org/fhir/tools/StructureDefinition/ig-page-name"><valueUrl value="ValueSet-TBCSConfirmationMethodVS.html"/></extension><nameUrl value="ValueSet-TBCSConfirmationMethodVS.html"/><title value="TB CS - Confirmation method value set"/><generation value="generated"/></page><page><extension url="http://hl7.org/fhir/tools/StructureDefinition/ig-page-name"><valueUrl value="ValueSet-TBCSDenotificationReasonsVS.html"/></extension><nameUrl value="ValueSet-TBCSDenotificationReasonsVS.html"/><title value="TB CS - Denotification reasons value set"/><generation value="generated"/></page><page><extension url="http://hl7.org/fhir/tools/StructureDefinition/ig-page-name"><valueUrl value="ValueSet-TBCSResistanceClassificationVS.html"/></extension><nameUrl value="ValueSet-TBCSResistanceClassificationVS.html"/><title value="TB CS - Resistance Classification value set"/><generation value="generated"/></page><page><extension url="http://hl7.org/fhir/tools/StructureDefinition/ig-page-name"><valueUrl value="ValueSet-TBCSSiteOfDiseaseVS.html"/></extension><nameUrl value="ValueSet-TBCSSiteOfDiseaseVS.html"/><title value="TB CS - Site of disease value set"/><generation value="generated"/></page><page><extension url="http://hl7.org/fhir/tools/StructureDefinition/ig-page-name"><valueUrl value="ValueSet-TBCSTreatmentCategoryVS.html"/></extension><nameUrl value="ValueSet-TBCSTreatmentCategoryVS.html"/><title value="TB CS - Treatment category value set"/><generation value="generated"/></page><page><extension url="http://hl7.org/fhir/tools/StructureDefinition/ig-page-name"><valueUrl value="ValueSet-TBCSTreatmentHistoryVS.html"/></extension><nameUrl value="ValueSet-TBCSTreatmentHistoryVS.html"/><title value="TB CS - Treatment history value set"/><generation value="generated"/></page><page><extension url="http://hl7.org/fhir/tools/StructureDefinition/ig-page-name"><valueUrl value="ValueSet-TBCSTreatmentOutcomeVS.html"/></extension><nameUrl value="ValueSet-TBCSTreatmentOutcomeVS.html"/><title value="TB CS - Treatment outcome value set"/><generation value="generated"/></page><page><extension url="http://hl7.org/fhir/tools/StructureDefinition/ig-page-name"><valueUrl value="ValueSet-TBLABDSTResultVS.html"/></extension><nameUrl value="ValueSet-TBLABDSTResultVS.html"/><title value="TB-LAB - DST result value set"/><generation value="generated"/></page><page><extension url="http://hl7.org/fhir/tools/StructureDefinition/ig-page-name"><valueUrl value="ValueSet-TBLABFinalCultureResultVS.html"/></extension><nameUrl value="ValueSet-TBLABFinalCultureResultVS.html"/><title value="TB-LAB - Final culture result value set"/><generation value="generated"/></page><page><extension url="http://hl7.org/fhir/tools/StructureDefinition/ig-page-name"><valueUrl value="ValueSet-TBLABLPASpecimenVS.html"/></extension><nameUrl value="ValueSet-TBLABLPASpecimenVS.html"/><title value="TB-LAB - LPA specimen value set"/><generation value="generated"/></page><page><extension url="http://hl7.org/fhir/tools/StructureDefinition/ig-page-name"><valueUrl value="ValueSet-TBLABMTBTestResultVS.html"/></extension><nameUrl value="ValueSet-TBLABMTBTestResultVS.html"/><title value="TB-LAB - MTB test result value set"/><generation value="generated"/></page><page><extension url="http://hl7.org/fhir/tools/StructureDefinition/ig-page-name"><valueUrl value="ValueSet-TBLABSampleQualityVS.html"/></extension><nameUrl value="ValueSet-TBLABSampleQualityVS.html"/><title value="TB-LAB - Sample quality value set"/><generation value="generated"/></page><page><extension url="http://hl7.org/fhir/tools/StructureDefinition/ig-page-name"><valueUrl value="ValueSet-TBLABSampleStatusVS.html"/></extension><nameUrl value="ValueSet-TBLABSampleStatusVS.html"/><title value="TB-LAB - Sample status value set"/><generation value="generated"/></page><page><extension url="http://hl7.org/fhir/tools/StructureDefinition/ig-page-name"><valueUrl value="ValueSet-TBLABSmearResultVS.html"/></extension><nameUrl value="ValueSet-TBLABSmearResultVS.html"/><title value="TB-LAB - Smear result value set"/><generation value="generated"/></page><page><extension url="http://hl7.org/fhir/tools/StructureDefinition/ig-page-name"><valueUrl value="CodeSystem-GENYesNoUnknownCS.html"/></extension><nameUrl value="CodeSystem-GENYesNoUnknownCS.html"/><title value="GEN - Yes/No/Unknown"/><generation value="generated"/></page><page><extension url="http://hl7.org/fhir/tools/StructureDefinition/ig-page-name"><valueUrl value="CodeSystem-RRTGENSexCS.html"/></extension><nameUrl value="CodeSystem-RRTGENSexCS.html"/><title value="RRT - GEN - Sex"/><generation value="generated"/></page><page><extension url="http://hl7.org/fhir/tools/StructureDefinition/ig-page-name"><valueUrl value="CodeSystem-SusceptibleResistantIndeterminateCS.html"/></extension><nameUrl value="CodeSystem-SusceptibleResistantIndeterminateCS.html"/><title value="Susceptible/Resistant/Indeterminate"/><generation value="generated"/></page><page><extension url="http://hl7.org/fhir/tools/StructureDefinition/ig-page-name"><valueUrl value="CodeSystem-TBCSConfirmationMethodCS.html"/></extension><nameUrl value="CodeSystem-TBCSConfirmationMethodCS.html"/><title value="TB CS - Confirmation method"/><generation value="generated"/></page><page><extension url="http://hl7.org/fhir/tools/StructureDefinition/ig-page-name"><valueUrl value="CodeSystem-TBCSDenotificationReasonsCS.html"/></extension><nameUrl value="CodeSystem-TBCSDenotificationReasonsCS.html"/><title value="TB CS - Denotification reasons"/><generation value="generated"/></page><page><extension url="http://hl7.org/fhir/tools/StructureDefinition/ig-page-name"><valueUrl value="CodeSystem-TBCSResistanceClassificationCS.html"/></extension><nameUrl value="CodeSystem-TBCSResistanceClassificationCS.html"/><title value="TB CS - Resistance Classification"/><generation value="generated"/></page><page><extension url="http://hl7.org/fhir/tools/StructureDefinition/ig-page-name"><valueUrl value="CodeSystem-TBCSSiteOfDiseaseCS.html"/></extension><nameUrl value="CodeSystem-TBCSSiteOfDiseaseCS.html"/><title value="TB CS - Site of disease"/><generation value="generated"/></page><page><extension url="http://hl7.org/fhir/tools/StructureDefinition/ig-page-name"><valueUrl value="CodeSystem-TBCSTreatmentCategoryCS.html"/></extension><nameUrl value="CodeSystem-TBCSTreatmentCategoryCS.html"/><title value="TB CS - Treatment category"/><generation value="generated"/></page><page><extension url="http://hl7.org/fhir/tools/StructureDefinition/ig-page-name"><valueUrl value="CodeSystem-TBCSTreatmentHistoryCS.html"/></extension><nameUrl value="CodeSystem-TBCSTreatmentHistoryCS.html"/><title value="TB CS - Treatment history"/><generation value="generated"/></page><page><extension url="http://hl7.org/fhir/tools/StructureDefinition/ig-page-name"><valueUrl value="CodeSystem-TBCSTreatmentOutcomeCS.html"/></extension><nameUrl value="CodeSystem-TBCSTreatmentOutcomeCS.html"/><title value="TB CS - Treatment outcome"/><generation value="generated"/></page><page><extension url="http://hl7.org/fhir/tools/StructureDefinition/ig-page-name"><valueUrl value="CodeSystem-TBLABDSTResultCS.html"/></extension><nameUrl value="CodeSystem-TBLABDSTResultCS.html"/><title value="TB-LAB - DST result"/><generation value="generated"/></page><page><extension url="http://hl7.org/fhir/tools/StructureDefinition/ig-page-name"><valueUrl value="CodeSystem-TBLABFinalCultureResultCS.html"/></extension><nameUrl value="CodeSystem-TBLABFinalCultureResultCS.html"/><title value="TB-LAB - Final culture result"/><generation value="generated"/></page><page><extension url="http://hl7.org/fhir/tools/StructureDefinition/ig-page-name"><valueUrl value="CodeSystem-TBLABLPASpecimenCS.html"/></extension><nameUrl value="CodeSystem-TBLABLPASpecimenCS.html"/><title value="TB-LAB - LPA specimen"/><generation value="generated"/></page><page><extension url="http://hl7.org/fhir/tools/StructureDefinition/ig-page-name"><valueUrl value="CodeSystem-TBLABMTBTestResultCS.html"/></extension><nameUrl value="CodeSystem-TBLABMTBTestResultCS.html"/><title value="TB-LAB - MTB test result"/><generation value="generated"/></page><page><extension url="http://hl7.org/fhir/tools/StructureDefinition/ig-page-name"><valueUrl value="CodeSystem-TBLABSampleQualityCS.html"/></extension><nameUrl value="CodeSystem-TBLABSampleQualityCS.html"/><title value="TB-LAB - Sample quality"/><generation value="generated"/></page><page><extension url="http://hl7.org/fhir/tools/StructureDefinition/ig-page-name"><valueUrl value="CodeSystem-TBLABSampleStatusCS.html"/></extension><nameUrl value="CodeSystem-TBLABSampleStatusCS.html"/><title value="TB-LAB - Sample status"/><generation value="generated"/></page><page><extension url="http://hl7.org/fhir/tools/StructureDefinition/ig-page-name"><valueUrl value="CodeSystem-TBLABSmearResultCS.html"/></extension><nameUrl value="CodeSystem-TBLABSmearResultCS.html"/><title value="TB-LAB - Smear result"/><generation value="generated"/></page></page><page><extension url="http://hl7.org/fhir/tools/StructureDefinition/ig-page-name"><valueUrl value="maps.html"/></extension><nameUrl value="maps.html"/><title value="Mappings"/><generation value="markdown"/></page></page></page><parameter><code value="path-resource"/><value value="input/capabilities"/></parameter><parameter><code value="path-resource"/><value value="input/examples"/></parameter><parameter><code value="path-resource"/><value value="input/extensions"/></parameter><parameter><code value="path-resource"/><value value="input/models"/></parameter><parameter><code value="path-resource"/><value value="input/operations"/></parameter><parameter><code value="path-resource"/><value value="input/profiles"/></parameter><parameter><code value="path-resource"/><value value="input/resources"/></parameter><parameter><code value="path-resource"/><value value="input/vocabulary"/></parameter><parameter><code value="path-resource"/><value value="input/maps"/></parameter><parameter><code value="path-resource"/><value value="input/testing"/></parameter><parameter><code value="path-resource"/><value value="input/history"/></parameter><parameter><code value="path-resource"/><value value="fsh-generated/resources"/></parameter><parameter><code value="path-pages"/><value value="template/config"/></parameter><parameter><code value="path-pages"/><value value="input/images"/></parameter><parameter><code value="path-tx-cache"/><value value="input-cache/txcache"/></parameter></definition></ImplementationGuide>