<?xml version="1.0" encoding="UTF-8"?><ValueSet xmlns="http://hl7.org/fhir"><id value="TBLABFinalCultureResultVS"/><meta><profile value="http://hl7.org/fhir/uv/crmi/StructureDefinition/crmi-shareablevalueset"/><profile value="http://hl7.org/fhir/uv/crmi/StructureDefinition/crmi-publishablevalueset"/><profile value="http://hl7.org/fhir/uv/crmi/StructureDefinition/crmi-computablevalueset"/></meta><text><status value="generated"/><div xmlns="http://www.w3.org/1999/xhtml"><p class="res-header-id"><b>Generated Narrative: ValueSet TBLABFinalCultureResultVS</b></p><a name="TBLABFinalCultureResultVS"> </a><a name="hcTBLABFinalCultureResultVS"> </a><a name="TBLABFinalCultureResultVS-en-US"> </a><ul><li>Include all codes defined in <a href="CodeSystem-TBLABFinalCultureResultCS.html"><code>http://example.org/CodeSystem/TBLABFinalCultureResultCS</code></a></li></ul></div></text><url value="http://example.org/ValueSet/TBLABFinalCultureResultVS"/><version value="0.1.0"/><name value="TBLABFinalCultureResultVS"/><title value="TB-LAB - Final culture result value set"/><status value="active"/><experimental value="true"/><date value="2025-01-06T12:46:13+00:00"/><publisher value="DHIS2"/><contact><name value="DHIS2"/><telecom><system value="url"/><value value="http://dhis2.org"/></telecom></contact><compose><include><system value="http://example.org/CodeSystem/TBLABFinalCultureResultCS"/></include></compose></ValueSet>