<?xml version="1.0" encoding="UTF-8"?><ValueSet xmlns="http://hl7.org/fhir"><id value="TBLABDSTResultVS"/><meta><profile value="http://hl7.org/fhir/uv/crmi/StructureDefinition/crmi-shareablevalueset"/><profile value="http://hl7.org/fhir/uv/crmi/StructureDefinition/crmi-publishablevalueset"/><profile value="http://hl7.org/fhir/uv/crmi/StructureDefinition/crmi-computablevalueset"/></meta><text><status value="generated"/><div xmlns="http://www.w3.org/1999/xhtml"><p class="res-header-id"><b>Generated Narrative: ValueSet TBLABDSTResultVS</b></p><a name="TBLABDSTResultVS"> </a><a name="hcTBLABDSTResultVS"> </a><a name="TBLABDSTResultVS-en-US"> </a><ul><li>Include all codes defined in <a href="CodeSystem-TBLABDSTResultCS.html"><code>http://example.org/CodeSystem/TBLABDSTResultCS</code></a></li></ul></div></text><url value="http://example.org/ValueSet/TBLABDSTResultVS"/><version value="0.1.0"/><name value="TBLABDSTResultVS"/><title value="TB-LAB - DST result value set"/><status value="active"/><experimental value="false"/><date value="2025-01-06"/><publisher value="DHIS2"/><contact><name value="DHIS2"/><telecom><system value="url"/><value value="http://dhis2.org"/></telecom></contact><description value="Value set for DHIS2 'DST result' option set."/><compose><include><system value="http://example.org/CodeSystem/TBLABDSTResultCS"/></include></compose></ValueSet>