<?xml version="1.0" encoding="UTF-8"?><ValueSet xmlns="http://hl7.org/fhir"><id value="TBCSTreatmentOutcomeVS"/><meta><profile value="http://hl7.org/fhir/uv/crmi/StructureDefinition/crmi-shareablevalueset"/><profile value="http://hl7.org/fhir/uv/crmi/StructureDefinition/crmi-publishablevalueset"/><profile value="http://hl7.org/fhir/uv/crmi/StructureDefinition/crmi-computablevalueset"/></meta><text><status value="generated"/><div xmlns="http://www.w3.org/1999/xhtml"><p class="res-header-id"><b>Generated Narrative: ValueSet TBCSTreatmentOutcomeVS</b></p><a name="TBCSTreatmentOutcomeVS"> </a><a name="hcTBCSTreatmentOutcomeVS"> </a><a name="TBCSTreatmentOutcomeVS-en-US"> </a><ul><li>Include all codes defined in <a href="CodeSystem-TBCSTreatmentOutcomeCS.html"><code>http://example.org/CodeSystem/TBCSTreatmentOutcomeCS</code></a></li></ul></div></text><url value="http://example.org/ValueSet/TBCSTreatmentOutcomeVS"/><version value="0.1.0"/><name value="TBCSTreatmentOutcomeVS"/><title value="TB CS - Treatment outcome value set"/><status value="active"/><experimental value="true"/><date value="2025-01-06T11:12:04+00:00"/><publisher value="DHIS2"/><contact><name value="DHIS2"/><telecom><system value="url"/><value value="http://dhis2.org"/></telecom></contact><compose><include><system value="http://example.org/CodeSystem/TBCSTreatmentOutcomeCS"/></include></compose></ValueSet>