<?xml version="1.0" encoding="UTF-8"?><ValueSet xmlns="http://hl7.org/fhir"><id value="TBCSDenotificationReasonsVS"/><meta><profile value="http://hl7.org/fhir/uv/crmi/StructureDefinition/crmi-shareablevalueset"/><profile value="http://hl7.org/fhir/uv/crmi/StructureDefinition/crmi-publishablevalueset"/><profile value="http://hl7.org/fhir/uv/crmi/StructureDefinition/crmi-computablevalueset"/></meta><text><status value="generated"/><div xmlns="http://www.w3.org/1999/xhtml"><p class="res-header-id"><b>Generated Narrative: ValueSet TBCSDenotificationReasonsVS</b></p><a name="TBCSDenotificationReasonsVS"> </a><a name="hcTBCSDenotificationReasonsVS"> </a><a name="TBCSDenotificationReasonsVS-en-US"> </a><ul><li>Include all codes defined in <a href="CodeSystem-TBCSDenotificationReasonsCS.html"><code>http://example.org/CodeSystem/TBCSDenotificationReasonsCS</code></a></li></ul></div></text><url value="http://example.org/ValueSet/TBCSDenotificationReasonsVS"/><version value="0.1.0"/><name value="TBCSDenotificationReasonsVS"/><title value="TB CS - Denotification reasons value set"/><status value="active"/><experimental value="false"/><date value="2025-01-06"/><publisher value="DHIS2"/><contact><name value="DHIS2"/><telecom><system value="url"/><value value="http://dhis2.org"/></telecom></contact><description value="Value set for DHIS2 'Denotification reasons' option set."/><compose><include><system value="http://example.org/CodeSystem/TBCSDenotificationReasonsCS"/></include></compose></ValueSet>