<?xml version="1.0" encoding="UTF-8"?><ValueSet xmlns="http://hl7.org/fhir"><id value="TBCSTreatmentHistoryVS"/><meta><profile value="http://hl7.org/fhir/uv/crmi/StructureDefinition/crmi-shareablevalueset"/><profile value="http://hl7.org/fhir/uv/crmi/StructureDefinition/crmi-publishablevalueset"/><profile value="http://hl7.org/fhir/uv/crmi/StructureDefinition/crmi-computablevalueset"/></meta><text><status value="generated"/><div xmlns="http://www.w3.org/1999/xhtml"><p class="res-header-id"><b>Generated Narrative: ValueSet TBCSTreatmentHistoryVS</b></p><a name="TBCSTreatmentHistoryVS"> </a><a name="hcTBCSTreatmentHistoryVS"> </a><a name="TBCSTreatmentHistoryVS-en-US"> </a><ul><li>Include all codes defined in <a href="CodeSystem-TBCSTreatmentHistoryCS.html"><code>http://example.org/CodeSystem/TBCSTreatmentHistoryCS</code></a></li></ul></div></text><url value="http://example.org/ValueSet/TBCSTreatmentHistoryVS"/><version value="0.1.0"/><name value="TBCSTreatmentHistoryVS"/><title value="TB CS - Treatment history value set"/><status value="active"/><experimental value="true"/><date value="2025-01-06T11:54:23+00:00"/><publisher value="DHIS2"/><contact><name value="DHIS2"/><telecom><system value="url"/><value value="http://dhis2.org"/></telecom></contact><compose><include><system value="http://example.org/CodeSystem/TBCSTreatmentHistoryCS"/></include></compose></ValueSet>