<?xml version="1.0" encoding="UTF-8"?><ValueSet xmlns="http://hl7.org/fhir"><id value="tb-cs---treatment-outcome-vs"/><text><status value="generated"/><div xmlns="http://www.w3.org/1999/xhtml"><p class="res-header-id"><b>Generated Narrative: ValueSet tb-cs---treatment-outcome-vs</b></p><a name="tb-cs---treatment-outcome-vs"> </a><a name="hctb-cs---treatment-outcome-vs"> </a><a name="tb-cs---treatment-outcome-vs-en-US"> </a><ul><li>Include all codes defined in <a href="CodeSystem-tb-cs---treatment-outcome-cs.html"><code>http://example.org/CodeSystem/tb-cs---treatment-outcome-cs</code></a></li></ul></div></text><url value="http://example.org/ValueSet/tb-cs---treatment-outcome-vs"/><version value="0.1.0"/><name value="TBCSTreatmentOutcomeVS"/><title value="TB CS - Treatment outcome value set"/><status value="draft"/><date value="2024-12-18T15:37:28+00:00"/><publisher value="DHIS2"/><contact><name value="DHIS2"/><telecom><system value="url"/><value value="http://dhis2.org"/></telecom></contact><compose><include><system value="http://example.org/CodeSystem/tb-cs---treatment-outcome-cs"/></include></compose></ValueSet>