[
  {
    "id" : "GENYesNoUnknownCS",
    "type" : "CodeSystem",
    "url" : "http://example.org/CodeSystem/GENYesNoUnknownCS",
    "version" : "0.1.0",
    "name" : "GENYesNoUnknownCS"
  },
  {
    "id" : "RRTGENSexCS",
    "type" : "CodeSystem",
    "url" : "http://example.org/CodeSystem/RRTGENSexCS",
    "version" : "0.1.0",
    "name" : "RRTGENSexCS"
  },
  {
    "id" : "SusceptibleResistantIndeterminateCS",
    "type" : "CodeSystem",
    "url" : "http://example.org/CodeSystem/SusceptibleResistantIndeterminateCS",
    "version" : "0.1.0",
    "name" : "SusceptibleResistantIndeterminateCS"
  },
  {
    "id" : "TBCSConfirmationMethodCS",
    "type" : "CodeSystem",
    "url" : "http://example.org/CodeSystem/TBCSConfirmationMethodCS",
    "version" : "0.1.0",
    "name" : "TBCSConfirmationMethodCS"
  },
  {
    "id" : "TBCSDenotificationReasonsCS",
    "type" : "CodeSystem",
    "url" : "http://example.org/CodeSystem/TBCSDenotificationReasonsCS",
    "version" : "0.1.0",
    "name" : "TBCSDenotificationReasonsCS"
  },
  {
    "id" : "TBCSResistanceClassificationCS",
    "type" : "CodeSystem",
    "url" : "http://example.org/CodeSystem/TBCSResistanceClassificationCS",
    "version" : "0.1.0",
    "name" : "TBCSResistanceClassificationCS"
  },
  {
    "id" : "TBCSSiteOfDiseaseCS",
    "type" : "CodeSystem",
    "url" : "http://example.org/CodeSystem/TBCSSiteOfDiseaseCS",
    "version" : "0.1.0",
    "name" : "TBCSSiteOfDiseaseCS"
  },
  {
    "id" : "TBCSTreatmentCategoryCS",
    "type" : "CodeSystem",
    "url" : "http://example.org/CodeSystem/TBCSTreatmentCategoryCS",
    "version" : "0.1.0",
    "name" : "TBCSTreatmentCategoryCS"
  },
  {
    "id" : "TBCSTreatmentHistoryCS",
    "type" : "CodeSystem",
    "url" : "http://example.org/CodeSystem/TBCSTreatmentHistoryCS",
    "version" : "0.1.0",
    "name" : "TBCSTreatmentHistoryCS"
  },
  {
    "id" : "TBCSTreatmentOutcomeCS",
    "type" : "CodeSystem",
    "url" : "http://example.org/CodeSystem/TBCSTreatmentOutcomeCS",
    "version" : "0.1.0",
    "name" : "TBCSTreatmentOutcomeCS"
  },
  {
    "id" : "TBLABDSTResultCS",
    "type" : "CodeSystem",
    "url" : "http://example.org/CodeSystem/TBLABDSTResultCS",
    "version" : "0.1.0",
    "name" : "TBLABDSTResultCS"
  },
  {
    "id" : "TBLABFinalCultureResultCS",
    "type" : "CodeSystem",
    "url" : "http://example.org/CodeSystem/TBLABFinalCultureResultCS",
    "version" : "0.1.0",
    "name" : "TBLABFinalCultureResultCS"
  },
  {
    "id" : "TBLABLPASpecimenCS",
    "type" : "CodeSystem",
    "url" : "http://example.org/CodeSystem/TBLABLPASpecimenCS",
    "version" : "0.1.0",
    "name" : "TBLABLPASpecimenCS"
  },
  {
    "id" : "TBLABMTBTestResultCS",
    "type" : "CodeSystem",
    "url" : "http://example.org/CodeSystem/TBLABMTBTestResultCS",
    "version" : "0.1.0",
    "name" : "TBLABMTBTestResultCS"
  },
  {
    "id" : "TBLABSampleQualityCS",
    "type" : "CodeSystem",
    "url" : "http://example.org/CodeSystem/TBLABSampleQualityCS",
    "version" : "0.1.0",
    "name" : "TBLABSampleQualityCS"
  },
  {
    "id" : "TBLABSampleStatusCS",
    "type" : "CodeSystem",
    "url" : "http://example.org/CodeSystem/TBLABSampleStatusCS",
    "version" : "0.1.0",
    "name" : "TBLABSampleStatusCS"
  },
  {
    "id" : "TBLABSmearResultCS",
    "type" : "CodeSystem",
    "url" : "http://example.org/CodeSystem/TBLABSmearResultCS",
    "version" : "0.1.0",
    "name" : "TBLABSmearResultCS"
  },
  {
    "id" : "tracker.tb.case.surveillance.ig",
    "type" : "ImplementationGuide",
    "url" : "http://example.org/ImplementationGuide/tracker.tb.case.surveillance.ig",
    "version" : "0.1.0",
    "name" : "TrackerTBCaseSurveillanceImplementationGuide"
  },
  {
    "id" : "DiagnosticLaboratoryResultsQuestionnaire",
    "type" : "Questionnaire",
    "url" : "http://example.org/Questionnaire/DiagnosticLaboratoryResultsQuestionnaire",
    "version" : "0.1.0"
  },
  {
    "id" : "MonitoringLaboratoryResultsQuestionnaire",
    "type" : "Questionnaire",
    "url" : "http://example.org/Questionnaire/MonitoringLaboratoryResultsQuestionnaire",
    "version" : "0.1.0"
  },
  {
    "id" : "TBCaseSurveillanceQuestionnaire",
    "type" : "Questionnaire",
    "url" : "http://example.org/Questionnaire/TBCaseSurveillanceQuestionnaire",
    "version" : "0.1.0"
  },
  {
    "id" : "TBOutcomeQuestionnaire",
    "type" : "Questionnaire",
    "url" : "http://example.org/Questionnaire/TBOutcomeQuestionnaire",
    "version" : "0.1.0"
  },
  {
    "id" : "TBTreatmentQuestionnaire",
    "type" : "Questionnaire",
    "url" : "http://example.org/Questionnaire/TBTreatmentQuestionnaire",
    "version" : "0.1.0"
  },
  {
    "id" : "DiagnosisAndNotification",
    "type" : "StructureDefinition",
    "url" : "http://example.org/StructureDefinition/DiagnosisAndNotification",
    "version" : "0.1.0",
    "name" : "DiagnosisAndNotification"
  },
  {
    "id" : "DiagnosticLaboratoryResults",
    "type" : "StructureDefinition",
    "url" : "http://example.org/StructureDefinition/DiagnosticLaboratoryResults",
    "version" : "0.1.0",
    "name" : "DiagnosticLaboratoryResults"
  },
  {
    "id" : "MonitoringLaboratoryResults",
    "type" : "StructureDefinition",
    "url" : "http://example.org/StructureDefinition/MonitoringLaboratoryResults",
    "version" : "0.1.0",
    "name" : "MonitoringLaboratoryResults"
  },
  {
    "id" : "Outcome",
    "type" : "StructureDefinition",
    "url" : "http://example.org/StructureDefinition/Outcome",
    "version" : "0.1.0",
    "name" : "Outcome"
  },
  {
    "id" : "TBCaseSurveillance",
    "type" : "StructureDefinition",
    "url" : "http://example.org/StructureDefinition/TBCaseSurveillance",
    "version" : "0.1.0",
    "name" : "TBCaseSurveillance"
  },
  {
    "id" : "TBTreatment",
    "type" : "StructureDefinition",
    "url" : "http://example.org/StructureDefinition/TBTreatment",
    "version" : "0.1.0",
    "name" : "TBTreatment"
  },
  {
    "id" : "GENYesNoUnknownVS",
    "type" : "ValueSet",
    "url" : "http://example.org/ValueSet/GENYesNoUnknownVS",
    "version" : "0.1.0",
    "name" : "GENYesNoUnknownVS"
  },
  {
    "id" : "RRTGENSexVS",
    "type" : "ValueSet",
    "url" : "http://example.org/ValueSet/RRTGENSexVS",
    "version" : "0.1.0",
    "name" : "RRTGENSexVS"
  },
  {
    "id" : "SusceptibleResistantIndeterminateVS",
    "type" : "ValueSet",
    "url" : "http://example.org/ValueSet/SusceptibleResistantIndeterminateVS",
    "version" : "0.1.0",
    "name" : "SusceptibleResistantIndeterminateVS"
  },
  {
    "id" : "TBCSConfirmationMethodVS",
    "type" : "ValueSet",
    "url" : "http://example.org/ValueSet/TBCSConfirmationMethodVS",
    "version" : "0.1.0",
    "name" : "TBCSConfirmationMethodVS"
  },
  {
    "id" : "TBCSDenotificationReasonsVS",
    "type" : "ValueSet",
    "url" : "http://example.org/ValueSet/TBCSDenotificationReasonsVS",
    "version" : "0.1.0",
    "name" : "TBCSDenotificationReasonsVS"
  },
  {
    "id" : "TBCSResistanceClassificationVS",
    "type" : "ValueSet",
    "url" : "http://example.org/ValueSet/TBCSResistanceClassificationVS",
    "version" : "0.1.0",
    "name" : "TBCSResistanceClassificationVS"
  },
  {
    "id" : "TBCSSiteOfDiseaseVS",
    "type" : "ValueSet",
    "url" : "http://example.org/ValueSet/TBCSSiteOfDiseaseVS",
    "version" : "0.1.0",
    "name" : "TBCSSiteOfDiseaseVS"
  },
  {
    "id" : "TBCSTreatmentCategoryVS",
    "type" : "ValueSet",
    "url" : "http://example.org/ValueSet/TBCSTreatmentCategoryVS",
    "version" : "0.1.0",
    "name" : "TBCSTreatmentCategoryVS"
  },
  {
    "id" : "TBCSTreatmentHistoryVS",
    "type" : "ValueSet",
    "url" : "http://example.org/ValueSet/TBCSTreatmentHistoryVS",
    "version" : "0.1.0",
    "name" : "TBCSTreatmentHistoryVS"
  },
  {
    "id" : "TBCSTreatmentOutcomeVS",
    "type" : "ValueSet",
    "url" : "http://example.org/ValueSet/TBCSTreatmentOutcomeVS",
    "version" : "0.1.0",
    "name" : "TBCSTreatmentOutcomeVS"
  },
  {
    "id" : "TBLABDSTResultVS",
    "type" : "ValueSet",
    "url" : "http://example.org/ValueSet/TBLABDSTResultVS",
    "version" : "0.1.0",
    "name" : "TBLABDSTResultVS"
  },
  {
    "id" : "TBLABFinalCultureResultVS",
    "type" : "ValueSet",
    "url" : "http://example.org/ValueSet/TBLABFinalCultureResultVS",
    "version" : "0.1.0",
    "name" : "TBLABFinalCultureResultVS"
  },
  {
    "id" : "TBLABLPASpecimenVS",
    "type" : "ValueSet",
    "url" : "http://example.org/ValueSet/TBLABLPASpecimenVS",
    "version" : "0.1.0",
    "name" : "TBLABLPASpecimenVS"
  },
  {
    "id" : "TBLABMTBTestResultVS",
    "type" : "ValueSet",
    "url" : "http://example.org/ValueSet/TBLABMTBTestResultVS",
    "version" : "0.1.0",
    "name" : "TBLABMTBTestResultVS"
  },
  {
    "id" : "TBLABSampleQualityVS",
    "type" : "ValueSet",
    "url" : "http://example.org/ValueSet/TBLABSampleQualityVS",
    "version" : "0.1.0",
    "name" : "TBLABSampleQualityVS"
  },
  {
    "id" : "TBLABSampleStatusVS",
    "type" : "ValueSet",
    "url" : "http://example.org/ValueSet/TBLABSampleStatusVS",
    "version" : "0.1.0",
    "name" : "TBLABSampleStatusVS"
  },
  {
    "id" : "TBLABSmearResultVS",
    "type" : "ValueSet",
    "url" : "http://example.org/ValueSet/TBLABSmearResultVS",
    "version" : "0.1.0",
    "name" : "TBLABSmearResultVS"
  }
]
