<?xml version="1.0" encoding="UTF-8"?>

<CodeSystem xmlns="http://hl7.org/fhir">
  <id value="tb-cs---treatment-category-cs"/>
  <text>
    <status value="generated"/><div xmlns="http://www.w3.org/1999/xhtml"><p class="res-header-id"><b>Generated Narrative: CodeSystem tb-cs---treatment-category-cs</b></p><a name="tb-cs---treatment-category-cs"> </a><a name="hctb-cs---treatment-category-cs"> </a><a name="tb-cs---treatment-category-cs-en-US"> </a><p>This  code system <code>http://example.org/CodeSystem/tb-cs---treatment-category-cs</code> defines the following codes:</p><table class="codes"><tr><td style="white-space:nowrap"><b>Code</b></td><td><b>Display</b></td></tr><tr><td style="white-space:nowrap">FIRST_LINE_TREATMENT<a name="tb-cs---treatment-category-cs-FIRST_LINE_TREATMENT"> </a></td><td>First-line Treatment</td></tr><tr><td style="white-space:nowrap">SECOND_LINE_TREATMENT<a name="tb-cs---treatment-category-cs-SECOND_LINE_TREATMENT"> </a></td><td>Second-line Treatment</td></tr></table></div>
  </text>
  <url value="http://example.org/CodeSystem/tb-cs---treatment-category-cs"/>
  <version value="0.1.0"/>
  <name value="TBCSTreatmentCategoryCS"/>
  <title value="TB CS - Treatment category"/>
  <status value="draft"/>
  <date value="2024-12-18T18:58:42+00:00"/>
  <publisher value="DHIS2"/>
  <contact>
    <name value="DHIS2"/>
    <telecom>
      <system value="url"/>
      <value value="http://dhis2.org"/>
    </telecom>
  </contact>
  <content value="complete"/>
  <count value="2"/>
  <concept>
    <code value="FIRST_LINE_TREATMENT"/>
    <display value="First-line Treatment"/>
  </concept>
  <concept>
    <code value="SECOND_LINE_TREATMENT"/>
    <display value="Second-line Treatment"/>
  </concept>
</CodeSystem>