{
  "codeSystems" : [
    {
      "url" : "http://example.org/CodeSystem/GENYesNoUnknownCS",
      "version" : "0.1.0",
      "status" : "draft",
      "name" : "GENYesNoUnknownCS",
      "title" : "GEN - Yes/No/Unknown",
      "description" : "Code system for DHIS2 'Yes/No/Unknown' option set."
    },
    {
      "url" : "http://example.org/CodeSystem/RRTGENSexCS",
      "version" : "0.1.0",
      "status" : "draft",
      "name" : "RRTGENSexCS",
      "title" : "RRT - GEN - Sex",
      "description" : "Code system for DHIS2 'Sex' option set."
    },
    {
      "url" : "http://example.org/CodeSystem/SusceptibleResistantIndeterminateCS",
      "version" : "0.1.0",
      "status" : "draft",
      "name" : "SusceptibleResistantIndeterminateCS",
      "title" : "Susceptible/Resistant/Indeterminate",
      "description" : "Code system for DHIS2 'Susceptible/Resistant/Indeterminate' option set."
    },
    {
      "url" : "http://example.org/CodeSystem/TBCSConfirmationMethodCS",
      "version" : "0.1.0",
      "status" : "draft",
      "name" : "TBCSConfirmationMethodCS",
      "title" : "TB CS - Confirmation method",
      "description" : "Code system for DHIS2 'Confirmation method' option set."
    },
    {
      "url" : "http://example.org/CodeSystem/TBCSDenotificationReasonsCS",
      "version" : "0.1.0",
      "status" : "draft",
      "name" : "TBCSDenotificationReasonsCS",
      "title" : "TB CS - Denotification reasons",
      "description" : "Code system for DHIS2 'Denotification reasons' option set."
    },
    {
      "url" : "http://example.org/CodeSystem/TBCSResistanceClassificationCS",
      "version" : "0.1.0",
      "status" : "draft",
      "name" : "TBCSResistanceClassificationCS",
      "title" : "TB CS - Resistance Classification",
      "description" : "Code system for DHIS2 'Resistance Classification' option set."
    },
    {
      "url" : "http://example.org/CodeSystem/TBCSSiteOfDiseaseCS",
      "version" : "0.1.0",
      "status" : "draft",
      "name" : "TBCSSiteOfDiseaseCS",
      "title" : "TB CS - Site of disease",
      "description" : "Code system for DHIS2 'Site of disease' option set."
    },
    {
      "url" : "http://example.org/CodeSystem/TBCSTreatmentCategoryCS",
      "version" : "0.1.0",
      "status" : "draft",
      "name" : "TBCSTreatmentCategoryCS",
      "title" : "TB CS - Treatment category",
      "description" : "Code system for DHIS2 'Treatment category' option set."
    },
    {
      "url" : "http://example.org/CodeSystem/TBCSTreatmentHistoryCS",
      "version" : "0.1.0",
      "status" : "draft",
      "name" : "TBCSTreatmentHistoryCS",
      "title" : "TB CS - Treatment history",
      "description" : "Code system for DHIS2 'Treatment history' option set."
    },
    {
      "url" : "http://example.org/CodeSystem/TBCSTreatmentOutcomeCS",
      "version" : "0.1.0",
      "status" : "draft",
      "name" : "TBCSTreatmentOutcomeCS",
      "title" : "TB CS - Treatment outcome",
      "description" : "Code system for DHIS2 'Treatment outcome' option set."
    },
    {
      "url" : "http://example.org/CodeSystem/TBLABDSTResultCS",
      "version" : "0.1.0",
      "status" : "draft",
      "name" : "TBLABDSTResultCS",
      "title" : "TB-LAB - DST result",
      "description" : "Code system for DHIS2 'DST result' option set."
    },
    {
      "url" : "http://example.org/CodeSystem/TBLABFinalCultureResultCS",
      "version" : "0.1.0",
      "status" : "draft",
      "name" : "TBLABFinalCultureResultCS",
      "title" : "TB-LAB - Final culture result",
      "description" : "Code system for DHIS2 'Final culture result' option set."
    },
    {
      "url" : "http://example.org/CodeSystem/TBLABLPASpecimenCS",
      "version" : "0.1.0",
      "status" : "draft",
      "name" : "TBLABLPASpecimenCS",
      "title" : "TB-LAB - LPA specimen",
      "description" : "Code system for DHIS2 'LPA specimen' option set."
    },
    {
      "url" : "http://example.org/CodeSystem/TBLABMTBTestResultCS",
      "version" : "0.1.0",
      "status" : "draft",
      "name" : "TBLABMTBTestResultCS",
      "title" : "TB-LAB - MTB test result",
      "description" : "Code system for DHIS2 'MTB test result' option set."
    },
    {
      "url" : "http://example.org/CodeSystem/TBLABSampleQualityCS",
      "version" : "0.1.0",
      "status" : "draft",
      "name" : "TBLABSampleQualityCS",
      "title" : "TB-LAB - Sample quality",
      "description" : "Code system for DHIS2 'Sample quality' option set."
    },
    {
      "url" : "http://example.org/CodeSystem/TBLABSampleStatusCS",
      "version" : "0.1.0",
      "status" : "draft",
      "name" : "TBLABSampleStatusCS",
      "title" : "TB-LAB - Sample status",
      "description" : "Code system for DHIS2 'Sample status' option set."
    },
    {
      "url" : "http://example.org/CodeSystem/TBLABSmearResultCS",
      "version" : "0.1.0",
      "status" : "draft",
      "name" : "TBLABSmearResultCS",
      "title" : "TB-LAB - Smear result",
      "description" : "Code system for DHIS2 'Smear result' option set."
    }
  ]
}
