{
  "resourceType" : "CodeSystem",
  "id" : "tb-cs---confirmation-method-cs",
  "text" : {
    "status" : "generated",
    "div" : "<div xmlns=\"http://www.w3.org/1999/xhtml\"><p class=\"res-header-id\"><b>Generated Narrative: CodeSystem tb-cs---confirmation-method-cs</b></p><a name=\"tb-cs---confirmation-method-cs\"> </a><a name=\"hctb-cs---confirmation-method-cs\"> </a><a name=\"tb-cs---confirmation-method-cs-en-US\"> </a><p>This  code system <code>http://example.org/CodeSystem/tb-cs---confirmation-method-cs</code> defines the following codes:</p><table class=\"codes\"><tr><td style=\"white-space:nowrap\"><b>Code</b></td><td><b>Display</b></td></tr><tr><td style=\"white-space:nowrap\">CLINDX<a name=\"tb-cs---confirmation-method-cs-CLINDX\"> </a></td><td>Clinically diagnosed</td></tr><tr><td style=\"white-space:nowrap\">LABCONF<a name=\"tb-cs---confirmation-method-cs-LABCONF\"> </a></td><td>Bacteriologically confirmed</td></tr></table></div>"
  },
  "url" : "http://example.org/CodeSystem/tb-cs---confirmation-method-cs",
  "version" : "0.1.0",
  "name" : "TBCSConfirmationMethodCS",
  "title" : "TB CS - Confirmation method",
  "status" : "draft",
  "date" : "2024-12-18T18:58:42+00:00",
  "publisher" : "DHIS2",
  "contact" : [{
    "name" : "DHIS2",
    "telecom" : [{
      "system" : "url",
      "value" : "http://dhis2.org"
    }]
  }],
  "content" : "complete",
  "count" : 2,
  "concept" : [{
    "code" : "CLINDX",
    "display" : "Clinically diagnosed"
  },
  {
    "code" : "LABCONF",
    "display" : "Bacteriologically confirmed"
  }]
}