{
  "codeSystems" : [
    {
      "url" : "http://example.org/CodeSystem/GENYesNoUnknownCS",
      "version" : "0.1.0",
      "status" : "draft",
      "name" : "GENYesNoUnknownCS",
      "title" : "GEN - Yes/No/Unknown",
      "description" : "Code system for DHIS2 'Yes/No/Unknown' option set.",
      "uses" : {
      },
      "ValueSet-TBCaseSurveillanceQuestionnaire_GENYesNoUnknownVS.html" : "GEN - Yes/No/Unknown value set",
      "ValueSet-DiagnosisAndNotificationQuestionnaire_GENYesNoUnknownVS.html" : "GEN - Yes/No/Unknown value set",
      "ValueSet-GENYesNoUnknownVS.html" : "GEN - Yes/No/Unknown value set"
    },
    {
      "url" : "http://example.org/CodeSystem/RRTGENSexCS",
      "version" : "0.1.0",
      "status" : "draft",
      "name" : "RRTGENSexCS",
      "title" : "RRT - GEN - Sex",
      "description" : "Code system for DHIS2 'Sex' option set.",
      "uses" : {
      },
      "ValueSet-TBCaseSurveillanceQuestionnaire_RRTGENSexVS.html" : "RRT - GEN - Sex value set",
      "ValueSet-RRTGENSexVS.html" : "RRT - GEN - Sex value set"
    },
    {
      "url" : "http://example.org/CodeSystem/SusceptibleResistantIndeterminateCS",
      "version" : "0.1.0",
      "status" : "draft",
      "name" : "SusceptibleResistantIndeterminateCS",
      "title" : "Susceptible/Resistant/Indeterminate",
      "description" : "Code system for DHIS2 'Susceptible/Resistant/Indeterminate' option set.",
      "uses" : {
      },
      "ValueSet-SusceptibleResistantIndeterminateVS.html" : "Susceptible/Resistant/Indeterminate value set",
      "ValueSet-DiagnosticLaboratoryResultsQuestionnaire_SusceptibleResistantIndeterminateVS.html" : "Susceptible/Resistant/Indeterminate value set"
    },
    {
      "url" : "http://example.org/CodeSystem/TBCSConfirmationMethodCS",
      "version" : "0.1.0",
      "status" : "draft",
      "name" : "TBCSConfirmationMethodCS",
      "title" : "TB CS - Confirmation method",
      "description" : "Code system for DHIS2 'Confirmation method' option set.",
      "uses" : {
      },
      "ValueSet-DiagnosisAndNotificationQuestionnaire_TBCSConfirmationMethodVS.html" : "TB CS - Confirmation method value set",
      "ValueSet-TBCSConfirmationMethodVS.html" : "TB CS - Confirmation method value set"
    },
    {
      "url" : "http://example.org/CodeSystem/TBCSDenotificationReasonsCS",
      "version" : "0.1.0",
      "status" : "draft",
      "name" : "TBCSDenotificationReasonsCS",
      "title" : "TB CS - Denotification reasons",
      "description" : "Code system for DHIS2 'Denotification reasons' option set.",
      "uses" : {
      },
      "ValueSet-TBCSDenotificationReasonsVS.html" : "TB CS - Denotification reasons value set",
      "ValueSet-TBOutcomeQuestionnaire_TBCSDenotificationReasonsVS.html" : "TB CS - Denotification reasons value set"
    },
    {
      "url" : "http://example.org/CodeSystem/TBCSResistanceClassificationCS",
      "version" : "0.1.0",
      "status" : "draft",
      "name" : "TBCSResistanceClassificationCS",
      "title" : "TB CS - Resistance Classification",
      "description" : "Code system for DHIS2 'Resistance Classification' option set.",
      "uses" : {
      },
      "ValueSet-TBTreatmentQuestionnaire_TBCSResistanceClassificationVS.html" : "TB CS - Resistance Classification value set",
      "ValueSet-TBCSResistanceClassificationVS.html" : "TB CS - Resistance Classification value set"
    },
    {
      "url" : "http://example.org/CodeSystem/TBCSSiteOfDiseaseCS",
      "version" : "0.1.0",
      "status" : "draft",
      "name" : "TBCSSiteOfDiseaseCS",
      "title" : "TB CS - Site of disease",
      "description" : "Code system for DHIS2 'Site of disease' option set.",
      "uses" : {
      },
      "ValueSet-DiagnosisAndNotificationQuestionnaire_TBCSSiteOfDiseaseVS.html" : "TB CS - Site of disease value set",
      "ValueSet-TBCSSiteOfDiseaseVS.html" : "TB CS - Site of disease value set"
    },
    {
      "url" : "http://example.org/CodeSystem/TBCSTreatmentCategoryCS",
      "version" : "0.1.0",
      "status" : "draft",
      "name" : "TBCSTreatmentCategoryCS",
      "title" : "TB CS - Treatment category",
      "description" : "Code system for DHIS2 'Treatment category' option set.",
      "uses" : {
      },
      "ValueSet-TBTreatmentQuestionnaire_TBCSTreatmentCategoryVS.html" : "TB CS - Treatment category value set",
      "ValueSet-TBCSTreatmentCategoryVS.html" : "TB CS - Treatment category value set"
    },
    {
      "url" : "http://example.org/CodeSystem/TBCSTreatmentHistoryCS",
      "version" : "0.1.0",
      "status" : "draft",
      "name" : "TBCSTreatmentHistoryCS",
      "title" : "TB CS - Treatment history",
      "description" : "Code system for DHIS2 'Treatment history' option set.",
      "uses" : {
      },
      "ValueSet-DiagnosisAndNotificationQuestionnaire_TBCSTreatmentHistoryVS.html" : "TB CS - Treatment history value set",
      "ValueSet-TBCSTreatmentHistoryVS.html" : "TB CS - Treatment history value set"
    },
    {
      "url" : "http://example.org/CodeSystem/TBCSTreatmentOutcomeCS",
      "version" : "0.1.0",
      "status" : "draft",
      "name" : "TBCSTreatmentOutcomeCS",
      "title" : "TB CS - Treatment outcome",
      "description" : "Code system for DHIS2 'Treatment outcome' option set.",
      "uses" : {
      },
      "ValueSet-TBCSTreatmentOutcomeVS.html" : "TB CS - Treatment outcome value set",
      "ValueSet-TBOutcomeQuestionnaire_TBCSTreatmentOutcomeVS.html" : "TB CS - Treatment outcome value set"
    },
    {
      "url" : "http://example.org/CodeSystem/TBLABDSTResultCS",
      "version" : "0.1.0",
      "status" : "draft",
      "name" : "TBLABDSTResultCS",
      "title" : "TB-LAB - DST result",
      "description" : "Code system for DHIS2 'DST result' option set.",
      "uses" : {
      },
      "ValueSet-TBLABDSTResultVS.html" : "TB-LAB - DST result value set",
      "ValueSet-DiagnosticLaboratoryResultsQuestionnaire_TBLABDSTResultVS.html" : "TB-LAB - DST result value set"
    },
    {
      "url" : "http://example.org/CodeSystem/TBLABFinalCultureResultCS",
      "version" : "0.1.0",
      "status" : "draft",
      "name" : "TBLABFinalCultureResultCS",
      "title" : "TB-LAB - Final culture result",
      "description" : "Code system for DHIS2 'Final culture result' option set.",
      "uses" : {
      },
      "ValueSet-MonitoringLaboratoryResultsQuestionnaire_TBLABFinalCultureResultVS.html" : "TB-LAB - Final culture result value set",
      "ValueSet-TBLABFinalCultureResultVS.html" : "TB-LAB - Final culture result value set",
      "ValueSet-DiagnosticLaboratoryResultsQuestionnaire_TBLABFinalCultureResultVS.html" : "TB-LAB - Final culture result value set"
    },
    {
      "url" : "http://example.org/CodeSystem/TBLABLPASpecimenCS",
      "version" : "0.1.0",
      "status" : "draft",
      "name" : "TBLABLPASpecimenCS",
      "title" : "TB-LAB - LPA specimen",
      "description" : "Code system for DHIS2 'LPA specimen' option set.",
      "uses" : {
      },
      "ValueSet-DiagnosticLaboratoryResultsQuestionnaire_TBLABLPASpecimenVS.html" : "TB-LAB - LPA specimen value set",
      "ValueSet-TBLABLPASpecimenVS.html" : "TB-LAB - LPA specimen value set"
    },
    {
      "url" : "http://example.org/CodeSystem/TBLABMTBTestResultCS",
      "version" : "0.1.0",
      "status" : "draft",
      "name" : "TBLABMTBTestResultCS",
      "title" : "TB-LAB - MTB test result",
      "description" : "Code system for DHIS2 'MTB test result' option set.",
      "uses" : {
      },
      "ValueSet-TBLABMTBTestResultVS.html" : "TB-LAB - MTB test result value set",
      "ValueSet-DiagnosticLaboratoryResultsQuestionnaire_TBLABMTBTestResultVS.html" : "TB-LAB - MTB test result value set"
    },
    {
      "url" : "http://example.org/CodeSystem/TBLABSampleQualityCS",
      "version" : "0.1.0",
      "status" : "draft",
      "name" : "TBLABSampleQualityCS",
      "title" : "TB-LAB - Sample quality",
      "description" : "Code system for DHIS2 'Sample quality' option set.",
      "uses" : {
      },
      "ValueSet-MonitoringLaboratoryResultsQuestionnaire_TBLABSampleQualityVS.html" : "TB-LAB - Sample quality value set",
      "ValueSet-TBLABSampleQualityVS.html" : "TB-LAB - Sample quality value set",
      "ValueSet-DiagnosticLaboratoryResultsQuestionnaire_TBLABSampleQualityVS.html" : "TB-LAB - Sample quality value set"
    },
    {
      "url" : "http://example.org/CodeSystem/TBLABSampleStatusCS",
      "version" : "0.1.0",
      "status" : "draft",
      "name" : "TBLABSampleStatusCS",
      "title" : "TB-LAB - Sample status",
      "description" : "Code system for DHIS2 'Sample status' option set.",
      "uses" : {
      },
      "ValueSet-DiagnosticLaboratoryResultsQuestionnaire_TBLABSampleStatusVS.html" : "TB-LAB - Sample status value set",
      "ValueSet-MonitoringLaboratoryResultsQuestionnaire_TBLABSampleStatusVS.html" : "TB-LAB - Sample status value set",
      "ValueSet-TBLABSampleStatusVS.html" : "TB-LAB - Sample status value set"
    },
    {
      "url" : "http://example.org/CodeSystem/TBLABSmearResultCS",
      "version" : "0.1.0",
      "status" : "draft",
      "name" : "TBLABSmearResultCS",
      "title" : "TB-LAB - Smear result",
      "description" : "Code system for DHIS2 'Smear result' option set.",
      "uses" : {
      },
      "ValueSet-MonitoringLaboratoryResultsQuestionnaire_TBLABSmearResultVS.html" : "TB-LAB - Smear result value set",
      "ValueSet-DiagnosticLaboratoryResultsQuestionnaire_TBLABSmearResultVS.html" : "TB-LAB - Smear result value set",
      "ValueSet-TBLABSmearResultVS.html" : "TB-LAB - Smear result value set"
    }
  ]
}
