<?xml version="1.0" encoding="UTF-8"?>

<CodeSystem xmlns="http://hl7.org/fhir">
  <id value="TBCSTreatmentCategoryCS"/>
  <meta>
    <profile value="http://hl7.org/fhir/uv/crmi/StructureDefinition/crmi-shareablecodesystem"/>
    <profile value="http://hl7.org/fhir/uv/crmi/StructureDefinition/crmi-publishablecodesystem"/>
  </meta>
  <text>
    <status value="generated"/><div xmlns="http://www.w3.org/1999/xhtml"><p class="res-header-id"><b>Generated Narrative: CodeSystem TBCSTreatmentCategoryCS</b></p><a name="TBCSTreatmentCategoryCS"> </a><a name="hcTBCSTreatmentCategoryCS"> </a><a name="TBCSTreatmentCategoryCS-en-US"> </a><p>This case-sensitive code system <code>http://example.org/CodeSystem/TBCSTreatmentCategoryCS</code> defines the following codes:</p><table class="codes"><tr><td style="white-space:nowrap"><b>Code</b></td><td><b>Display</b></td></tr><tr><td style="white-space:nowrap">FIRST_LINE_TREATMENT<a name="TBCSTreatmentCategoryCS-FIRST_LINE_TREATMENT"> </a></td><td>First-line Treatment</td></tr><tr><td style="white-space:nowrap">SECOND_LINE_TREATMENT<a name="TBCSTreatmentCategoryCS-SECOND_LINE_TREATMENT"> </a></td><td>Second-line Treatment</td></tr></table></div>
  </text>
  <url value="http://example.org/CodeSystem/TBCSTreatmentCategoryCS"/>
  <version value="0.1.0"/>
  <name value="TBCSTreatmentCategoryCS"/>
  <title value="TB CS - Treatment category"/>
  <status value="draft"/>
  <experimental value="true"/>
  <date value="2025-01-06T14:45:14+00:00"/>
  <publisher value="DHIS2"/>
  <contact>
    <name value="DHIS2"/>
    <telecom>
      <system value="url"/>
      <value value="http://dhis2.org"/>
    </telecom>
  </contact>
  <description value="Code system for DHIS2 'Treatment category' option set."/>
  <caseSensitive value="true"/>
  <content value="complete"/>
  <count value="2"/>
  <concept>
    <code value="FIRST_LINE_TREATMENT"/>
    <display value="First-line Treatment"/>
  </concept>
  <concept>
    <code value="SECOND_LINE_TREATMENT"/>
    <display value="Second-line Treatment"/>
  </concept>
</CodeSystem>