<?xml version="1.0" encoding="UTF-8"?>

<CodeSystem xmlns="http://hl7.org/fhir">
  <id value="TBCSDenotificationReasonsCS"/>
  <meta>
    <profile value="http://hl7.org/fhir/uv/crmi/StructureDefinition/crmi-shareablecodesystem"/>
    <profile value="http://hl7.org/fhir/uv/crmi/StructureDefinition/crmi-publishablecodesystem"/>
  </meta>
  <text>
    <status value="generated"/><div xmlns="http://www.w3.org/1999/xhtml"><p class="res-header-id"><b>Generated Narrative: CodeSystem TBCSDenotificationReasonsCS</b></p><a name="TBCSDenotificationReasonsCS"> </a><a name="hcTBCSDenotificationReasonsCS"> </a><a name="TBCSDenotificationReasonsCS-en-US"> </a><p>This case-sensitive code system <code>http://example.org/CodeSystem/TBCSDenotificationReasonsCS</code> defines the following codes:</p><table class="codes"><tr><td style="white-space:nowrap"><b>Code</b></td><td><b>Display</b></td></tr><tr><td style="white-space:nowrap">NOT_TB<a name="TBCSDenotificationReasonsCS-NOT_TB"> </a></td><td>Not a TB Case</td></tr><tr><td style="white-space:nowrap">DUPLICATE<a name="TBCSDenotificationReasonsCS-DUPLICATE"> </a></td><td>Duplicate</td></tr></table></div>
  </text>
  <url value="http://example.org/CodeSystem/TBCSDenotificationReasonsCS"/>
  <version value="0.1.0"/>
  <name value="TBCSDenotificationReasonsCS"/>
  <title value="TB CS - Denotification reasons"/>
  <status value="draft"/>
  <experimental value="true"/>
  <date value="2025-01-06T14:12:01+00:00"/>
  <publisher value="DHIS2"/>
  <contact>
    <name value="DHIS2"/>
    <telecom>
      <system value="url"/>
      <value value="http://dhis2.org"/>
    </telecom>
  </contact>
  <description value="Code system for DHIS2 'Denotification reasons' option set."/>
  <caseSensitive value="true"/>
  <content value="complete"/>
  <count value="2"/>
  <concept>
    <code value="NOT_TB"/>
    <display value="Not a TB Case"/>
  </concept>
  <concept>
    <code value="DUPLICATE"/>
    <display value="Duplicate"/>
  </concept>
</CodeSystem>