{
  "resourceType" : "CodeSystem",
  "id" : "gen---yes-no-unknown-cs",
  "text" : {
    "status" : "generated",
    "div" : "<div xmlns=\"http://www.w3.org/1999/xhtml\"><p class=\"res-header-id\"><b>Generated Narrative: CodeSystem gen---yes-no-unknown-cs</b></p><a name=\"gen---yes-no-unknown-cs\"> </a><a name=\"hcgen---yes-no-unknown-cs\"> </a><a name=\"gen---yes-no-unknown-cs-en-US\"> </a><p>This  code system <code>http://example.org/CodeSystem/gen---yes-no-unknown-cs</code> defines the following codes:</p><table class=\"codes\"><tr><td style=\"white-space:nowrap\"><b>Code</b></td><td><b>Display</b></td></tr><tr><td style=\"white-space:nowrap\">NO<a name=\"gen---yes-no-unknown-cs-NO\"> </a></td><td>No</td></tr><tr><td style=\"white-space:nowrap\">UNKNOWN<a name=\"gen---yes-no-unknown-cs-UNKNOWN\"> </a></td><td>Unknown</td></tr><tr><td style=\"white-space:nowrap\">YES<a name=\"gen---yes-no-unknown-cs-YES\"> </a></td><td>Yes</td></tr></table></div>"
  },
  "url" : "http://example.org/CodeSystem/gen---yes-no-unknown-cs",
  "version" : "0.1.0",
  "name" : "GENYesNoUnknownCS",
  "title" : "GEN - Yes/No/Unknown",
  "status" : "draft",
  "date" : "2024-12-17T21:15:49+00:00",
  "publisher" : "DHIS2",
  "contact" : [{
    "name" : "DHIS2",
    "telecom" : [{
      "system" : "url",
      "value" : "http://dhis2.org"
    }]
  }],
  "content" : "complete",
  "count" : 3,
  "concept" : [{
    "code" : "NO",
    "display" : "No"
  },
  {
    "code" : "UNKNOWN",
    "display" : "Unknown"
  },
  {
    "code" : "YES",
    "display" : "Yes"
  }]
}