{
  "resourceType" : "CodeSystem",
  "id" : "TBCSSiteOfDiseaseCS",
  "meta" : {
    "profile" : ["http://hl7.org/fhir/uv/crmi/StructureDefinition/crmi-shareablecodesystem",
    "http://hl7.org/fhir/uv/crmi/StructureDefinition/crmi-publishablecodesystem"]
  },
  "text" : {
    "status" : "generated",
    "div" : "<div xmlns=\"http://www.w3.org/1999/xhtml\"><p class=\"res-header-id\"><b>Generated Narrative: CodeSystem TBCSSiteOfDiseaseCS</b></p><a name=\"TBCSSiteOfDiseaseCS\"> </a><a name=\"hcTBCSSiteOfDiseaseCS\"> </a><a name=\"TBCSSiteOfDiseaseCS-en-US\"> </a><p>This case-sensitive code system <code>http://example.org/CodeSystem/TBCSSiteOfDiseaseCS</code> defines the following codes:</p><table class=\"codes\"><tr><td style=\"white-space:nowrap\"><b>Code</b></td><td><b>Display</b></td></tr><tr><td style=\"white-space:nowrap\">SITE_PULMONARY<a name=\"TBCSSiteOfDiseaseCS-SITE_PULMONARY\"> </a></td><td>Pulmonary</td></tr><tr><td style=\"white-space:nowrap\">SITE_EXTRA_PULMONARY<a name=\"TBCSSiteOfDiseaseCS-SITE_EXTRA_PULMONARY\"> </a></td><td>Extra-pulmonary</td></tr><tr><td style=\"white-space:nowrap\">SITE_BOTH<a name=\"TBCSSiteOfDiseaseCS-SITE_BOTH\"> </a></td><td>Pulmonary and extra-pulmonary</td></tr></table></div>"
  },
  "url" : "http://example.org/CodeSystem/TBCSSiteOfDiseaseCS",
  "version" : "0.1.0",
  "name" : "TBCSSiteOfDiseaseCS",
  "title" : "TB CS - Site of disease",
  "status" : "draft",
  "experimental" : true,
  "date" : "2025-01-07T09:54:37+00:00",
  "publisher" : "DHIS2",
  "contact" : [{
    "name" : "DHIS2",
    "telecom" : [{
      "system" : "url",
      "value" : "http://dhis2.org"
    }]
  }],
  "description" : "Code system for DHIS2 'Site of disease' option set.",
  "caseSensitive" : true,
  "content" : "complete",
  "count" : 3,
  "concept" : [{
    "code" : "SITE_PULMONARY",
    "display" : "Pulmonary"
  },
  {
    "code" : "SITE_EXTRA_PULMONARY",
    "display" : "Extra-pulmonary"
  },
  {
    "code" : "SITE_BOTH",
    "display" : "Pulmonary and extra-pulmonary"
  }]
}