<?xml version="1.0" encoding="UTF-8"?>

<CodeSystem xmlns="http://hl7.org/fhir">
  <id value="TBLABMTBTestResultCS"/>
  <meta>
    <profile value="http://hl7.org/fhir/uv/crmi/StructureDefinition/crmi-shareablecodesystem"/>
    <profile value="http://hl7.org/fhir/uv/crmi/StructureDefinition/crmi-publishablecodesystem"/>
  </meta>
  <text>
    <status value="generated"/><div xmlns="http://www.w3.org/1999/xhtml"><p class="res-header-id"><b>Generated Narrative: CodeSystem TBLABMTBTestResultCS</b></p><a name="TBLABMTBTestResultCS"> </a><a name="hcTBLABMTBTestResultCS"> </a><a name="TBLABMTBTestResultCS-en-US"> </a><p>This case-sensitive code system <code>http://example.org/CodeSystem/TBLABMTBTestResultCS</code> defines the following codes:</p><table class="codes"><tr><td style="white-space:nowrap"><b>Code</b></td><td><b>Display</b></td></tr><tr><td style="white-space:nowrap">DETECTED<a name="TBLABMTBTestResultCS-DETECTED"> </a></td><td>Detected</td></tr><tr><td style="white-space:nowrap">NOT_DETECTED<a name="TBLABMTBTestResultCS-NOT_DETECTED"> </a></td><td>Not detected</td></tr><tr><td style="white-space:nowrap">ERROR<a name="TBLABMTBTestResultCS-ERROR"> </a></td><td>Error</td></tr><tr><td style="white-space:nowrap">INVALID<a name="TBLABMTBTestResultCS-INVALID"> </a></td><td>Invalid</td></tr><tr><td style="white-space:nowrap">NO_RESULT<a name="TBLABMTBTestResultCS-NO_RESULT"> </a></td><td>No result</td></tr></table></div>
  </text>
  <url value="http://example.org/CodeSystem/TBLABMTBTestResultCS"/>
  <version value="0.1.0"/>
  <name value="TBLABMTBTestResultCS"/>
  <title value="TB-LAB - MTB test result"/>
  <status value="draft"/>
  <experimental value="true"/>
  <date value="2025-02-10T09:39:27+00:00"/>
  <publisher value="DHIS2"/>
  <contact>
    <name value="DHIS2"/>
    <telecom>
      <system value="url"/>
      <value value="http://dhis2.org"/>
    </telecom>
  </contact>
  <description value="Code system for DHIS2 'MTB test result' option set."/>
  <caseSensitive value="true"/>
  <content value="complete"/>
  <count value="5"/>
  <concept>
    <code value="DETECTED"/>
    <display value="Detected"/>
  </concept>
  <concept>
    <code value="NOT_DETECTED"/>
    <display value="Not detected"/>
  </concept>
  <concept>
    <code value="ERROR"/>
    <display value="Error"/>
  </concept>
  <concept>
    <code value="INVALID"/>
    <display value="Invalid"/>
  </concept>
  <concept>
    <code value="NO_RESULT"/>
    <display value="No result"/>
  </concept>
</CodeSystem>