<?xml version="1.0" encoding="UTF-8"?>

<CodeSystem xmlns="http://hl7.org/fhir">
  <id value="tb-lab---sample-status-cs"/>
  <text>
    <status value="generated"/><div xmlns="http://www.w3.org/1999/xhtml"><p class="res-header-id"><b>Generated Narrative: CodeSystem tb-lab---sample-status-cs</b></p><a name="tb-lab---sample-status-cs"> </a><a name="hctb-lab---sample-status-cs"> </a><a name="tb-lab---sample-status-cs-en-US"> </a><p>This  code system <code>http://example.org/CodeSystem/tb-lab---sample-status-cs</code> defines the following codes:</p><table class="codes"><tr><td style="white-space:nowrap"><b>Code</b></td><td><b>Display</b></td></tr><tr><td style="white-space:nowrap">RECEIVED<a name="tb-lab---sample-status-cs-RECEIVED"> </a></td><td>Sample received</td></tr><tr><td style="white-space:nowrap">LOST<a name="tb-lab---sample-status-cs-LOST"> </a></td><td>Sample lost</td></tr></table></div>
  </text>
  <url value="http://example.org/CodeSystem/tb-lab---sample-status-cs"/>
  <version value="0.1.0"/>
  <name value="TBLABSampleStatusCS"/>
  <title value="TB-LAB - Sample status"/>
  <status value="draft"/>
  <date value="2024-12-18T18:58:42+00:00"/>
  <publisher value="DHIS2"/>
  <contact>
    <name value="DHIS2"/>
    <telecom>
      <system value="url"/>
      <value value="http://dhis2.org"/>
    </telecom>
  </contact>
  <content value="complete"/>
  <count value="2"/>
  <concept>
    <code value="RECEIVED"/>
    <display value="Sample received"/>
  </concept>
  <concept>
    <code value="LOST"/>
    <display value="Sample lost"/>
  </concept>
</CodeSystem>