{
  "resourceType" : "CodeSystem",
  "id" : "TBCSTreatmentOutcomeCS",
  "meta" : {
    "profile" : ["http://hl7.org/fhir/uv/crmi/StructureDefinition/crmi-shareablecodesystem",
    "http://hl7.org/fhir/uv/crmi/StructureDefinition/crmi-publishablecodesystem"]
  },
  "text" : {
    "status" : "generated",
    "div" : "<div xmlns=\"http://www.w3.org/1999/xhtml\"><p class=\"res-header-id\"><b>Generated Narrative: CodeSystem TBCSTreatmentOutcomeCS</b></p><a name=\"TBCSTreatmentOutcomeCS\"> </a><a name=\"hcTBCSTreatmentOutcomeCS\"> </a><a name=\"TBCSTreatmentOutcomeCS-en-US\"> </a><p>This case-sensitive code system <code>http://example.org/CodeSystem/TBCSTreatmentOutcomeCS</code> defines the following codes:</p><table class=\"codes\"><tr><td style=\"white-space:nowrap\"><b>Code</b></td><td><b>Display</b></td></tr><tr><td style=\"white-space:nowrap\">CURED<a name=\"TBCSTreatmentOutcomeCS-CURED\"> </a></td><td>Cured</td></tr><tr><td style=\"white-space:nowrap\">COMPLETED<a name=\"TBCSTreatmentOutcomeCS-COMPLETED\"> </a></td><td>Completed</td></tr><tr><td style=\"white-space:nowrap\">FAILURE<a name=\"TBCSTreatmentOutcomeCS-FAILURE\"> </a></td><td>Failed</td></tr><tr><td style=\"white-space:nowrap\">DIED<a name=\"TBCSTreatmentOutcomeCS-DIED\"> </a></td><td>Died</td></tr><tr><td style=\"white-space:nowrap\">LOST_TO_FOLLOW_UP<a name=\"TBCSTreatmentOutcomeCS-LOST_TO_FOLLOW_UP\"> </a></td><td>Lost to follow-up</td></tr><tr><td style=\"white-space:nowrap\">NOT_EVALUATED<a name=\"TBCSTreatmentOutcomeCS-NOT_EVALUATED\"> </a></td><td>Not evaluated</td></tr></table></div>"
  },
  "url" : "http://example.org/CodeSystem/TBCSTreatmentOutcomeCS",
  "version" : "0.1.0",
  "name" : "TBCSTreatmentOutcomeCS",
  "title" : "TB CS - Treatment outcome",
  "status" : "draft",
  "experimental" : true,
  "date" : "2025-01-09T13:22:59+00:00",
  "publisher" : "DHIS2",
  "contact" : [{
    "name" : "DHIS2",
    "telecom" : [{
      "system" : "url",
      "value" : "http://dhis2.org"
    }]
  }],
  "description" : "Code system for DHIS2 'Treatment outcome' option set.",
  "caseSensitive" : true,
  "content" : "complete",
  "count" : 6,
  "concept" : [{
    "code" : "CURED",
    "display" : "Cured"
  },
  {
    "code" : "COMPLETED",
    "display" : "Completed"
  },
  {
    "code" : "FAILURE",
    "display" : "Failed"
  },
  {
    "code" : "DIED",
    "display" : "Died"
  },
  {
    "code" : "LOST_TO_FOLLOW_UP",
    "display" : "Lost to follow-up"
  },
  {
    "code" : "NOT_EVALUATED",
    "display" : "Not evaluated"
  }]
}