<?xml version="1.0" encoding="UTF-8"?>

<CodeSystem xmlns="http://hl7.org/fhir">
  <id value="rrt---gen---sex-cs"/>
  <text>
    <status value="generated"/><div xmlns="http://www.w3.org/1999/xhtml"><p class="res-header-id"><b>Generated Narrative: CodeSystem rrt---gen---sex-cs</b></p><a name="rrt---gen---sex-cs"> </a><a name="hcrrt---gen---sex-cs"> </a><a name="rrt---gen---sex-cs-en-US"> </a><p>This  code system <code>http://example.org/CodeSystem/rrt---gen---sex-cs</code> defines the following codes:</p><table class="codes"><tr><td style="white-space:nowrap"><b>Code</b></td><td><b>Display</b></td></tr><tr><td style="white-space:nowrap">FEMALE<a name="rrt---gen---sex-cs-FEMALE"> </a></td><td>Female</td></tr><tr><td style="white-space:nowrap">MALE<a name="rrt---gen---sex-cs-MALE"> </a></td><td>Male</td></tr></table></div>
  </text>
  <url value="http://example.org/CodeSystem/rrt---gen---sex-cs"/>
  <version value="0.1.0"/>
  <name value="RRTGENSexCS"/>
  <title value="RRT - GEN - Sex"/>
  <status value="draft"/>
  <date value="2024-12-18T18:58:42+00:00"/>
  <publisher value="DHIS2"/>
  <contact>
    <name value="DHIS2"/>
    <telecom>
      <system value="url"/>
      <value value="http://dhis2.org"/>
    </telecom>
  </contact>
  <content value="complete"/>
  <count value="2"/>
  <concept>
    <code value="FEMALE"/>
    <display value="Female"/>
  </concept>
  <concept>
    <code value="MALE"/>
    <display value="Male"/>
  </concept>
</CodeSystem>