<?xml version="1.0" encoding="UTF-8"?>

<CodeSystem xmlns="http://hl7.org/fhir">
  <id value="TBLABFinalCultureResultCS"/>
  <meta>
    <profile value="http://hl7.org/fhir/uv/crmi/StructureDefinition/crmi-shareablecodesystem"/>
    <profile value="http://hl7.org/fhir/uv/crmi/StructureDefinition/crmi-publishablecodesystem"/>
  </meta>
  <text>
    <status value="generated"/><div xmlns="http://www.w3.org/1999/xhtml"><p class="res-header-id"><b>Generated Narrative: CodeSystem TBLABFinalCultureResultCS</b></p><a name="TBLABFinalCultureResultCS"> </a><a name="hcTBLABFinalCultureResultCS"> </a><a name="TBLABFinalCultureResultCS-en-US"> </a><p>This case-sensitive code system <code>http://example.org/CodeSystem/TBLABFinalCultureResultCS</code> defines the following codes:</p><table class="codes"><tr><td style="white-space:nowrap"><b>Code</b></td><td><b>Display</b></td></tr><tr><td style="white-space:nowrap">MTB<a name="TBLABFinalCultureResultCS-MTB"> </a></td><td>MTB</td></tr><tr><td style="white-space:nowrap">NTM<a name="TBLABFinalCultureResultCS-NTM"> </a></td><td>NTM</td></tr><tr><td style="white-space:nowrap">NO_GROWTH<a name="TBLABFinalCultureResultCS-NO_GROWTH"> </a></td><td>No growth</td></tr><tr><td style="white-space:nowrap">CONTAMINATED<a name="TBLABFinalCultureResultCS-CONTAMINATED"> </a></td><td>Contaminated</td></tr></table></div>
  </text>
  <url value="http://example.org/CodeSystem/TBLABFinalCultureResultCS"/>
  <version value="0.1.0"/>
  <name value="TBLABFinalCultureResultCS"/>
  <title value="TB-LAB - Final culture result"/>
  <status value="draft"/>
  <experimental value="true"/>
  <date value="2025-01-06T14:45:14+00:00"/>
  <publisher value="DHIS2"/>
  <contact>
    <name value="DHIS2"/>
    <telecom>
      <system value="url"/>
      <value value="http://dhis2.org"/>
    </telecom>
  </contact>
  <description value="Code system for DHIS2 'Final culture result' option set."/>
  <caseSensitive value="true"/>
  <content value="complete"/>
  <count value="4"/>
  <concept>
    <code value="MTB"/>
    <display value="MTB"/>
  </concept>
  <concept>
    <code value="NTM"/>
    <display value="NTM"/>
  </concept>
  <concept>
    <code value="NO_GROWTH"/>
    <display value="No growth"/>
  </concept>
  <concept>
    <code value="CONTAMINATED"/>
    <display value="Contaminated"/>
  </concept>
</CodeSystem>