<?xml version="1.0" encoding="UTF-8"?>

<Bundle xmlns="http://hl7.org/fhir">
  <id value="c1e62913-ebe6-42b5-94c8-73852b7b6edd"/>
  <meta>
    <lastUpdated value="2024-12-18T18:58:42.596+00:00"/>
  </meta>
  <type value="collection"/>
  <entry>
    <fullUrl value="http://example.org/ValueSet/gen---yes-no-unknown-vs"/>
    <resource>
      <ValueSet>
        <text>
          <status value="generated"/>
          <div xmlns="http://www.w3.org/1999/xhtml">
            <p class="res-header-id">
              <b>Generated Narrative: ValueSet </b>
            </p>
            <p style="border: black 1px dotted; background-color: #EEEEEE; padding: 8px; margin-bottom: 8px">Expansion based on 
              <a href="CodeSystem-gen---yes-no-unknown-cs.html">codesystem GEN - Yes/No/Unknown v0.1.0 (CodeSystem)</a>
            </p>
            <p>This value set contains 3 concepts</p>
            <table class="codes">
              <tr>
                <td style="white-space:nowrap">
                  <b>Code</b>
                </td>
                <td>
                  <b>System</b>
                </td>
                <td>
                  <b>Display</b>
                </td>
              </tr>
              <tr>
                <td style="white-space:nowrap">
                  <a name="x-http://example.org/CodeSystem/gen---yes-no-unknown-cs-NO"> </a>  
                  <a href="CodeSystem-gen---yes-no-unknown-cs.html#gen---yes-no-unknown-cs-NO">NO</a>
                </td>
                <td>http://example.org/CodeSystem/gen---yes-no-unknown-cs</td>
                <td>No</td>
              </tr>
              <tr>
                <td style="white-space:nowrap">
                  <a name="x-http://example.org/CodeSystem/gen---yes-no-unknown-cs-UNKNOWN"> </a>  
                  <a href="CodeSystem-gen---yes-no-unknown-cs.html#gen---yes-no-unknown-cs-UNKNOWN">UNKNOWN</a>
                </td>
                <td>http://example.org/CodeSystem/gen---yes-no-unknown-cs</td>
                <td>Unknown</td>
              </tr>
              <tr>
                <td style="white-space:nowrap">
                  <a name="x-http://example.org/CodeSystem/gen---yes-no-unknown-cs-YES"> </a>  
                  <a href="CodeSystem-gen---yes-no-unknown-cs.html#gen---yes-no-unknown-cs-YES">YES</a>
                </td>
                <td>http://example.org/CodeSystem/gen---yes-no-unknown-cs</td>
                <td>Yes</td>
              </tr>
            </table>
          </div>
        </text>
        <url value="http://example.org/ValueSet/gen---yes-no-unknown-vs"/>
        <version value="0.1.0"/>
        <name value="GENYesNoUnknownVS"/>
        <title value="GEN - Yes/No/Unknown value set"/>
        <status value="draft"/>
        <date value="2024-12-18T18:58:42+00:00"/>
        <expansion>
          <identifier value="urn:uuid:64c2e475-601a-40d8-a0fa-1922312f19d4"/>
          <timestamp value="2024-12-18T18:59:00+00:00"/>
          <total value="3"/>
          <offset value="0"/>
          <parameter>
            <name value="count"/>
            <valueInteger value="1000"/>
          </parameter>
          <parameter>
            <name value="offset"/>
            <valueInteger value="0"/>
          </parameter>
          <parameter>
            <name value="excludeNested"/>
            <valueBoolean value="false"/>
          </parameter>
          <parameter>
            <name value="used-codesystem"/>
            <valueUri value="http://example.org/CodeSystem/gen---yes-no-unknown-cs|0.1.0"/>
          </parameter>
          <contains>
            <system value="http://example.org/CodeSystem/gen---yes-no-unknown-cs"/>
            <code value="NO"/>
            <display value="No"/>
          </contains>
          <contains>
            <system value="http://example.org/CodeSystem/gen---yes-no-unknown-cs"/>
            <code value="UNKNOWN"/>
            <display value="Unknown"/>
          </contains>
          <contains>
            <system value="http://example.org/CodeSystem/gen---yes-no-unknown-cs"/>
            <code value="YES"/>
            <display value="Yes"/>
          </contains>
        </expansion>
      </ValueSet>
    </resource>
  </entry>
  <entry>
    <fullUrl value="http://example.org/ValueSet/rrt---gen---sex-vs"/>
    <resource>
      <ValueSet>
        <text>
          <status value="generated"/>
          <div xmlns="http://www.w3.org/1999/xhtml">
            <p class="res-header-id">
              <b>Generated Narrative: ValueSet </b>
            </p>
            <p style="border: black 1px dotted; background-color: #EEEEEE; padding: 8px; margin-bottom: 8px">Expansion based on 
              <a href="CodeSystem-rrt---gen---sex-cs.html">codesystem RRT - GEN - Sex v0.1.0 (CodeSystem)</a>
            </p>
            <p>This value set contains 2 concepts</p>
            <table class="codes">
              <tr>
                <td style="white-space:nowrap">
                  <b>Code</b>
                </td>
                <td>
                  <b>System</b>
                </td>
                <td>
                  <b>Display</b>
                </td>
              </tr>
              <tr>
                <td style="white-space:nowrap">
                  <a name="x-http://example.org/CodeSystem/rrt---gen---sex-cs-FEMALE"> </a>  
                  <a href="CodeSystem-rrt---gen---sex-cs.html#rrt---gen---sex-cs-FEMALE">FEMALE</a>
                </td>
                <td>http://example.org/CodeSystem/rrt---gen---sex-cs</td>
                <td>Female</td>
              </tr>
              <tr>
                <td style="white-space:nowrap">
                  <a name="x-http://example.org/CodeSystem/rrt---gen---sex-cs-MALE"> </a>  
                  <a href="CodeSystem-rrt---gen---sex-cs.html#rrt---gen---sex-cs-MALE">MALE</a>
                </td>
                <td>http://example.org/CodeSystem/rrt---gen---sex-cs</td>
                <td>Male</td>
              </tr>
            </table>
          </div>
        </text>
        <url value="http://example.org/ValueSet/rrt---gen---sex-vs"/>
        <version value="0.1.0"/>
        <name value="RRTGENSexVS"/>
        <title value="RRT - GEN - Sex value set"/>
        <status value="draft"/>
        <date value="2024-12-18T18:58:42+00:00"/>
        <expansion>
          <identifier value="urn:uuid:37c7b096-71c8-481d-848c-cb2e9bcc3d2a"/>
          <timestamp value="2024-12-18T18:59:00+00:00"/>
          <total value="2"/>
          <offset value="0"/>
          <parameter>
            <name value="count"/>
            <valueInteger value="1000"/>
          </parameter>
          <parameter>
            <name value="offset"/>
            <valueInteger value="0"/>
          </parameter>
          <parameter>
            <name value="excludeNested"/>
            <valueBoolean value="false"/>
          </parameter>
          <parameter>
            <name value="used-codesystem"/>
            <valueUri value="http://example.org/CodeSystem/rrt---gen---sex-cs|0.1.0"/>
          </parameter>
          <contains>
            <system value="http://example.org/CodeSystem/rrt---gen---sex-cs"/>
            <code value="FEMALE"/>
            <display value="Female"/>
          </contains>
          <contains>
            <system value="http://example.org/CodeSystem/rrt---gen---sex-cs"/>
            <code value="MALE"/>
            <display value="Male"/>
          </contains>
        </expansion>
      </ValueSet>
    </resource>
  </entry>
  <entry>
    <fullUrl value="http://example.org/ValueSet/susceptible-resistant-indeterminate-vs"/>
    <resource>
      <ValueSet>
        <text>
          <status value="generated"/>
          <div xmlns="http://www.w3.org/1999/xhtml">
            <p class="res-header-id">
              <b>Generated Narrative: ValueSet </b>
            </p>
            <p style="border: black 1px dotted; background-color: #EEEEEE; padding: 8px; margin-bottom: 8px">Expansion based on 
              <a href="CodeSystem-susceptible-resistant-indeterminate-cs.html">codesystem Susceptible/Resistant/Indeterminate v0.1.0 (CodeSystem)</a>
            </p>
            <p>This value set contains 3 concepts</p>
            <table class="codes">
              <tr>
                <td style="white-space:nowrap">
                  <b>Code</b>
                </td>
                <td>
                  <b>System</b>
                </td>
                <td>
                  <b>Display</b>
                </td>
              </tr>
              <tr>
                <td style="white-space:nowrap">
                  <a name="x-http://example.org/CodeSystem/susceptible-resistant-indeterminate-cs-SUSCEPTIBLE"> </a>  
                  <a href="CodeSystem-susceptible-resistant-indeterminate-cs.html#susceptible-resistant-indeterminate-cs-SUSCEPTIBLE">SUSCEPTIBLE</a>
                </td>
                <td>http://example.org/CodeSystem/susceptible-resistant-indeterminate-cs</td>
                <td>Susceptible</td>
              </tr>
              <tr>
                <td style="white-space:nowrap">
                  <a name="x-http://example.org/CodeSystem/susceptible-resistant-indeterminate-cs-RESISTANT"> </a>  
                  <a href="CodeSystem-susceptible-resistant-indeterminate-cs.html#susceptible-resistant-indeterminate-cs-RESISTANT">RESISTANT</a>
                </td>
                <td>http://example.org/CodeSystem/susceptible-resistant-indeterminate-cs</td>
                <td>Resistant</td>
              </tr>
              <tr>
                <td style="white-space:nowrap">
                  <a name="x-http://example.org/CodeSystem/susceptible-resistant-indeterminate-cs-INDETERMINATE"> </a>  
                  <a href="CodeSystem-susceptible-resistant-indeterminate-cs.html#susceptible-resistant-indeterminate-cs-INDETERMINATE">INDETERMINATE</a>
                </td>
                <td>http://example.org/CodeSystem/susceptible-resistant-indeterminate-cs</td>
                <td>Indeterminate</td>
              </tr>
            </table>
          </div>
        </text>
        <url value="http://example.org/ValueSet/susceptible-resistant-indeterminate-vs"/>
        <version value="0.1.0"/>
        <name value="SusceptibleResistantIndeterminateVS"/>
        <title value="Susceptible/Resistant/Indeterminate value set"/>
        <status value="draft"/>
        <date value="2024-12-18T18:58:42+00:00"/>
        <expansion>
          <identifier value="urn:uuid:d707e143-79bc-41b1-81de-3cb77b161ec1"/>
          <timestamp value="2024-12-18T18:59:00+00:00"/>
          <total value="3"/>
          <offset value="0"/>
          <parameter>
            <name value="count"/>
            <valueInteger value="1000"/>
          </parameter>
          <parameter>
            <name value="offset"/>
            <valueInteger value="0"/>
          </parameter>
          <parameter>
            <name value="excludeNested"/>
            <valueBoolean value="false"/>
          </parameter>
          <parameter>
            <name value="used-codesystem"/>
            <valueUri value="http://example.org/CodeSystem/susceptible-resistant-indeterminate-cs|0.1.0"/>
          </parameter>
          <contains>
            <system value="http://example.org/CodeSystem/susceptible-resistant-indeterminate-cs"/>
            <code value="SUSCEPTIBLE"/>
            <display value="Susceptible"/>
          </contains>
          <contains>
            <system value="http://example.org/CodeSystem/susceptible-resistant-indeterminate-cs"/>
            <code value="RESISTANT"/>
            <display value="Resistant"/>
          </contains>
          <contains>
            <system value="http://example.org/CodeSystem/susceptible-resistant-indeterminate-cs"/>
            <code value="INDETERMINATE"/>
            <display value="Indeterminate"/>
          </contains>
        </expansion>
      </ValueSet>
    </resource>
  </entry>
  <entry>
    <fullUrl value="http://example.org/ValueSet/tb-cs---confirmation-method-vs"/>
    <resource>
      <ValueSet>
        <text>
          <status value="generated"/>
          <div xmlns="http://www.w3.org/1999/xhtml">
            <p class="res-header-id">
              <b>Generated Narrative: ValueSet </b>
            </p>
            <p style="border: black 1px dotted; background-color: #EEEEEE; padding: 8px; margin-bottom: 8px">Expansion based on 
              <a href="CodeSystem-tb-cs---confirmation-method-cs.html">codesystem TB CS - Confirmation method v0.1.0 (CodeSystem)</a>
            </p>
            <p>This value set contains 2 concepts</p>
            <table class="codes">
              <tr>
                <td style="white-space:nowrap">
                  <b>Code</b>
                </td>
                <td>
                  <b>System</b>
                </td>
                <td>
                  <b>Display</b>
                </td>
              </tr>
              <tr>
                <td style="white-space:nowrap">
                  <a name="x-http://example.org/CodeSystem/tb-cs---confirmation-method-cs-CLINDX"> </a>  
                  <a href="CodeSystem-tb-cs---confirmation-method-cs.html#tb-cs---confirmation-method-cs-CLINDX">CLINDX</a>
                </td>
                <td>http://example.org/CodeSystem/tb-cs---confirmation-method-cs</td>
                <td>Clinically diagnosed</td>
              </tr>
              <tr>
                <td style="white-space:nowrap">
                  <a name="x-http://example.org/CodeSystem/tb-cs---confirmation-method-cs-LABCONF"> </a>  
                  <a href="CodeSystem-tb-cs---confirmation-method-cs.html#tb-cs---confirmation-method-cs-LABCONF">LABCONF</a>
                </td>
                <td>http://example.org/CodeSystem/tb-cs---confirmation-method-cs</td>
                <td>Bacteriologically confirmed</td>
              </tr>
            </table>
          </div>
        </text>
        <url value="http://example.org/ValueSet/tb-cs---confirmation-method-vs"/>
        <version value="0.1.0"/>
        <name value="TBCSConfirmationMethodVS"/>
        <title value="TB CS - Confirmation method value set"/>
        <status value="draft"/>
        <date value="2024-12-18T18:58:42+00:00"/>
        <expansion>
          <identifier value="urn:uuid:ae3328b5-ed86-466c-b28d-177a31dae36c"/>
          <timestamp value="2024-12-18T18:59:00+00:00"/>
          <total value="2"/>
          <offset value="0"/>
          <parameter>
            <name value="count"/>
            <valueInteger value="1000"/>
          </parameter>
          <parameter>
            <name value="offset"/>
            <valueInteger value="0"/>
          </parameter>
          <parameter>
            <name value="excludeNested"/>
            <valueBoolean value="false"/>
          </parameter>
          <parameter>
            <name value="used-codesystem"/>
            <valueUri value="http://example.org/CodeSystem/tb-cs---confirmation-method-cs|0.1.0"/>
          </parameter>
          <contains>
            <system value="http://example.org/CodeSystem/tb-cs---confirmation-method-cs"/>
            <code value="CLINDX"/>
            <display value="Clinically diagnosed"/>
          </contains>
          <contains>
            <system value="http://example.org/CodeSystem/tb-cs---confirmation-method-cs"/>
            <code value="LABCONF"/>
            <display value="Bacteriologically confirmed"/>
          </contains>
        </expansion>
      </ValueSet>
    </resource>
  </entry>
  <entry>
    <fullUrl value="http://example.org/ValueSet/tb-cs---denotification-reasons-vs"/>
    <resource>
      <ValueSet>
        <text>
          <status value="generated"/>
          <div xmlns="http://www.w3.org/1999/xhtml">
            <p class="res-header-id">
              <b>Generated Narrative: ValueSet </b>
            </p>
            <p style="border: black 1px dotted; background-color: #EEEEEE; padding: 8px; margin-bottom: 8px">Expansion based on 
              <a href="CodeSystem-tb-cs---denotification-reasons-cs.html">codesystem TB CS - Denotification reasons v0.1.0 (CodeSystem)</a>
            </p>
            <p>This value set contains 2 concepts</p>
            <table class="codes">
              <tr>
                <td style="white-space:nowrap">
                  <b>Code</b>
                </td>
                <td>
                  <b>System</b>
                </td>
                <td>
                  <b>Display</b>
                </td>
              </tr>
              <tr>
                <td style="white-space:nowrap">
                  <a name="x-http://example.org/CodeSystem/tb-cs---denotification-reasons-cs-NOT_TB"> </a>  
                  <a href="CodeSystem-tb-cs---denotification-reasons-cs.html#tb-cs---denotification-reasons-cs-NOT_TB">NOT_TB</a>
                </td>
                <td>http://example.org/CodeSystem/tb-cs---denotification-reasons-cs</td>
                <td>Not a TB Case</td>
              </tr>
              <tr>
                <td style="white-space:nowrap">
                  <a name="x-http://example.org/CodeSystem/tb-cs---denotification-reasons-cs-DUPLICATE"> </a>  
                  <a href="CodeSystem-tb-cs---denotification-reasons-cs.html#tb-cs---denotification-reasons-cs-DUPLICATE">DUPLICATE</a>
                </td>
                <td>http://example.org/CodeSystem/tb-cs---denotification-reasons-cs</td>
                <td>Duplicate</td>
              </tr>
            </table>
          </div>
        </text>
        <url value="http://example.org/ValueSet/tb-cs---denotification-reasons-vs"/>
        <version value="0.1.0"/>
        <name value="TBCSDenotificationReasonsVS"/>
        <title value="TB CS - Denotification reasons value set"/>
        <status value="draft"/>
        <date value="2024-12-18T18:58:42+00:00"/>
        <expansion>
          <identifier value="urn:uuid:121639fc-7666-4c83-bfb9-6f6724de2d6f"/>
          <timestamp value="2024-12-18T18:59:00+00:00"/>
          <total value="2"/>
          <offset value="0"/>
          <parameter>
            <name value="count"/>
            <valueInteger value="1000"/>
          </parameter>
          <parameter>
            <name value="offset"/>
            <valueInteger value="0"/>
          </parameter>
          <parameter>
            <name value="excludeNested"/>
            <valueBoolean value="false"/>
          </parameter>
          <parameter>
            <name value="used-codesystem"/>
            <valueUri value="http://example.org/CodeSystem/tb-cs---denotification-reasons-cs|0.1.0"/>
          </parameter>
          <contains>
            <system value="http://example.org/CodeSystem/tb-cs---denotification-reasons-cs"/>
            <code value="NOT_TB"/>
            <display value="Not a TB Case"/>
          </contains>
          <contains>
            <system value="http://example.org/CodeSystem/tb-cs---denotification-reasons-cs"/>
            <code value="DUPLICATE"/>
            <display value="Duplicate"/>
          </contains>
        </expansion>
      </ValueSet>
    </resource>
  </entry>
  <entry>
    <fullUrl value="http://example.org/ValueSet/tb-cs---resistance-classification-vs"/>
    <resource>
      <ValueSet>
        <text>
          <status value="generated"/>
          <div xmlns="http://www.w3.org/1999/xhtml">
            <p class="res-header-id">
              <b>Generated Narrative: ValueSet </b>
            </p>
            <p style="border: black 1px dotted; background-color: #EEEEEE; padding: 8px; margin-bottom: 8px">Expansion based on 
              <a href="CodeSystem-tb-cs---resistance-classification-cs.html">codesystem TB CS - Resistance Classification v0.1.0 (CodeSystem)</a>
            </p>
            <p>This value set contains 4 concepts</p>
            <table class="codes">
              <tr>
                <td style="white-space:nowrap">
                  <b>Code</b>
                </td>
                <td>
                  <b>System</b>
                </td>
                <td>
                  <b>Display</b>
                </td>
              </tr>
              <tr>
                <td style="white-space:nowrap">
                  <a name="x-http://example.org/CodeSystem/tb-cs---resistance-classification-cs-DS"> </a>  
                  <a href="CodeSystem-tb-cs---resistance-classification-cs.html#tb-cs---resistance-classification-cs-DS">DS</a>
                </td>
                <td>http://example.org/CodeSystem/tb-cs---resistance-classification-cs</td>
                <td>DS (drug-susceptible TB)</td>
              </tr>
              <tr>
                <td style="white-space:nowrap">
                  <a name="x-http://example.org/CodeSystem/tb-cs---resistance-classification-cs-RR"> </a>  
                  <a href="CodeSystem-tb-cs---resistance-classification-cs.html#tb-cs---resistance-classification-cs-RR">RR</a>
                </td>
                <td>http://example.org/CodeSystem/tb-cs---resistance-classification-cs</td>
                <td>RR (rifampicin resistant TB)</td>
              </tr>
              <tr>
                <td style="white-space:nowrap">
                  <a name="x-http://example.org/CodeSystem/tb-cs---resistance-classification-cs-MDR"> </a>  
                  <a href="CodeSystem-tb-cs---resistance-classification-cs.html#tb-cs---resistance-classification-cs-MDR">MDR</a>
                </td>
                <td>http://example.org/CodeSystem/tb-cs---resistance-classification-cs</td>
                <td>MDR (multidrug resistant TB)</td>
              </tr>
              <tr>
                <td style="white-space:nowrap">
                  <a name="x-http://example.org/CodeSystem/tb-cs---resistance-classification-cs-XDR"> </a>  
                  <a href="CodeSystem-tb-cs---resistance-classification-cs.html#tb-cs---resistance-classification-cs-XDR">XDR</a>
                </td>
                <td>http://example.org/CodeSystem/tb-cs---resistance-classification-cs</td>
                <td>XDR (extensive drug resistant TB)</td>
              </tr>
            </table>
          </div>
        </text>
        <url value="http://example.org/ValueSet/tb-cs---resistance-classification-vs"/>
        <version value="0.1.0"/>
        <name value="TBCSResistanceClassificationVS"/>
        <title value="TB CS - Resistance Classification value set"/>
        <status value="draft"/>
        <date value="2024-12-18T18:58:42+00:00"/>
        <expansion>
          <identifier value="urn:uuid:a3c9b903-068d-4513-a026-9d3f5fd7f1ef"/>
          <timestamp value="2024-12-18T18:59:00+00:00"/>
          <total value="4"/>
          <offset value="0"/>
          <parameter>
            <name value="count"/>
            <valueInteger value="1000"/>
          </parameter>
          <parameter>
            <name value="offset"/>
            <valueInteger value="0"/>
          </parameter>
          <parameter>
            <name value="excludeNested"/>
            <valueBoolean value="false"/>
          </parameter>
          <parameter>
            <name value="used-codesystem"/>
            <valueUri value="http://example.org/CodeSystem/tb-cs---resistance-classification-cs|0.1.0"/>
          </parameter>
          <contains>
            <system value="http://example.org/CodeSystem/tb-cs---resistance-classification-cs"/>
            <code value="DS"/>
            <display value="DS (drug-susceptible TB)"/>
          </contains>
          <contains>
            <system value="http://example.org/CodeSystem/tb-cs---resistance-classification-cs"/>
            <code value="RR"/>
            <display value="RR (rifampicin resistant TB)"/>
          </contains>
          <contains>
            <system value="http://example.org/CodeSystem/tb-cs---resistance-classification-cs"/>
            <code value="MDR"/>
            <display value="MDR (multidrug resistant TB)"/>
          </contains>
          <contains>
            <system value="http://example.org/CodeSystem/tb-cs---resistance-classification-cs"/>
            <code value="XDR"/>
            <display value="XDR (extensive drug resistant TB)"/>
          </contains>
        </expansion>
      </ValueSet>
    </resource>
  </entry>
  <entry>
    <fullUrl value="http://example.org/ValueSet/tb-cs---site-of-disease-vs"/>
    <resource>
      <ValueSet>
        <text>
          <status value="generated"/>
          <div xmlns="http://www.w3.org/1999/xhtml">
            <p class="res-header-id">
              <b>Generated Narrative: ValueSet </b>
            </p>
            <p style="border: black 1px dotted; background-color: #EEEEEE; padding: 8px; margin-bottom: 8px">Expansion based on 
              <a href="CodeSystem-tb-cs---site-of-disease-cs.html">codesystem TB CS - Site of disease v0.1.0 (CodeSystem)</a>
            </p>
            <p>This value set contains 3 concepts</p>
            <table class="codes">
              <tr>
                <td style="white-space:nowrap">
                  <b>Code</b>
                </td>
                <td>
                  <b>System</b>
                </td>
                <td>
                  <b>Display</b>
                </td>
              </tr>
              <tr>
                <td style="white-space:nowrap">
                  <a name="x-http://example.org/CodeSystem/tb-cs---site-of-disease-cs-SITE_PULMONARY"> </a>  
                  <a href="CodeSystem-tb-cs---site-of-disease-cs.html#tb-cs---site-of-disease-cs-SITE_PULMONARY">SITE_PULMONARY</a>
                </td>
                <td>http://example.org/CodeSystem/tb-cs---site-of-disease-cs</td>
                <td>Pulmonary</td>
              </tr>
              <tr>
                <td style="white-space:nowrap">
                  <a name="x-http://example.org/CodeSystem/tb-cs---site-of-disease-cs-SITE_EXTRA_PULMONARY"> </a>  
                  <a href="CodeSystem-tb-cs---site-of-disease-cs.html#tb-cs---site-of-disease-cs-SITE_EXTRA_PULMONARY">SITE_EXTRA_PULMONARY</a>
                </td>
                <td>http://example.org/CodeSystem/tb-cs---site-of-disease-cs</td>
                <td>Extra-pulmonary</td>
              </tr>
              <tr>
                <td style="white-space:nowrap">
                  <a name="x-http://example.org/CodeSystem/tb-cs---site-of-disease-cs-SITE_BOTH"> </a>  
                  <a href="CodeSystem-tb-cs---site-of-disease-cs.html#tb-cs---site-of-disease-cs-SITE_BOTH">SITE_BOTH</a>
                </td>
                <td>http://example.org/CodeSystem/tb-cs---site-of-disease-cs</td>
                <td>Pulmonary and extra-pulmonary</td>
              </tr>
            </table>
          </div>
        </text>
        <url value="http://example.org/ValueSet/tb-cs---site-of-disease-vs"/>
        <version value="0.1.0"/>
        <name value="TBCSSiteOfDiseaseVS"/>
        <title value="TB CS - Site of disease value set"/>
        <status value="draft"/>
        <date value="2024-12-18T18:58:42+00:00"/>
        <expansion>
          <identifier value="urn:uuid:f2ef3cf6-2ba5-4e0f-8682-9fd7f67bf84f"/>
          <timestamp value="2024-12-18T18:59:00+00:00"/>
          <total value="3"/>
          <offset value="0"/>
          <parameter>
            <name value="count"/>
            <valueInteger value="1000"/>
          </parameter>
          <parameter>
            <name value="offset"/>
            <valueInteger value="0"/>
          </parameter>
          <parameter>
            <name value="excludeNested"/>
            <valueBoolean value="false"/>
          </parameter>
          <parameter>
            <name value="used-codesystem"/>
            <valueUri value="http://example.org/CodeSystem/tb-cs---site-of-disease-cs|0.1.0"/>
          </parameter>
          <contains>
            <system value="http://example.org/CodeSystem/tb-cs---site-of-disease-cs"/>
            <code value="SITE_PULMONARY"/>
            <display value="Pulmonary"/>
          </contains>
          <contains>
            <system value="http://example.org/CodeSystem/tb-cs---site-of-disease-cs"/>
            <code value="SITE_EXTRA_PULMONARY"/>
            <display value="Extra-pulmonary"/>
          </contains>
          <contains>
            <system value="http://example.org/CodeSystem/tb-cs---site-of-disease-cs"/>
            <code value="SITE_BOTH"/>
            <display value="Pulmonary and extra-pulmonary"/>
          </contains>
        </expansion>
      </ValueSet>
    </resource>
  </entry>
  <entry>
    <fullUrl value="http://example.org/ValueSet/tb-cs---treatment-category-vs"/>
    <resource>
      <ValueSet>
        <text>
          <status value="generated"/>
          <div xmlns="http://www.w3.org/1999/xhtml">
            <p class="res-header-id">
              <b>Generated Narrative: ValueSet </b>
            </p>
            <p style="border: black 1px dotted; background-color: #EEEEEE; padding: 8px; margin-bottom: 8px">Expansion based on 
              <a href="CodeSystem-tb-cs---treatment-category-cs.html">codesystem TB CS - Treatment category v0.1.0 (CodeSystem)</a>
            </p>
            <p>This value set contains 2 concepts</p>
            <table class="codes">
              <tr>
                <td style="white-space:nowrap">
                  <b>Code</b>
                </td>
                <td>
                  <b>System</b>
                </td>
                <td>
                  <b>Display</b>
                </td>
              </tr>
              <tr>
                <td style="white-space:nowrap">
                  <a name="x-http://example.org/CodeSystem/tb-cs---treatment-category-cs-FIRST_LINE_TREATMENT"> </a>  
                  <a href="CodeSystem-tb-cs---treatment-category-cs.html#tb-cs---treatment-category-cs-FIRST_LINE_TREATMENT">FIRST_LINE_TREATMENT</a>
                </td>
                <td>http://example.org/CodeSystem/tb-cs---treatment-category-cs</td>
                <td>First-line Treatment</td>
              </tr>
              <tr>
                <td style="white-space:nowrap">
                  <a name="x-http://example.org/CodeSystem/tb-cs---treatment-category-cs-SECOND_LINE_TREATMENT"> </a>  
                  <a href="CodeSystem-tb-cs---treatment-category-cs.html#tb-cs---treatment-category-cs-SECOND_LINE_TREATMENT">SECOND_LINE_TREATMENT</a>
                </td>
                <td>http://example.org/CodeSystem/tb-cs---treatment-category-cs</td>
                <td>Second-line Treatment</td>
              </tr>
            </table>
          </div>
        </text>
        <url value="http://example.org/ValueSet/tb-cs---treatment-category-vs"/>
        <version value="0.1.0"/>
        <name value="TBCSTreatmentCategoryVS"/>
        <title value="TB CS - Treatment category value set"/>
        <status value="draft"/>
        <date value="2024-12-18T18:58:42+00:00"/>
        <expansion>
          <identifier value="urn:uuid:7ab9cb5a-8247-43e3-9a46-b3b665aca445"/>
          <timestamp value="2024-12-18T18:59:01+00:00"/>
          <total value="2"/>
          <offset value="0"/>
          <parameter>
            <name value="count"/>
            <valueInteger value="1000"/>
          </parameter>
          <parameter>
            <name value="offset"/>
            <valueInteger value="0"/>
          </parameter>
          <parameter>
            <name value="excludeNested"/>
            <valueBoolean value="false"/>
          </parameter>
          <parameter>
            <name value="used-codesystem"/>
            <valueUri value="http://example.org/CodeSystem/tb-cs---treatment-category-cs|0.1.0"/>
          </parameter>
          <contains>
            <system value="http://example.org/CodeSystem/tb-cs---treatment-category-cs"/>
            <code value="FIRST_LINE_TREATMENT"/>
            <display value="First-line Treatment"/>
          </contains>
          <contains>
            <system value="http://example.org/CodeSystem/tb-cs---treatment-category-cs"/>
            <code value="SECOND_LINE_TREATMENT"/>
            <display value="Second-line Treatment"/>
          </contains>
        </expansion>
      </ValueSet>
    </resource>
  </entry>
  <entry>
    <fullUrl value="http://example.org/ValueSet/tb-cs---treatment-history-vs"/>
    <resource>
      <ValueSet>
        <text>
          <status value="generated"/>
          <div xmlns="http://www.w3.org/1999/xhtml">
            <p class="res-header-id">
              <b>Generated Narrative: ValueSet </b>
            </p>
            <p style="border: black 1px dotted; background-color: #EEEEEE; padding: 8px; margin-bottom: 8px">Expansion based on 
              <a href="CodeSystem-tb-cs---treatment-history-cs.html">codesystem TB CS - Treatment history v0.1.0 (CodeSystem)</a>
            </p>
            <p>This value set contains 6 concepts</p>
            <table class="codes">
              <tr>
                <td style="white-space:nowrap">
                  <b>Code</b>
                </td>
                <td>
                  <b>System</b>
                </td>
                <td>
                  <b>Display</b>
                </td>
              </tr>
              <tr>
                <td style="white-space:nowrap">
                  <a name="x-http://example.org/CodeSystem/tb-cs---treatment-history-cs-HISTORY_NEW"> </a>  
                  <a href="CodeSystem-tb-cs---treatment-history-cs.html#tb-cs---treatment-history-cs-HISTORY_NEW">HISTORY_NEW</a>
                </td>
                <td>http://example.org/CodeSystem/tb-cs---treatment-history-cs</td>
                <td>New</td>
              </tr>
              <tr>
                <td style="white-space:nowrap">
                  <a name="x-http://example.org/CodeSystem/tb-cs---treatment-history-cs-HISTORY_RELAPSE"> </a>  
                  <a href="CodeSystem-tb-cs---treatment-history-cs.html#tb-cs---treatment-history-cs-HISTORY_RELAPSE">HISTORY_RELAPSE</a>
                </td>
                <td>http://example.org/CodeSystem/tb-cs---treatment-history-cs</td>
                <td>Relapse</td>
              </tr>
              <tr>
                <td style="white-space:nowrap">
                  <a name="x-http://example.org/CodeSystem/tb-cs---treatment-history-cs-HISTORY_FAILED"> </a>  
                  <a href="CodeSystem-tb-cs---treatment-history-cs.html#tb-cs---treatment-history-cs-HISTORY_FAILED">HISTORY_FAILED</a>
                </td>
                <td>http://example.org/CodeSystem/tb-cs---treatment-history-cs</td>
                <td>Treatment after failure</td>
              </tr>
              <tr>
                <td style="white-space:nowrap">
                  <a name="x-http://example.org/CodeSystem/tb-cs---treatment-history-cs-HISTORY_LOST_TO_FOLLOWUP"> </a>  
                  <a href="CodeSystem-tb-cs---treatment-history-cs.html#tb-cs---treatment-history-cs-HISTORY_LOST_TO_FOLLOWUP">HISTORY_LOST_TO_FOLLOWUP</a>
                </td>
                <td>http://example.org/CodeSystem/tb-cs---treatment-history-cs</td>
                <td>Treatment after lost to follow-up</td>
              </tr>
              <tr>
                <td style="white-space:nowrap">
                  <a name="x-http://example.org/CodeSystem/tb-cs---treatment-history-cs-HISTORY_OTHER_PREV"> </a>  
                  <a href="CodeSystem-tb-cs---treatment-history-cs.html#tb-cs---treatment-history-cs-HISTORY_OTHER_PREV">HISTORY_OTHER_PREV</a>
                </td>
                <td>http://example.org/CodeSystem/tb-cs---treatment-history-cs</td>
                <td>Other previously treated</td>
              </tr>
              <tr>
                <td style="white-space:nowrap">
                  <a name="x-http://example.org/CodeSystem/tb-cs---treatment-history-cs-HISTORY_UNKNOWN"> </a>  
                  <a href="CodeSystem-tb-cs---treatment-history-cs.html#tb-cs---treatment-history-cs-HISTORY_UNKNOWN">HISTORY_UNKNOWN</a>
                </td>
                <td>http://example.org/CodeSystem/tb-cs---treatment-history-cs</td>
                <td>Unknown</td>
              </tr>
            </table>
          </div>
        </text>
        <url value="http://example.org/ValueSet/tb-cs---treatment-history-vs"/>
        <version value="0.1.0"/>
        <name value="TBCSTreatmentHistoryVS"/>
        <title value="TB CS - Treatment history value set"/>
        <status value="draft"/>
        <date value="2024-12-18T18:58:42+00:00"/>
        <expansion>
          <identifier value="urn:uuid:5e7d6b35-aac1-48ea-bb8b-8282721c7b3f"/>
          <timestamp value="2024-12-18T18:59:01+00:00"/>
          <total value="6"/>
          <offset value="0"/>
          <parameter>
            <name value="count"/>
            <valueInteger value="1000"/>
          </parameter>
          <parameter>
            <name value="offset"/>
            <valueInteger value="0"/>
          </parameter>
          <parameter>
            <name value="excludeNested"/>
            <valueBoolean value="false"/>
          </parameter>
          <parameter>
            <name value="used-codesystem"/>
            <valueUri value="http://example.org/CodeSystem/tb-cs---treatment-history-cs|0.1.0"/>
          </parameter>
          <contains>
            <system value="http://example.org/CodeSystem/tb-cs---treatment-history-cs"/>
            <code value="HISTORY_NEW"/>
            <display value="New"/>
          </contains>
          <contains>
            <system value="http://example.org/CodeSystem/tb-cs---treatment-history-cs"/>
            <code value="HISTORY_RELAPSE"/>
            <display value="Relapse"/>
          </contains>
          <contains>
            <system value="http://example.org/CodeSystem/tb-cs---treatment-history-cs"/>
            <code value="HISTORY_FAILED"/>
            <display value="Treatment after failure"/>
          </contains>
          <contains>
            <system value="http://example.org/CodeSystem/tb-cs---treatment-history-cs"/>
            <code value="HISTORY_LOST_TO_FOLLOWUP"/>
            <display value="Treatment after lost to follow-up"/>
          </contains>
          <contains>
            <system value="http://example.org/CodeSystem/tb-cs---treatment-history-cs"/>
            <code value="HISTORY_OTHER_PREV"/>
            <display value="Other previously treated"/>
          </contains>
          <contains>
            <system value="http://example.org/CodeSystem/tb-cs---treatment-history-cs"/>
            <code value="HISTORY_UNKNOWN"/>
            <display value="Unknown"/>
          </contains>
        </expansion>
      </ValueSet>
    </resource>
  </entry>
  <entry>
    <fullUrl value="http://example.org/ValueSet/tb-cs---treatment-outcome-vs"/>
    <resource>
      <ValueSet>
        <text>
          <status value="generated"/>
          <div xmlns="http://www.w3.org/1999/xhtml">
            <p class="res-header-id">
              <b>Generated Narrative: ValueSet </b>
            </p>
            <p style="border: black 1px dotted; background-color: #EEEEEE; padding: 8px; margin-bottom: 8px">Expansion based on 
              <a href="CodeSystem-tb-cs---treatment-outcome-cs.html">codesystem TB CS - Treatment outcome v0.1.0 (CodeSystem)</a>
            </p>
            <p>This value set contains 6 concepts</p>
            <table class="codes">
              <tr>
                <td style="white-space:nowrap">
                  <b>Code</b>
                </td>
                <td>
                  <b>System</b>
                </td>
                <td>
                  <b>Display</b>
                </td>
              </tr>
              <tr>
                <td style="white-space:nowrap">
                  <a name="x-http://example.org/CodeSystem/tb-cs---treatment-outcome-cs-CURED"> </a>  
                  <a href="CodeSystem-tb-cs---treatment-outcome-cs.html#tb-cs---treatment-outcome-cs-CURED">CURED</a>
                </td>
                <td>http://example.org/CodeSystem/tb-cs---treatment-outcome-cs</td>
                <td>Cured</td>
              </tr>
              <tr>
                <td style="white-space:nowrap">
                  <a name="x-http://example.org/CodeSystem/tb-cs---treatment-outcome-cs-COMPLETED"> </a>  
                  <a href="CodeSystem-tb-cs---treatment-outcome-cs.html#tb-cs---treatment-outcome-cs-COMPLETED">COMPLETED</a>
                </td>
                <td>http://example.org/CodeSystem/tb-cs---treatment-outcome-cs</td>
                <td>Completed</td>
              </tr>
              <tr>
                <td style="white-space:nowrap">
                  <a name="x-http://example.org/CodeSystem/tb-cs---treatment-outcome-cs-FAILURE"> </a>  
                  <a href="CodeSystem-tb-cs---treatment-outcome-cs.html#tb-cs---treatment-outcome-cs-FAILURE">FAILURE</a>
                </td>
                <td>http://example.org/CodeSystem/tb-cs---treatment-outcome-cs</td>
                <td>Failed</td>
              </tr>
              <tr>
                <td style="white-space:nowrap">
                  <a name="x-http://example.org/CodeSystem/tb-cs---treatment-outcome-cs-DIED"> </a>  
                  <a href="CodeSystem-tb-cs---treatment-outcome-cs.html#tb-cs---treatment-outcome-cs-DIED">DIED</a>
                </td>
                <td>http://example.org/CodeSystem/tb-cs---treatment-outcome-cs</td>
                <td>Died</td>
              </tr>
              <tr>
                <td style="white-space:nowrap">
                  <a name="x-http://example.org/CodeSystem/tb-cs---treatment-outcome-cs-LOST_TO_FOLLOW_UP"> </a>  
                  <a href="CodeSystem-tb-cs---treatment-outcome-cs.html#tb-cs---treatment-outcome-cs-LOST_TO_FOLLOW_UP">LOST_TO_FOLLOW_UP</a>
                </td>
                <td>http://example.org/CodeSystem/tb-cs---treatment-outcome-cs</td>
                <td>Lost to follow-up</td>
              </tr>
              <tr>
                <td style="white-space:nowrap">
                  <a name="x-http://example.org/CodeSystem/tb-cs---treatment-outcome-cs-NOT_EVALUATED"> </a>  
                  <a href="CodeSystem-tb-cs---treatment-outcome-cs.html#tb-cs---treatment-outcome-cs-NOT_EVALUATED">NOT_EVALUATED</a>
                </td>
                <td>http://example.org/CodeSystem/tb-cs---treatment-outcome-cs</td>
                <td>Not evaluated</td>
              </tr>
            </table>
          </div>
        </text>
        <url value="http://example.org/ValueSet/tb-cs---treatment-outcome-vs"/>
        <version value="0.1.0"/>
        <name value="TBCSTreatmentOutcomeVS"/>
        <title value="TB CS - Treatment outcome value set"/>
        <status value="draft"/>
        <date value="2024-12-18T18:58:42+00:00"/>
        <expansion>
          <identifier value="urn:uuid:4b97db10-e03a-496a-90f1-197ac02415a3"/>
          <timestamp value="2024-12-18T18:59:01+00:00"/>
          <total value="6"/>
          <offset value="0"/>
          <parameter>
            <name value="count"/>
            <valueInteger value="1000"/>
          </parameter>
          <parameter>
            <name value="offset"/>
            <valueInteger value="0"/>
          </parameter>
          <parameter>
            <name value="excludeNested"/>
            <valueBoolean value="false"/>
          </parameter>
          <parameter>
            <name value="used-codesystem"/>
            <valueUri value="http://example.org/CodeSystem/tb-cs---treatment-outcome-cs|0.1.0"/>
          </parameter>
          <contains>
            <system value="http://example.org/CodeSystem/tb-cs---treatment-outcome-cs"/>
            <code value="CURED"/>
            <display value="Cured"/>
          </contains>
          <contains>
            <system value="http://example.org/CodeSystem/tb-cs---treatment-outcome-cs"/>
            <code value="COMPLETED"/>
            <display value="Completed"/>
          </contains>
          <contains>
            <system value="http://example.org/CodeSystem/tb-cs---treatment-outcome-cs"/>
            <code value="FAILURE"/>
            <display value="Failed"/>
          </contains>
          <contains>
            <system value="http://example.org/CodeSystem/tb-cs---treatment-outcome-cs"/>
            <code value="DIED"/>
            <display value="Died"/>
          </contains>
          <contains>
            <system value="http://example.org/CodeSystem/tb-cs---treatment-outcome-cs"/>
            <code value="LOST_TO_FOLLOW_UP"/>
            <display value="Lost to follow-up"/>
          </contains>
          <contains>
            <system value="http://example.org/CodeSystem/tb-cs---treatment-outcome-cs"/>
            <code value="NOT_EVALUATED"/>
            <display value="Not evaluated"/>
          </contains>
        </expansion>
      </ValueSet>
    </resource>
  </entry>
  <entry>
    <fullUrl value="http://example.org/ValueSet/tb-lab---dst-result-vs"/>
    <resource>
      <ValueSet>
        <text>
          <status value="generated"/>
          <div xmlns="http://www.w3.org/1999/xhtml">
            <p class="res-header-id">
              <b>Generated Narrative: ValueSet </b>
            </p>
            <p style="border: black 1px dotted; background-color: #EEEEEE; padding: 8px; margin-bottom: 8px">Expansion based on 
              <a href="CodeSystem-tb-lab---dst-result-cs.html">codesystem TB-LAB - DST result v0.1.0 (CodeSystem)</a>
            </p>
            <p>This value set contains 4 concepts</p>
            <table class="codes">
              <tr>
                <td style="white-space:nowrap">
                  <b>Code</b>
                </td>
                <td>
                  <b>System</b>
                </td>
                <td>
                  <b>Display</b>
                </td>
              </tr>
              <tr>
                <td style="white-space:nowrap">
                  <a name="x-http://example.org/CodeSystem/tb-lab---dst-result-cs-SUSCEPTIBLE"> </a>  
                  <a href="CodeSystem-tb-lab---dst-result-cs.html#tb-lab---dst-result-cs-SUSCEPTIBLE">SUSCEPTIBLE</a>
                </td>
                <td>http://example.org/CodeSystem/tb-lab---dst-result-cs</td>
                <td>Susceptible</td>
              </tr>
              <tr>
                <td style="white-space:nowrap">
                  <a name="x-http://example.org/CodeSystem/tb-lab---dst-result-cs-RESISTANT"> </a>  
                  <a href="CodeSystem-tb-lab---dst-result-cs.html#tb-lab---dst-result-cs-RESISTANT">RESISTANT</a>
                </td>
                <td>http://example.org/CodeSystem/tb-lab---dst-result-cs</td>
                <td>Resistant</td>
              </tr>
              <tr>
                <td style="white-space:nowrap">
                  <a name="x-http://example.org/CodeSystem/tb-lab---dst-result-cs-CONTAMINATED"> </a>  
                  <a href="CodeSystem-tb-lab---dst-result-cs.html#tb-lab---dst-result-cs-CONTAMINATED">CONTAMINATED</a>
                </td>
                <td>http://example.org/CodeSystem/tb-lab---dst-result-cs</td>
                <td>Contaminated</td>
              </tr>
              <tr>
                <td style="white-space:nowrap">
                  <a name="x-http://example.org/CodeSystem/tb-lab---dst-result-cs-INDETERMINATE"> </a>  
                  <a href="CodeSystem-tb-lab---dst-result-cs.html#tb-lab---dst-result-cs-INDETERMINATE">INDETERMINATE</a>
                </td>
                <td>http://example.org/CodeSystem/tb-lab---dst-result-cs</td>
                <td>Indeterminate</td>
              </tr>
            </table>
          </div>
        </text>
        <url value="http://example.org/ValueSet/tb-lab---dst-result-vs"/>
        <version value="0.1.0"/>
        <name value="TBLABDSTResultVS"/>
        <title value="TB-LAB - DST result value set"/>
        <status value="draft"/>
        <date value="2024-12-18T18:58:42+00:00"/>
        <expansion>
          <identifier value="urn:uuid:62134656-3d80-4f1f-abbe-4e25ee6dbc35"/>
          <timestamp value="2024-12-18T18:59:01+00:00"/>
          <total value="4"/>
          <offset value="0"/>
          <parameter>
            <name value="count"/>
            <valueInteger value="1000"/>
          </parameter>
          <parameter>
            <name value="offset"/>
            <valueInteger value="0"/>
          </parameter>
          <parameter>
            <name value="excludeNested"/>
            <valueBoolean value="false"/>
          </parameter>
          <parameter>
            <name value="used-codesystem"/>
            <valueUri value="http://example.org/CodeSystem/tb-lab---dst-result-cs|0.1.0"/>
          </parameter>
          <contains>
            <system value="http://example.org/CodeSystem/tb-lab---dst-result-cs"/>
            <code value="SUSCEPTIBLE"/>
            <display value="Susceptible"/>
          </contains>
          <contains>
            <system value="http://example.org/CodeSystem/tb-lab---dst-result-cs"/>
            <code value="RESISTANT"/>
            <display value="Resistant"/>
          </contains>
          <contains>
            <system value="http://example.org/CodeSystem/tb-lab---dst-result-cs"/>
            <code value="CONTAMINATED"/>
            <display value="Contaminated"/>
          </contains>
          <contains>
            <system value="http://example.org/CodeSystem/tb-lab---dst-result-cs"/>
            <code value="INDETERMINATE"/>
            <display value="Indeterminate"/>
          </contains>
        </expansion>
      </ValueSet>
    </resource>
  </entry>
  <entry>
    <fullUrl value="http://example.org/ValueSet/tb-lab---final-culture-result-vs"/>
    <resource>
      <ValueSet>
        <text>
          <status value="generated"/>
          <div xmlns="http://www.w3.org/1999/xhtml">
            <p class="res-header-id">
              <b>Generated Narrative: ValueSet </b>
            </p>
            <p style="border: black 1px dotted; background-color: #EEEEEE; padding: 8px; margin-bottom: 8px">Expansion based on 
              <a href="CodeSystem-tb-lab---final-culture-result-cs.html">codesystem TB-LAB - Final culture result v0.1.0 (CodeSystem)</a>
            </p>
            <p>This value set contains 4 concepts</p>
            <table class="codes">
              <tr>
                <td style="white-space:nowrap">
                  <b>Code</b>
                </td>
                <td>
                  <b>System</b>
                </td>
                <td>
                  <b>Display</b>
                </td>
              </tr>
              <tr>
                <td style="white-space:nowrap">
                  <a name="x-http://example.org/CodeSystem/tb-lab---final-culture-result-cs-MTB"> </a>  
                  <a href="CodeSystem-tb-lab---final-culture-result-cs.html#tb-lab---final-culture-result-cs-MTB">MTB</a>
                </td>
                <td>http://example.org/CodeSystem/tb-lab---final-culture-result-cs</td>
                <td>MTB</td>
              </tr>
              <tr>
                <td style="white-space:nowrap">
                  <a name="x-http://example.org/CodeSystem/tb-lab---final-culture-result-cs-NTM"> </a>  
                  <a href="CodeSystem-tb-lab---final-culture-result-cs.html#tb-lab---final-culture-result-cs-NTM">NTM</a>
                </td>
                <td>http://example.org/CodeSystem/tb-lab---final-culture-result-cs</td>
                <td>NTM</td>
              </tr>
              <tr>
                <td style="white-space:nowrap">
                  <a name="x-http://example.org/CodeSystem/tb-lab---final-culture-result-cs-NO_GROWTH"> </a>  
                  <a href="CodeSystem-tb-lab---final-culture-result-cs.html#tb-lab---final-culture-result-cs-NO_GROWTH">NO_GROWTH</a>
                </td>
                <td>http://example.org/CodeSystem/tb-lab---final-culture-result-cs</td>
                <td>No growth</td>
              </tr>
              <tr>
                <td style="white-space:nowrap">
                  <a name="x-http://example.org/CodeSystem/tb-lab---final-culture-result-cs-CONTAMINATED"> </a>  
                  <a href="CodeSystem-tb-lab---final-culture-result-cs.html#tb-lab---final-culture-result-cs-CONTAMINATED">CONTAMINATED</a>
                </td>
                <td>http://example.org/CodeSystem/tb-lab---final-culture-result-cs</td>
                <td>Contaminated</td>
              </tr>
            </table>
          </div>
        </text>
        <url value="http://example.org/ValueSet/tb-lab---final-culture-result-vs"/>
        <version value="0.1.0"/>
        <name value="TBLABFinalCultureResultVS"/>
        <title value="TB-LAB - Final culture result value set"/>
        <status value="draft"/>
        <date value="2024-12-18T18:58:42+00:00"/>
        <expansion>
          <identifier value="urn:uuid:48ac9776-60aa-4500-94b5-24868ac80087"/>
          <timestamp value="2024-12-18T18:59:01+00:00"/>
          <total value="4"/>
          <offset value="0"/>
          <parameter>
            <name value="count"/>
            <valueInteger value="1000"/>
          </parameter>
          <parameter>
            <name value="offset"/>
            <valueInteger value="0"/>
          </parameter>
          <parameter>
            <name value="excludeNested"/>
            <valueBoolean value="false"/>
          </parameter>
          <parameter>
            <name value="used-codesystem"/>
            <valueUri value="http://example.org/CodeSystem/tb-lab---final-culture-result-cs|0.1.0"/>
          </parameter>
          <contains>
            <system value="http://example.org/CodeSystem/tb-lab---final-culture-result-cs"/>
            <code value="MTB"/>
            <display value="MTB"/>
          </contains>
          <contains>
            <system value="http://example.org/CodeSystem/tb-lab---final-culture-result-cs"/>
            <code value="NTM"/>
            <display value="NTM"/>
          </contains>
          <contains>
            <system value="http://example.org/CodeSystem/tb-lab---final-culture-result-cs"/>
            <code value="NO_GROWTH"/>
            <display value="No growth"/>
          </contains>
          <contains>
            <system value="http://example.org/CodeSystem/tb-lab---final-culture-result-cs"/>
            <code value="CONTAMINATED"/>
            <display value="Contaminated"/>
          </contains>
        </expansion>
      </ValueSet>
    </resource>
  </entry>
  <entry>
    <fullUrl value="http://example.org/ValueSet/tb-lab---lpa-specimen-vs"/>
    <resource>
      <ValueSet>
        <text>
          <status value="generated"/>
          <div xmlns="http://www.w3.org/1999/xhtml">
            <p class="res-header-id">
              <b>Generated Narrative: ValueSet </b>
            </p>
            <p style="border: black 1px dotted; background-color: #EEEEEE; padding: 8px; margin-bottom: 8px">Expansion based on 
              <a href="CodeSystem-tb-lab---lpa-specimen-cs.html">codesystem TB-LAB - LPA specimen v0.1.0 (CodeSystem)</a>
            </p>
            <p>This value set contains 2 concepts</p>
            <table class="codes">
              <tr>
                <td style="white-space:nowrap">
                  <b>Code</b>
                </td>
                <td>
                  <b>System</b>
                </td>
                <td>
                  <b>Display</b>
                </td>
              </tr>
              <tr>
                <td style="white-space:nowrap">
                  <a name="x-http://example.org/CodeSystem/tb-lab---lpa-specimen-cs-SPUTUM_SAMPLES_OR_SEDIMENTS"> </a>  
                  <a href="CodeSystem-tb-lab---lpa-specimen-cs.html#tb-lab---lpa-specimen-cs-SPUTUM_SAMPLES_OR_SEDIMENTS">SPUTUM_SAMPLES_OR_SEDIMENTS</a>
                </td>
                <td>http://example.org/CodeSystem/tb-lab---lpa-specimen-cs</td>
                <td>Sputum samples or sediments</td>
              </tr>
              <tr>
                <td style="white-space:nowrap">
                  <a name="x-http://example.org/CodeSystem/tb-lab---lpa-specimen-cs-MTB_CULTURE_ISOLATES"> </a>  
                  <a href="CodeSystem-tb-lab---lpa-specimen-cs.html#tb-lab---lpa-specimen-cs-MTB_CULTURE_ISOLATES">MTB_CULTURE_ISOLATES</a>
                </td>
                <td>http://example.org/CodeSystem/tb-lab---lpa-specimen-cs</td>
                <td>MTB culture isolates</td>
              </tr>
            </table>
          </div>
        </text>
        <url value="http://example.org/ValueSet/tb-lab---lpa-specimen-vs"/>
        <version value="0.1.0"/>
        <name value="TBLABLPASpecimenVS"/>
        <title value="TB-LAB - LPA specimen value set"/>
        <status value="draft"/>
        <date value="2024-12-18T18:58:42+00:00"/>
        <expansion>
          <identifier value="urn:uuid:1e27a80b-86b6-4152-9d3f-c4186d7468b0"/>
          <timestamp value="2024-12-18T18:59:01+00:00"/>
          <total value="2"/>
          <offset value="0"/>
          <parameter>
            <name value="count"/>
            <valueInteger value="1000"/>
          </parameter>
          <parameter>
            <name value="offset"/>
            <valueInteger value="0"/>
          </parameter>
          <parameter>
            <name value="excludeNested"/>
            <valueBoolean value="false"/>
          </parameter>
          <parameter>
            <name value="used-codesystem"/>
            <valueUri value="http://example.org/CodeSystem/tb-lab---lpa-specimen-cs|0.1.0"/>
          </parameter>
          <contains>
            <system value="http://example.org/CodeSystem/tb-lab---lpa-specimen-cs"/>
            <code value="SPUTUM_SAMPLES_OR_SEDIMENTS"/>
            <display value="Sputum samples or sediments"/>
          </contains>
          <contains>
            <system value="http://example.org/CodeSystem/tb-lab---lpa-specimen-cs"/>
            <code value="MTB_CULTURE_ISOLATES"/>
            <display value="MTB culture isolates"/>
          </contains>
        </expansion>
      </ValueSet>
    </resource>
  </entry>
  <entry>
    <fullUrl value="http://example.org/ValueSet/tb-lab---mtb-test-result-vs"/>
    <resource>
      <ValueSet>
        <text>
          <status value="generated"/>
          <div xmlns="http://www.w3.org/1999/xhtml">
            <p class="res-header-id">
              <b>Generated Narrative: ValueSet </b>
            </p>
            <p style="border: black 1px dotted; background-color: #EEEEEE; padding: 8px; margin-bottom: 8px">Expansion based on 
              <a href="CodeSystem-tb-lab---mtb-test-result-cs.html">codesystem TB-LAB - MTB test result v0.1.0 (CodeSystem)</a>
            </p>
            <p>This value set contains 5 concepts</p>
            <table class="codes">
              <tr>
                <td style="white-space:nowrap">
                  <b>Code</b>
                </td>
                <td>
                  <b>System</b>
                </td>
                <td>
                  <b>Display</b>
                </td>
              </tr>
              <tr>
                <td style="white-space:nowrap">
                  <a name="x-http://example.org/CodeSystem/tb-lab---mtb-test-result-cs-DETECTED"> </a>  
                  <a href="CodeSystem-tb-lab---mtb-test-result-cs.html#tb-lab---mtb-test-result-cs-DETECTED">DETECTED</a>
                </td>
                <td>http://example.org/CodeSystem/tb-lab---mtb-test-result-cs</td>
                <td>Detected</td>
              </tr>
              <tr>
                <td style="white-space:nowrap">
                  <a name="x-http://example.org/CodeSystem/tb-lab---mtb-test-result-cs-NOT_DETECTED"> </a>  
                  <a href="CodeSystem-tb-lab---mtb-test-result-cs.html#tb-lab---mtb-test-result-cs-NOT_DETECTED">NOT_DETECTED</a>
                </td>
                <td>http://example.org/CodeSystem/tb-lab---mtb-test-result-cs</td>
                <td>Not detected</td>
              </tr>
              <tr>
                <td style="white-space:nowrap">
                  <a name="x-http://example.org/CodeSystem/tb-lab---mtb-test-result-cs-ERROR"> </a>  
                  <a href="CodeSystem-tb-lab---mtb-test-result-cs.html#tb-lab---mtb-test-result-cs-ERROR">ERROR</a>
                </td>
                <td>http://example.org/CodeSystem/tb-lab---mtb-test-result-cs</td>
                <td>Error</td>
              </tr>
              <tr>
                <td style="white-space:nowrap">
                  <a name="x-http://example.org/CodeSystem/tb-lab---mtb-test-result-cs-INVALID"> </a>  
                  <a href="CodeSystem-tb-lab---mtb-test-result-cs.html#tb-lab---mtb-test-result-cs-INVALID">INVALID</a>
                </td>
                <td>http://example.org/CodeSystem/tb-lab---mtb-test-result-cs</td>
                <td>Invalid</td>
              </tr>
              <tr>
                <td style="white-space:nowrap">
                  <a name="x-http://example.org/CodeSystem/tb-lab---mtb-test-result-cs-NO_RESULT"> </a>  
                  <a href="CodeSystem-tb-lab---mtb-test-result-cs.html#tb-lab---mtb-test-result-cs-NO_RESULT">NO_RESULT</a>
                </td>
                <td>http://example.org/CodeSystem/tb-lab---mtb-test-result-cs</td>
                <td>No result</td>
              </tr>
            </table>
          </div>
        </text>
        <url value="http://example.org/ValueSet/tb-lab---mtb-test-result-vs"/>
        <version value="0.1.0"/>
        <name value="TBLABMTBTestResultVS"/>
        <title value="TB-LAB - MTB test result value set"/>
        <status value="draft"/>
        <date value="2024-12-18T18:58:42+00:00"/>
        <expansion>
          <identifier value="urn:uuid:1f2aa553-3325-4fb2-b589-8c88e437b4bc"/>
          <timestamp value="2024-12-18T18:59:01+00:00"/>
          <total value="5"/>
          <offset value="0"/>
          <parameter>
            <name value="count"/>
            <valueInteger value="1000"/>
          </parameter>
          <parameter>
            <name value="offset"/>
            <valueInteger value="0"/>
          </parameter>
          <parameter>
            <name value="excludeNested"/>
            <valueBoolean value="false"/>
          </parameter>
          <parameter>
            <name value="used-codesystem"/>
            <valueUri value="http://example.org/CodeSystem/tb-lab---mtb-test-result-cs|0.1.0"/>
          </parameter>
          <contains>
            <system value="http://example.org/CodeSystem/tb-lab---mtb-test-result-cs"/>
            <code value="DETECTED"/>
            <display value="Detected"/>
          </contains>
          <contains>
            <system value="http://example.org/CodeSystem/tb-lab---mtb-test-result-cs"/>
            <code value="NOT_DETECTED"/>
            <display value="Not detected"/>
          </contains>
          <contains>
            <system value="http://example.org/CodeSystem/tb-lab---mtb-test-result-cs"/>
            <code value="ERROR"/>
            <display value="Error"/>
          </contains>
          <contains>
            <system value="http://example.org/CodeSystem/tb-lab---mtb-test-result-cs"/>
            <code value="INVALID"/>
            <display value="Invalid"/>
          </contains>
          <contains>
            <system value="http://example.org/CodeSystem/tb-lab---mtb-test-result-cs"/>
            <code value="NO_RESULT"/>
            <display value="No result"/>
          </contains>
        </expansion>
      </ValueSet>
    </resource>
  </entry>
  <entry>
    <fullUrl value="http://example.org/ValueSet/tb-lab---sample-quality-vs"/>
    <resource>
      <ValueSet>
        <text>
          <status value="generated"/>
          <div xmlns="http://www.w3.org/1999/xhtml">
            <p class="res-header-id">
              <b>Generated Narrative: ValueSet </b>
            </p>
            <p style="border: black 1px dotted; background-color: #EEEEEE; padding: 8px; margin-bottom: 8px">Expansion based on 
              <a href="CodeSystem-tb-lab---sample-quality-cs.html">codesystem TB-LAB - Sample quality v0.1.0 (CodeSystem)</a>
            </p>
            <p>This value set contains 2 concepts</p>
            <table class="codes">
              <tr>
                <td style="white-space:nowrap">
                  <b>Code</b>
                </td>
                <td>
                  <b>System</b>
                </td>
                <td>
                  <b>Display</b>
                </td>
              </tr>
              <tr>
                <td style="white-space:nowrap">
                  <a name="x-http://example.org/CodeSystem/tb-lab---sample-quality-cs-GOOD"> </a>  
                  <a href="CodeSystem-tb-lab---sample-quality-cs.html#tb-lab---sample-quality-cs-GOOD">GOOD</a>
                </td>
                <td>http://example.org/CodeSystem/tb-lab---sample-quality-cs</td>
                <td>Good (accepted for processing)</td>
              </tr>
              <tr>
                <td style="white-space:nowrap">
                  <a name="x-http://example.org/CodeSystem/tb-lab---sample-quality-cs-POOR"> </a>  
                  <a href="CodeSystem-tb-lab---sample-quality-cs.html#tb-lab---sample-quality-cs-POOR">POOR</a>
                </td>
                <td>http://example.org/CodeSystem/tb-lab---sample-quality-cs</td>
                <td>Poor (rejected for processing)</td>
              </tr>
            </table>
          </div>
        </text>
        <url value="http://example.org/ValueSet/tb-lab---sample-quality-vs"/>
        <version value="0.1.0"/>
        <name value="TBLABSampleQualityVS"/>
        <title value="TB-LAB - Sample quality value set"/>
        <status value="draft"/>
        <date value="2024-12-18T18:58:42+00:00"/>
        <expansion>
          <identifier value="urn:uuid:1d4b8f2e-a7d0-41f5-afe5-0fd0e32c59a5"/>
          <timestamp value="2024-12-18T18:59:01+00:00"/>
          <total value="2"/>
          <offset value="0"/>
          <parameter>
            <name value="count"/>
            <valueInteger value="1000"/>
          </parameter>
          <parameter>
            <name value="offset"/>
            <valueInteger value="0"/>
          </parameter>
          <parameter>
            <name value="excludeNested"/>
            <valueBoolean value="false"/>
          </parameter>
          <parameter>
            <name value="used-codesystem"/>
            <valueUri value="http://example.org/CodeSystem/tb-lab---sample-quality-cs|0.1.0"/>
          </parameter>
          <contains>
            <system value="http://example.org/CodeSystem/tb-lab---sample-quality-cs"/>
            <code value="GOOD"/>
            <display value="Good (accepted for processing)"/>
          </contains>
          <contains>
            <system value="http://example.org/CodeSystem/tb-lab---sample-quality-cs"/>
            <code value="POOR"/>
            <display value="Poor (rejected for processing)"/>
          </contains>
        </expansion>
      </ValueSet>
    </resource>
  </entry>
  <entry>
    <fullUrl value="http://example.org/ValueSet/tb-lab---sample-status-vs"/>
    <resource>
      <ValueSet>
        <text>
          <status value="generated"/>
          <div xmlns="http://www.w3.org/1999/xhtml">
            <p class="res-header-id">
              <b>Generated Narrative: ValueSet </b>
            </p>
            <p style="border: black 1px dotted; background-color: #EEEEEE; padding: 8px; margin-bottom: 8px">Expansion based on 
              <a href="CodeSystem-tb-lab---sample-status-cs.html">codesystem TB-LAB - Sample status v0.1.0 (CodeSystem)</a>
            </p>
            <p>This value set contains 2 concepts</p>
            <table class="codes">
              <tr>
                <td style="white-space:nowrap">
                  <b>Code</b>
                </td>
                <td>
                  <b>System</b>
                </td>
                <td>
                  <b>Display</b>
                </td>
              </tr>
              <tr>
                <td style="white-space:nowrap">
                  <a name="x-http://example.org/CodeSystem/tb-lab---sample-status-cs-RECEIVED"> </a>  
                  <a href="CodeSystem-tb-lab---sample-status-cs.html#tb-lab---sample-status-cs-RECEIVED">RECEIVED</a>
                </td>
                <td>http://example.org/CodeSystem/tb-lab---sample-status-cs</td>
                <td>Sample received</td>
              </tr>
              <tr>
                <td style="white-space:nowrap">
                  <a name="x-http://example.org/CodeSystem/tb-lab---sample-status-cs-LOST"> </a>  
                  <a href="CodeSystem-tb-lab---sample-status-cs.html#tb-lab---sample-status-cs-LOST">LOST</a>
                </td>
                <td>http://example.org/CodeSystem/tb-lab---sample-status-cs</td>
                <td>Sample lost</td>
              </tr>
            </table>
          </div>
        </text>
        <url value="http://example.org/ValueSet/tb-lab---sample-status-vs"/>
        <version value="0.1.0"/>
        <name value="TBLABSampleStatusVS"/>
        <title value="TB-LAB - Sample status value set"/>
        <status value="draft"/>
        <date value="2024-12-18T18:58:42+00:00"/>
        <expansion>
          <identifier value="urn:uuid:fad0809d-b7f9-4ed0-af86-46701b89f04f"/>
          <timestamp value="2024-12-18T18:59:01+00:00"/>
          <total value="2"/>
          <offset value="0"/>
          <parameter>
            <name value="count"/>
            <valueInteger value="1000"/>
          </parameter>
          <parameter>
            <name value="offset"/>
            <valueInteger value="0"/>
          </parameter>
          <parameter>
            <name value="excludeNested"/>
            <valueBoolean value="false"/>
          </parameter>
          <parameter>
            <name value="used-codesystem"/>
            <valueUri value="http://example.org/CodeSystem/tb-lab---sample-status-cs|0.1.0"/>
          </parameter>
          <contains>
            <system value="http://example.org/CodeSystem/tb-lab---sample-status-cs"/>
            <code value="RECEIVED"/>
            <display value="Sample received"/>
          </contains>
          <contains>
            <system value="http://example.org/CodeSystem/tb-lab---sample-status-cs"/>
            <code value="LOST"/>
            <display value="Sample lost"/>
          </contains>
        </expansion>
      </ValueSet>
    </resource>
  </entry>
  <entry>
    <fullUrl value="http://example.org/ValueSet/tb-lab---smear-result-vs"/>
    <resource>
      <ValueSet>
        <text>
          <status value="generated"/>
          <div xmlns="http://www.w3.org/1999/xhtml">
            <p class="res-header-id">
              <b>Generated Narrative: ValueSet </b>
            </p>
            <p style="border: black 1px dotted; background-color: #EEEEEE; padding: 8px; margin-bottom: 8px">Expansion based on 
              <a href="CodeSystem-tb-lab---smear-result-cs.html">codesystem TB-LAB - Smear result v0.1.0 (CodeSystem)</a>
            </p>
            <p>This value set contains 5 concepts</p>
            <table class="codes">
              <tr>
                <td style="white-space:nowrap">
                  <b>Code</b>
                </td>
                <td>
                  <b>System</b>
                </td>
                <td>
                  <b>Display</b>
                </td>
              </tr>
              <tr>
                <td style="white-space:nowrap">
                  <a name="x-http://example.org/CodeSystem/tb-lab---smear-result-cs-SCANTY"> </a>  
                  <a href="CodeSystem-tb-lab---smear-result-cs.html#tb-lab---smear-result-cs-SCANTY">SCANTY</a>
                </td>
                <td>http://example.org/CodeSystem/tb-lab---smear-result-cs</td>
                <td>Positive (Scanty)</td>
              </tr>
              <tr>
                <td style="white-space:nowrap">
                  <a name="x-http://example.org/CodeSystem/tb-lab---smear-result-cs-1PLUS"> </a>  
                  <a href="CodeSystem-tb-lab---smear-result-cs.html#tb-lab---smear-result-cs-1PLUS">1PLUS</a>
                </td>
                <td>http://example.org/CodeSystem/tb-lab---smear-result-cs</td>
                <td>Positive (+)</td>
              </tr>
              <tr>
                <td style="white-space:nowrap">
                  <a name="x-http://example.org/CodeSystem/tb-lab---smear-result-cs-2PLUS"> </a>  
                  <a href="CodeSystem-tb-lab---smear-result-cs.html#tb-lab---smear-result-cs-2PLUS">2PLUS</a>
                </td>
                <td>http://example.org/CodeSystem/tb-lab---smear-result-cs</td>
                <td>Positive (++)</td>
              </tr>
              <tr>
                <td style="white-space:nowrap">
                  <a name="x-http://example.org/CodeSystem/tb-lab---smear-result-cs-3PLUS"> </a>  
                  <a href="CodeSystem-tb-lab---smear-result-cs.html#tb-lab---smear-result-cs-3PLUS">3PLUS</a>
                </td>
                <td>http://example.org/CodeSystem/tb-lab---smear-result-cs</td>
                <td>Positive (+++)</td>
              </tr>
              <tr>
                <td style="white-space:nowrap">
                  <a name="x-http://example.org/CodeSystem/tb-lab---smear-result-cs-NEGATIVE"> </a>  
                  <a href="CodeSystem-tb-lab---smear-result-cs.html#tb-lab---smear-result-cs-NEGATIVE">NEGATIVE</a>
                </td>
                <td>http://example.org/CodeSystem/tb-lab---smear-result-cs</td>
                <td>Negative</td>
              </tr>
            </table>
          </div>
        </text>
        <url value="http://example.org/ValueSet/tb-lab---smear-result-vs"/>
        <version value="0.1.0"/>
        <name value="TBLABSmearResultVS"/>
        <title value="TB-LAB - Smear result value set"/>
        <status value="draft"/>
        <date value="2024-12-18T18:58:42+00:00"/>
        <expansion>
          <identifier value="urn:uuid:0f953fc1-ca3b-49bc-99fd-90599717ec5f"/>
          <timestamp value="2024-12-18T18:59:01+00:00"/>
          <total value="5"/>
          <offset value="0"/>
          <parameter>
            <name value="count"/>
            <valueInteger value="1000"/>
          </parameter>
          <parameter>
            <name value="offset"/>
            <valueInteger value="0"/>
          </parameter>
          <parameter>
            <name value="excludeNested"/>
            <valueBoolean value="false"/>
          </parameter>
          <parameter>
            <name value="used-codesystem"/>
            <valueUri value="http://example.org/CodeSystem/tb-lab---smear-result-cs|0.1.0"/>
          </parameter>
          <contains>
            <system value="http://example.org/CodeSystem/tb-lab---smear-result-cs"/>
            <code value="SCANTY"/>
            <display value="Positive (Scanty)"/>
          </contains>
          <contains>
            <system value="http://example.org/CodeSystem/tb-lab---smear-result-cs"/>
            <code value="1PLUS"/>
            <display value="Positive (+)"/>
          </contains>
          <contains>
            <system value="http://example.org/CodeSystem/tb-lab---smear-result-cs"/>
            <code value="2PLUS"/>
            <display value="Positive (++)"/>
          </contains>
          <contains>
            <system value="http://example.org/CodeSystem/tb-lab---smear-result-cs"/>
            <code value="3PLUS"/>
            <display value="Positive (+++)"/>
          </contains>
          <contains>
            <system value="http://example.org/CodeSystem/tb-lab---smear-result-cs"/>
            <code value="NEGATIVE"/>
            <display value="Negative"/>
          </contains>
        </expansion>
      </ValueSet>
    </resource>
  </entry>
</Bundle>