"Id","Path","Slice Name","Alias(s)","Label","Min","Max","Must Support?","Is Modifier?","Is Summary?","Type(s)","Short","Definition","Comments","Requirements","Default Value","Meaning When Missing","Fixed Value","Pattern","Example","Minimum Value","Maximum Value","Maximum Length","Binding Strength","Binding Description","Binding Value Set","Code","Slicing Discriminator","Slicing Description","Slicing Ordered","Slicing Rules","Base Path","Base Min","Base Max","Condition(s)","Constraint(s)"
"DiagnosisAndNotification","DiagnosisAndNotification","","","",0,*,"","","","null {[]} {[]}
","Diagnosis and notification","Represents the collection of baseline patient data, risk factors, and the diagnostic decision, including notifications of confirmed or ruled-out cases.","","","","","","","","","",,,,,"",,,,"Base",0,*,"",""
"DiagnosisAndNotification.executionDate","DiagnosisAndNotification.executionDate","","","",0,1,"","","","date {[]} {[]}
","","","","","","","","","","","",,,,,"",,,,"DiagnosisAndNotification.executionDate",0,1,"",""
"DiagnosisAndNotification.historyOfPreviousTreatment","DiagnosisAndNotification.historyOfPreviousTreatment","","","",0,1,"","","","code {[]} {[]}
","TB CS - Registration - Previous treatment history","TB CS - Registration - Previous treatment history","","","","","","","","","",,"required","","http://example.org/ValueSet/tb-cs---treatment-history-vs","",,,,"DiagnosisAndNotification.historyOfPreviousTreatment",0,1,"",""
"DiagnosisAndNotification.hivInfection","DiagnosisAndNotification.hivInfection","","","",0,1,"","","","code {[]} {[]}
","TB CS - HIV infection","TB CS - HIV infection","","","","","","","","","",,"required","","http://example.org/ValueSet/gen---yes-no-unknown-vs","",,,,"DiagnosisAndNotification.hivInfection",0,1,"",""
"DiagnosisAndNotification.artStarted","DiagnosisAndNotification.artStarted","","","",0,1,"","","","code {[]} {[]}
","TB CS - ART started","TB CS - ART started","","","","","","","","","",,"required","","http://example.org/ValueSet/gen---yes-no-unknown-vs","",,,,"DiagnosisAndNotification.artStarted",0,1,"",""
"DiagnosisAndNotification.artStartDate","DiagnosisAndNotification.artStartDate","","","",0,1,"","","","date {[]} {[]}
","TB CS - ART start date","TB CS - ART start date","","","","","","","","","",,,,,"",,,,"DiagnosisAndNotification.artStartDate",0,1,"",""
"DiagnosisAndNotification.isThisATbDiagnosisDoYouWantToNotifyTheCase","DiagnosisAndNotification.isThisATbDiagnosisDoYouWantToNotifyTheCase","","","",0,1,"","","","boolean {[]} {[]}
","TB CS - Case notification","TB CS - Case notification","","","","","","","","","",,,,,"",,,,"DiagnosisAndNotification.isThisATbDiagnosisDoYouWantToNotifyTheCase",0,1,"",""
"DiagnosisAndNotification.diagnosisticNote","DiagnosisAndNotification.diagnosisticNote","","","",0,1,"","","","string {[]} {[]}
","TB CS - Diagnostic note","TB CS - Diagnostic note","","","","","","","","","",,,,,"",,,,"DiagnosisAndNotification.diagnosisticNote",0,1,"",""
"DiagnosisAndNotification.undernourishment","DiagnosisAndNotification.undernourishment","","","",0,1,"","","","code {[]} {[]}
","TB CS - Risk factor undernourishment","TB CS - Risk factor undernourishment","","","","","","","","","",,"required","","http://example.org/ValueSet/gen---yes-no-unknown-vs","",,,,"DiagnosisAndNotification.undernourishment",0,1,"",""
"DiagnosisAndNotification.dateOfDiagnosis","DiagnosisAndNotification.dateOfDiagnosis","","","",0,1,"","","","date {[]} {[]}
","TB CS - Diagnosis date","TB CS - Diagnosis date","","","","","","","","","",,,,,"",,,,"DiagnosisAndNotification.dateOfDiagnosis",0,1,"",""
"DiagnosisAndNotification.secondLineDrugsReceivedPreviously","DiagnosisAndNotification.secondLineDrugsReceivedPreviously","","","",0,1,"","","","code {[]} {[]}
","TB CS - Registration - Second-line drugs","TB CS - Registration - Second-line drugs","","","","","","","","","",,"required","","http://example.org/ValueSet/gen---yes-no-unknown-vs","",,,,"DiagnosisAndNotification.secondLineDrugsReceivedPreviously",0,1,"",""
"DiagnosisAndNotification.confirmationMethod","DiagnosisAndNotification.confirmationMethod","","","",0,1,"","","","code {[]} {[]}
","TB CS - Confirmation method","TB CS - Confirmation method","","","","","","","","","",,"required","","http://example.org/ValueSet/tb-cs---confirmation-method-vs","",,,,"DiagnosisAndNotification.confirmationMethod",0,1,"",""
"DiagnosisAndNotification.currentAddressOnMap","DiagnosisAndNotification.currentAddressOnMap","","","",0,1,"","","","string {[]} {[]}
","TB CS - Current address - coordinates","TB CS - Current address - coordinates","","","","","","","","","",,,,,"",,,,"DiagnosisAndNotification.currentAddressOnMap",0,1,"",""
"DiagnosisAndNotification.siteOfDisease","DiagnosisAndNotification.siteOfDisease","","","",0,1,"","","","code {[]} {[]}
","TB CS - Site of disease","TB CS - Site of disease","","","","","","","","","",,"required","","http://example.org/ValueSet/tb-cs---site-of-disease-vs","",,,,"DiagnosisAndNotification.siteOfDisease",0,1,"",""
"DiagnosisAndNotification.artPatientId","DiagnosisAndNotification.artPatientId","","","",0,1,"","","","string {[]} {[]}
","TB CS - ART patient ID","TB CS - ART patient ID","","","","","","","","","",,,,,"",,,,"DiagnosisAndNotification.artPatientId",0,1,"",""
"DiagnosisAndNotification.dateOfNotification","DiagnosisAndNotification.dateOfNotification","","","",0,1,"","","","date {[]} {[]}
","TB CS - Notification date","TB CS - Notification date","","","","","","","","","",,,,,"",,,,"DiagnosisAndNotification.dateOfNotification",0,1,"",""
"DiagnosisAndNotification.hivStatusDate","DiagnosisAndNotification.hivStatusDate","","","",0,1,"","","","date {[]} {[]}
","TB CS - HIV status date","TB CS - HIV status date","","","","","","","","","",,,,,"",,,,"DiagnosisAndNotification.hivStatusDate",0,1,"",""
"DiagnosisAndNotification.numberOfPeopleExcludingTheIndexCaseLivingInTheSameHousehold","DiagnosisAndNotification.numberOfPeopleExcludingTheIndexCaseLivingInTheSameHousehold","","","",0,1,"","","","unsignedInt {[]} {[]}
","TB-CS - Household size (contacts)","TB-CS - Household size (contacts)","","","","","","","","","",,,,,"",,,,"DiagnosisAndNotification.numberOfPeopleExcludingTheIndexCaseLivingInTheSameHousehold",0,1,"",""
"DiagnosisAndNotification.harmfulUseOfAlcohol","DiagnosisAndNotification.harmfulUseOfAlcohol","","","",0,1,"","","","code {[]} {[]}
","TB CS - Risk factor alcohol","TB CS - Risk factor alcohol","","","","","","","","","",,"required","","http://example.org/ValueSet/gen---yes-no-unknown-vs","",,,,"DiagnosisAndNotification.harmfulUseOfAlcohol",0,1,"",""
"DiagnosisAndNotification.diabetes","DiagnosisAndNotification.diabetes","","","",0,1,"","","","code {[]} {[]}
","TB CS - Risk factor diabetes","TB CS - Risk factor diabetes","","","","","","","","","",,"required","","http://example.org/ValueSet/gen---yes-no-unknown-vs","",,,,"DiagnosisAndNotification.diabetes",0,1,"",""
"DiagnosisAndNotification.smoking","DiagnosisAndNotification.smoking","","","",0,1,"","","","code {[]} {[]}
","TB CS - Risk factor smoking","TB CS - Risk factor smoking","","","","","","","","","",,"required","","http://example.org/ValueSet/gen---yes-no-unknown-vs","",,,,"DiagnosisAndNotification.smoking",0,1,"",""
