{
  "codeSystems" : [
    {
      "url" : "http://example.org/ValueSet/gen---yes-no-unknown-vs",
      "version" : "0.1.0",
      "status" : "draft",
      "name" : "GENYesNoUnknownVS",
      "title" : "GEN - Yes/No/Unknown value set",
      "description" : null,
      "systems" : ["http://example.org/CodeSystem/gen---yes-no-unknown-cs"]
    },
    {
      "url" : "http://example.org/ValueSet/rrt---gen---sex-vs",
      "version" : "0.1.0",
      "status" : "draft",
      "name" : "RRTGENSexVS",
      "title" : "RRT - GEN - Sex value set",
      "description" : null,
      "systems" : ["http://example.org/CodeSystem/rrt---gen---sex-cs"]
    },
    {
      "url" : "http://example.org/ValueSet/susceptible-resistant-indeterminate-vs",
      "version" : "0.1.0",
      "status" : "draft",
      "name" : "SusceptibleResistantIndeterminateVS",
      "title" : "Susceptible/Resistant/Indeterminate value set",
      "description" : null,
      "systems" : [
        "http://example.org/CodeSystem/susceptible-resistant-indeterminate-cs"
      ]
    },
    {
      "url" : "http://example.org/ValueSet/tb-cs---confirmation-method-vs",
      "version" : "0.1.0",
      "status" : "draft",
      "name" : "TBCSConfirmationMethodVS",
      "title" : "TB CS - Confirmation method value set",
      "description" : null,
      "systems" : [
        "http://example.org/CodeSystem/tb-cs---confirmation-method-cs"
      ]
    },
    {
      "url" : "http://example.org/ValueSet/tb-cs---denotification-reasons-vs",
      "version" : "0.1.0",
      "status" : "draft",
      "name" : "TBCSDenotificationReasonsVS",
      "title" : "TB CS - Denotification reasons value set",
      "description" : null,
      "systems" : [
        "http://example.org/CodeSystem/tb-cs---denotification-reasons-cs"
      ]
    },
    {
      "url" : "http://example.org/ValueSet/tb-cs---resistance-classification-vs",
      "version" : "0.1.0",
      "status" : "draft",
      "name" : "TBCSResistanceClassificationVS",
      "title" : "TB CS - Resistance Classification value set",
      "description" : null,
      "systems" : [
        "http://example.org/CodeSystem/tb-cs---resistance-classification-cs"
      ]
    },
    {
      "url" : "http://example.org/ValueSet/tb-cs---site-of-disease-vs",
      "version" : "0.1.0",
      "status" : "draft",
      "name" : "TBCSSiteOfDiseaseVS",
      "title" : "TB CS - Site of disease value set",
      "description" : null,
      "systems" : ["http://example.org/CodeSystem/tb-cs---site-of-disease-cs"]
    },
    {
      "url" : "http://example.org/ValueSet/tb-cs---treatment-category-vs",
      "version" : "0.1.0",
      "status" : "draft",
      "name" : "TBCSTreatmentCategoryVS",
      "title" : "TB CS - Treatment category value set",
      "description" : null,
      "systems" : [
        "http://example.org/CodeSystem/tb-cs---treatment-category-cs"
      ]
    },
    {
      "url" : "http://example.org/ValueSet/tb-cs---treatment-history-vs",
      "version" : "0.1.0",
      "status" : "draft",
      "name" : "TBCSTreatmentHistoryVS",
      "title" : "TB CS - Treatment history value set",
      "description" : null,
      "systems" : ["http://example.org/CodeSystem/tb-cs---treatment-history-cs"]
    },
    {
      "url" : "http://example.org/ValueSet/tb-cs---treatment-outcome-vs",
      "version" : "0.1.0",
      "status" : "draft",
      "name" : "TBCSTreatmentOutcomeVS",
      "title" : "TB CS - Treatment outcome value set",
      "description" : null,
      "systems" : ["http://example.org/CodeSystem/tb-cs---treatment-outcome-cs"]
    },
    {
      "url" : "http://example.org/ValueSet/tb-lab---dst-result-vs",
      "version" : "0.1.0",
      "status" : "draft",
      "name" : "TBLABDSTResultVS",
      "title" : "TB-LAB - DST result value set",
      "description" : null,
      "systems" : ["http://example.org/CodeSystem/tb-lab---dst-result-cs"]
    },
    {
      "url" : "http://example.org/ValueSet/tb-lab---final-culture-result-vs",
      "version" : "0.1.0",
      "status" : "draft",
      "name" : "TBLABFinalCultureResultVS",
      "title" : "TB-LAB - Final culture result value set",
      "description" : null,
      "systems" : [
        "http://example.org/CodeSystem/tb-lab---final-culture-result-cs"
      ]
    },
    {
      "url" : "http://example.org/ValueSet/tb-lab---lpa-specimen-vs",
      "version" : "0.1.0",
      "status" : "draft",
      "name" : "TBLABLPASpecimenVS",
      "title" : "TB-LAB - LPA specimen value set",
      "description" : null,
      "systems" : ["http://example.org/CodeSystem/tb-lab---lpa-specimen-cs"]
    },
    {
      "url" : "http://example.org/ValueSet/tb-lab---mtb-test-result-vs",
      "version" : "0.1.0",
      "status" : "draft",
      "name" : "TBLABMTBTestResultVS",
      "title" : "TB-LAB - MTB test result value set",
      "description" : null,
      "systems" : ["http://example.org/CodeSystem/tb-lab---mtb-test-result-cs"]
    },
    {
      "url" : "http://example.org/ValueSet/tb-lab---sample-quality-vs",
      "version" : "0.1.0",
      "status" : "draft",
      "name" : "TBLABSampleQualityVS",
      "title" : "TB-LAB - Sample quality value set",
      "description" : null,
      "systems" : ["http://example.org/CodeSystem/tb-lab---sample-quality-cs"]
    },
    {
      "url" : "http://example.org/ValueSet/tb-lab---sample-status-vs",
      "version" : "0.1.0",
      "status" : "draft",
      "name" : "TBLABSampleStatusVS",
      "title" : "TB-LAB - Sample status value set",
      "description" : null,
      "systems" : ["http://example.org/CodeSystem/tb-lab---sample-status-cs"]
    },
    {
      "url" : "http://example.org/ValueSet/tb-lab---smear-result-vs",
      "version" : "0.1.0",
      "status" : "draft",
      "name" : "TBLABSmearResultVS",
      "title" : "TB-LAB - Smear result value set",
      "description" : null,
      "systems" : ["http://example.org/CodeSystem/tb-lab---smear-result-cs"]
    }
  ]
}
