{
  "resourceType" : "ValueSet",
  "id" : "rrt---gen---sex-vs",
  "text" : {
    "status" : "generated",
    "div" : "<div xmlns=\"http://www.w3.org/1999/xhtml\"><p class=\"res-header-id\"><b>Generated Narrative: ValueSet rrt---gen---sex-vs</b></p><a name=\"rrt---gen---sex-vs\"> </a><a name=\"hcrrt---gen---sex-vs\"> </a><a name=\"rrt---gen---sex-vs-en-US\"> </a><ul><li>Include all codes defined in <a href=\"CodeSystem-rrt---gen---sex-cs.html\"><code>http://example.org/CodeSystem/rrt---gen---sex-cs</code></a></li></ul></div>"
  },
  "url" : "http://example.org/ValueSet/rrt---gen---sex-vs",
  "version" : "0.1.0",
  "name" : "RRTGENSexVS",
  "title" : "RRT - GEN - Sex value set",
  "status" : "draft",
  "date" : "2024-12-17T21:48:04+00:00",
  "publisher" : "DHIS2",
  "contact" : [{
    "name" : "DHIS2",
    "telecom" : [{
      "system" : "url",
      "value" : "http://dhis2.org"
    }]
  }],
  "compose" : {
    "include" : [{
      "system" : "http://example.org/CodeSystem/rrt---gen---sex-cs"
    }]
  }
}