{
  "resourceType" : "ValueSet",
  "id" : "TBLABFinalCultureResultVS",
  "meta" : {
    "profile" : ["http://hl7.org/fhir/uv/crmi/StructureDefinition/crmi-shareablevalueset",
    "http://hl7.org/fhir/uv/crmi/StructureDefinition/crmi-publishablevalueset",
    "http://hl7.org/fhir/uv/crmi/StructureDefinition/crmi-computablevalueset"]
  },
  "text" : {
    "status" : "generated",
    "div" : "<div xmlns=\"http://www.w3.org/1999/xhtml\"><p class=\"res-header-id\"><b>Generated Narrative: ValueSet TBLABFinalCultureResultVS</b></p><a name=\"TBLABFinalCultureResultVS\"> </a><a name=\"hcTBLABFinalCultureResultVS\"> </a><a name=\"TBLABFinalCultureResultVS-en-US\"> </a><ul><li>Include all codes defined in <a href=\"CodeSystem-TBLABFinalCultureResultCS.html\"><code>http://example.org/CodeSystem/TBLABFinalCultureResultCS</code></a></li></ul></div>"
  },
  "url" : "http://example.org/ValueSet/TBLABFinalCultureResultVS",
  "version" : "0.1.0",
  "name" : "TBLABFinalCultureResultVS",
  "title" : "TB-LAB - Final culture result value set",
  "status" : "active",
  "experimental" : false,
  "date" : "2025-01-06",
  "publisher" : "DHIS2",
  "contact" : [{
    "name" : "DHIS2",
    "telecom" : [{
      "system" : "url",
      "value" : "http://dhis2.org"
    }]
  }],
  "description" : "Value set for DHIS2 'Final culture result' option set.",
  "compose" : {
    "include" : [{
      "system" : "http://example.org/CodeSystem/TBLABFinalCultureResultCS"
    }]
  }
}