{
  "codeSystems" : [
    {
      "url" : "http://example.org/ValueSet/GENYesNoUnknownVS",
      "version" : null,
      "status" : "active",
      "name" : "GENYesNoUnknownVS",
      "title" : "GEN - Yes/No/Unknown value set",
      "description" : null,
      "systems" : ["http://example.org/CodeSystem/GENYesNoUnknownCS"]
    },
    {
      "url" : "http://example.org/ValueSet/GENYesNoUnknownVS",
      "version" : "0.1.0",
      "status" : "active",
      "name" : "GENYesNoUnknownVS",
      "title" : "GEN - Yes/No/Unknown value set",
      "description" : null,
      "systems" : ["http://example.org/CodeSystem/GENYesNoUnknownCS"],
      "uses" : {
      },
      "StructureDefinition-DiagnosisAndNotification.html" : "Diagnosis and notification",
      "StructureDefinition-TBCaseSurveillance.html" : "TB Case Surveillance"
    },
    {
      "url" : "http://example.org/ValueSet/RRTGENSexVS",
      "version" : null,
      "status" : "active",
      "name" : "RRTGENSexVS",
      "title" : "RRT - GEN - Sex value set",
      "description" : null,
      "systems" : ["http://example.org/CodeSystem/RRTGENSexCS"]
    },
    {
      "url" : "http://example.org/ValueSet/RRTGENSexVS",
      "version" : "0.1.0",
      "status" : "active",
      "name" : "RRTGENSexVS",
      "title" : "RRT - GEN - Sex value set",
      "description" : null,
      "systems" : ["http://example.org/CodeSystem/RRTGENSexCS"],
      "uses" : {
      },
      "StructureDefinition-TBCaseSurveillance.html" : "TB Case Surveillance"
    },
    {
      "url" : "http://example.org/ValueSet/SusceptibleResistantIndeterminateVS",
      "version" : null,
      "status" : "active",
      "name" : "SusceptibleResistantIndeterminateVS",
      "title" : "Susceptible/Resistant/Indeterminate value set",
      "description" : null,
      "systems" : [
        "http://example.org/CodeSystem/SusceptibleResistantIndeterminateCS"
      ]
    },
    {
      "url" : "http://example.org/ValueSet/SusceptibleResistantIndeterminateVS",
      "version" : "0.1.0",
      "status" : "active",
      "name" : "SusceptibleResistantIndeterminateVS",
      "title" : "Susceptible/Resistant/Indeterminate value set",
      "description" : null,
      "systems" : [
        "http://example.org/CodeSystem/SusceptibleResistantIndeterminateCS"
      ],
      "uses" : {
      },
      "StructureDefinition-DiagnosticLaboratoryResults.html" : "Diagnostic laboratory results"
    },
    {
      "url" : "http://example.org/ValueSet/TBCSConfirmationMethodVS",
      "version" : "0.1.0",
      "status" : "active",
      "name" : "TBCSConfirmationMethodVS",
      "title" : "TB CS - Confirmation method value set",
      "description" : null,
      "systems" : ["http://example.org/CodeSystem/TBCSConfirmationMethodCS"],
      "uses" : {
      },
      "StructureDefinition-DiagnosisAndNotification.html" : "Diagnosis and notification"
    },
    {
      "url" : "http://example.org/ValueSet/TBCSDenotificationReasonsVS",
      "version" : null,
      "status" : "active",
      "name" : "TBCSDenotificationReasonsVS",
      "title" : "TB CS - Denotification reasons value set",
      "description" : null,
      "systems" : ["http://example.org/CodeSystem/TBCSDenotificationReasonsCS"]
    },
    {
      "url" : "http://example.org/ValueSet/TBCSDenotificationReasonsVS",
      "version" : "0.1.0",
      "status" : "active",
      "name" : "TBCSDenotificationReasonsVS",
      "title" : "TB CS - Denotification reasons value set",
      "description" : null,
      "systems" : ["http://example.org/CodeSystem/TBCSDenotificationReasonsCS"],
      "uses" : {
      },
      "StructureDefinition-Outcome.html" : "Outcome"
    },
    {
      "url" : "http://example.org/ValueSet/TBCSResistanceClassificationVS",
      "version" : null,
      "status" : "active",
      "name" : "TBCSResistanceClassificationVS",
      "title" : "TB CS - Resistance Classification value set",
      "description" : null,
      "systems" : [
        "http://example.org/CodeSystem/TBCSResistanceClassificationCS"
      ]
    },
    {
      "url" : "http://example.org/ValueSet/TBCSResistanceClassificationVS",
      "version" : "0.1.0",
      "status" : "active",
      "name" : "TBCSResistanceClassificationVS",
      "title" : "TB CS - Resistance Classification value set",
      "description" : null,
      "systems" : [
        "http://example.org/CodeSystem/TBCSResistanceClassificationCS"
      ],
      "uses" : {
      },
      "StructureDefinition-TBTreatment.html" : "TB Treatment"
    },
    {
      "url" : "http://example.org/ValueSet/TBCSSiteOfDiseaseVS",
      "version" : "0.1.0",
      "status" : "active",
      "name" : "TBCSSiteOfDiseaseVS",
      "title" : "TB CS - Site of disease value set",
      "description" : null,
      "systems" : ["http://example.org/CodeSystem/TBCSSiteOfDiseaseCS"],
      "uses" : {
      },
      "StructureDefinition-DiagnosisAndNotification.html" : "Diagnosis and notification"
    },
    {
      "url" : "http://example.org/ValueSet/TBCSTreatmentCategoryVS",
      "version" : null,
      "status" : "active",
      "name" : "TBCSTreatmentCategoryVS",
      "title" : "TB CS - Treatment category value set",
      "description" : null,
      "systems" : ["http://example.org/CodeSystem/TBCSTreatmentCategoryCS"]
    },
    {
      "url" : "http://example.org/ValueSet/TBCSTreatmentCategoryVS",
      "version" : "0.1.0",
      "status" : "active",
      "name" : "TBCSTreatmentCategoryVS",
      "title" : "TB CS - Treatment category value set",
      "description" : null,
      "systems" : ["http://example.org/CodeSystem/TBCSTreatmentCategoryCS"],
      "uses" : {
      },
      "StructureDefinition-TBTreatment.html" : "TB Treatment"
    },
    {
      "url" : "http://example.org/ValueSet/TBCSTreatmentHistoryVS",
      "version" : "0.1.0",
      "status" : "active",
      "name" : "TBCSTreatmentHistoryVS",
      "title" : "TB CS - Treatment history value set",
      "description" : null,
      "systems" : ["http://example.org/CodeSystem/TBCSTreatmentHistoryCS"],
      "uses" : {
      },
      "StructureDefinition-DiagnosisAndNotification.html" : "Diagnosis and notification"
    },
    {
      "url" : "http://example.org/ValueSet/TBCSTreatmentOutcomeVS",
      "version" : null,
      "status" : "active",
      "name" : "TBCSTreatmentOutcomeVS",
      "title" : "TB CS - Treatment outcome value set",
      "description" : null,
      "systems" : ["http://example.org/CodeSystem/TBCSTreatmentOutcomeCS"]
    },
    {
      "url" : "http://example.org/ValueSet/TBCSTreatmentOutcomeVS",
      "version" : "0.1.0",
      "status" : "active",
      "name" : "TBCSTreatmentOutcomeVS",
      "title" : "TB CS - Treatment outcome value set",
      "description" : null,
      "systems" : ["http://example.org/CodeSystem/TBCSTreatmentOutcomeCS"],
      "uses" : {
      },
      "StructureDefinition-Outcome.html" : "Outcome"
    },
    {
      "url" : "http://example.org/ValueSet/TBLABDSTResultVS",
      "version" : null,
      "status" : "active",
      "name" : "TBLABDSTResultVS",
      "title" : "TB-LAB - DST result value set",
      "description" : null,
      "systems" : ["http://example.org/CodeSystem/TBLABDSTResultCS"]
    },
    {
      "url" : "http://example.org/ValueSet/TBLABDSTResultVS",
      "version" : "0.1.0",
      "status" : "active",
      "name" : "TBLABDSTResultVS",
      "title" : "TB-LAB - DST result value set",
      "description" : null,
      "systems" : ["http://example.org/CodeSystem/TBLABDSTResultCS"],
      "uses" : {
      },
      "StructureDefinition-DiagnosticLaboratoryResults.html" : "Diagnostic laboratory results"
    },
    {
      "url" : "http://example.org/ValueSet/TBLABFinalCultureResultVS",
      "version" : null,
      "status" : "active",
      "name" : "TBLABFinalCultureResultVS",
      "title" : "TB-LAB - Final culture result value set",
      "description" : null,
      "systems" : ["http://example.org/CodeSystem/TBLABFinalCultureResultCS"]
    },
    {
      "url" : "http://example.org/ValueSet/TBLABFinalCultureResultVS",
      "version" : null,
      "status" : "active",
      "name" : "TBLABFinalCultureResultVS",
      "title" : "TB-LAB - Final culture result value set",
      "description" : null,
      "systems" : ["http://example.org/CodeSystem/TBLABFinalCultureResultCS"]
    },
    {
      "url" : "http://example.org/ValueSet/TBLABFinalCultureResultVS",
      "version" : "0.1.0",
      "status" : "active",
      "name" : "TBLABFinalCultureResultVS",
      "title" : "TB-LAB - Final culture result value set",
      "description" : null,
      "systems" : ["http://example.org/CodeSystem/TBLABFinalCultureResultCS"],
      "uses" : {
      },
      "StructureDefinition-MonitoringLaboratoryResults.html" : "Monitoring laboratory results",
      "StructureDefinition-DiagnosticLaboratoryResults.html" : "Diagnostic laboratory results"
    },
    {
      "url" : "http://example.org/ValueSet/TBLABLPASpecimenVS",
      "version" : null,
      "status" : "active",
      "name" : "TBLABLPASpecimenVS",
      "title" : "TB-LAB - LPA specimen value set",
      "description" : null,
      "systems" : ["http://example.org/CodeSystem/TBLABLPASpecimenCS"]
    },
    {
      "url" : "http://example.org/ValueSet/TBLABLPASpecimenVS",
      "version" : "0.1.0",
      "status" : "active",
      "name" : "TBLABLPASpecimenVS",
      "title" : "TB-LAB - LPA specimen value set",
      "description" : null,
      "systems" : ["http://example.org/CodeSystem/TBLABLPASpecimenCS"],
      "uses" : {
      },
      "StructureDefinition-DiagnosticLaboratoryResults.html" : "Diagnostic laboratory results"
    },
    {
      "url" : "http://example.org/ValueSet/TBLABMTBTestResultVS",
      "version" : null,
      "status" : "active",
      "name" : "TBLABMTBTestResultVS",
      "title" : "TB-LAB - MTB test result value set",
      "description" : null,
      "systems" : ["http://example.org/CodeSystem/TBLABMTBTestResultCS"]
    },
    {
      "url" : "http://example.org/ValueSet/TBLABMTBTestResultVS",
      "version" : "0.1.0",
      "status" : "active",
      "name" : "TBLABMTBTestResultVS",
      "title" : "TB-LAB - MTB test result value set",
      "description" : null,
      "systems" : ["http://example.org/CodeSystem/TBLABMTBTestResultCS"],
      "uses" : {
      },
      "StructureDefinition-DiagnosticLaboratoryResults.html" : "Diagnostic laboratory results"
    },
    {
      "url" : "http://example.org/ValueSet/TBLABSampleQualityVS",
      "version" : null,
      "status" : "active",
      "name" : "TBLABSampleQualityVS",
      "title" : "TB-LAB - Sample quality value set",
      "description" : null,
      "systems" : ["http://example.org/CodeSystem/TBLABSampleQualityCS"]
    },
    {
      "url" : "http://example.org/ValueSet/TBLABSampleQualityVS",
      "version" : null,
      "status" : "active",
      "name" : "TBLABSampleQualityVS",
      "title" : "TB-LAB - Sample quality value set",
      "description" : null,
      "systems" : ["http://example.org/CodeSystem/TBLABSampleQualityCS"]
    },
    {
      "url" : "http://example.org/ValueSet/TBLABSampleQualityVS",
      "version" : "0.1.0",
      "status" : "active",
      "name" : "TBLABSampleQualityVS",
      "title" : "TB-LAB - Sample quality value set",
      "description" : null,
      "systems" : ["http://example.org/CodeSystem/TBLABSampleQualityCS"],
      "uses" : {
      },
      "StructureDefinition-MonitoringLaboratoryResults.html" : "Monitoring laboratory results",
      "StructureDefinition-DiagnosticLaboratoryResults.html" : "Diagnostic laboratory results"
    },
    {
      "url" : "http://example.org/ValueSet/TBLABSampleStatusVS",
      "version" : null,
      "status" : "active",
      "name" : "TBLABSampleStatusVS",
      "title" : "TB-LAB - Sample status value set",
      "description" : null,
      "systems" : ["http://example.org/CodeSystem/TBLABSampleStatusCS"]
    },
    {
      "url" : "http://example.org/ValueSet/TBLABSampleStatusVS",
      "version" : null,
      "status" : "active",
      "name" : "TBLABSampleStatusVS",
      "title" : "TB-LAB - Sample status value set",
      "description" : null,
      "systems" : ["http://example.org/CodeSystem/TBLABSampleStatusCS"]
    },
    {
      "url" : "http://example.org/ValueSet/TBLABSampleStatusVS",
      "version" : "0.1.0",
      "status" : "active",
      "name" : "TBLABSampleStatusVS",
      "title" : "TB-LAB - Sample status value set",
      "description" : null,
      "systems" : ["http://example.org/CodeSystem/TBLABSampleStatusCS"],
      "uses" : {
      },
      "StructureDefinition-MonitoringLaboratoryResults.html" : "Monitoring laboratory results",
      "StructureDefinition-DiagnosticLaboratoryResults.html" : "Diagnostic laboratory results"
    },
    {
      "url" : "http://example.org/ValueSet/TBLABSmearResultVS",
      "version" : null,
      "status" : "active",
      "name" : "TBLABSmearResultVS",
      "title" : "TB-LAB - Smear result value set",
      "description" : null,
      "systems" : ["http://example.org/CodeSystem/TBLABSmearResultCS"]
    },
    {
      "url" : "http://example.org/ValueSet/TBLABSmearResultVS",
      "version" : null,
      "status" : "active",
      "name" : "TBLABSmearResultVS",
      "title" : "TB-LAB - Smear result value set",
      "description" : null,
      "systems" : ["http://example.org/CodeSystem/TBLABSmearResultCS"]
    },
    {
      "url" : "http://example.org/ValueSet/TBLABSmearResultVS",
      "version" : "0.1.0",
      "status" : "active",
      "name" : "TBLABSmearResultVS",
      "title" : "TB-LAB - Smear result value set",
      "description" : null,
      "systems" : ["http://example.org/CodeSystem/TBLABSmearResultCS"],
      "uses" : {
      },
      "StructureDefinition-MonitoringLaboratoryResults.html" : "Monitoring laboratory results",
      "StructureDefinition-DiagnosticLaboratoryResults.html" : "Diagnostic laboratory results"
    }
  ]
}
