<?xml version="1.0" encoding="UTF-8"?>

<ValueSet xmlns="http://hl7.org/fhir">
  <id value="TBLABLPASpecimenVS"/>
  <meta>
    <profile value="http://hl7.org/fhir/uv/crmi/StructureDefinition/crmi-shareablevalueset"/>
    <profile value="http://hl7.org/fhir/uv/crmi/StructureDefinition/crmi-publishablevalueset"/>
    <profile value="http://hl7.org/fhir/uv/crmi/StructureDefinition/crmi-computablevalueset"/>
  </meta>
  <text>
    <status value="generated"/><div xmlns="http://www.w3.org/1999/xhtml"><p class="res-header-id"><b>Generated Narrative: ValueSet TBLABLPASpecimenVS</b></p><a name="TBLABLPASpecimenVS"> </a><a name="hcTBLABLPASpecimenVS"> </a><a name="TBLABLPASpecimenVS-en-US"> </a><ul><li>Include all codes defined in <a href="CodeSystem-TBLABLPASpecimenCS.html"><code>http://example.org/CodeSystem/TBLABLPASpecimenCS</code></a></li></ul></div>
  </text>
  <url value="http://example.org/ValueSet/TBLABLPASpecimenVS"/>
  <version value="0.1.0"/>
  <name value="TBLABLPASpecimenVS"/>
  <title value="TB-LAB - LPA specimen value set"/>
  <status value="active"/>
  <experimental value="false"/>
  <date value="2025-01-06"/>
  <publisher value="DHIS2"/>
  <contact>
    <name value="DHIS2"/>
    <telecom>
      <system value="url"/>
      <value value="http://dhis2.org"/>
    </telecom>
  </contact>
  <description value="Value set for DHIS2 'LPA specimen' option set."/>
  <compose>
    <include>
      <system value="http://example.org/CodeSystem/TBLABLPASpecimenCS"/>
    </include>
  </compose>
</ValueSet>