<?xml version="1.0" encoding="UTF-8"?>

<ValueSet xmlns="http://hl7.org/fhir">
  <id value="tb-lab---sample-status-vs"/>
  <text>
    <status value="generated"/><div xmlns="http://www.w3.org/1999/xhtml"><p class="res-header-id"><b>Generated Narrative: ValueSet tb-lab---sample-status-vs</b></p><a name="tb-lab---sample-status-vs"> </a><a name="hctb-lab---sample-status-vs"> </a><a name="tb-lab---sample-status-vs-en-US"> </a><ul><li>Include all codes defined in <a href="CodeSystem-tb-lab---sample-status-cs.html"><code>http://example.org/CodeSystem/tb-lab---sample-status-cs</code></a></li></ul></div>
  </text>
  <url value="http://example.org/ValueSet/tb-lab---sample-status-vs"/>
  <version value="0.1.0"/>
  <name value="TBLABSampleStatusVS"/>
  <title value="TB-LAB - Sample status value set"/>
  <status value="draft"/>
  <date value="2024-12-18T18:58:42+00:00"/>
  <publisher value="DHIS2"/>
  <contact>
    <name value="DHIS2"/>
    <telecom>
      <system value="url"/>
      <value value="http://dhis2.org"/>
    </telecom>
  </contact>
  <compose>
    <include>
      <system value="http://example.org/CodeSystem/tb-lab---sample-status-cs"/>
    </include>
  </compose>
</ValueSet>