{
  "resourceType" : "ValueSet",
  "id" : "tb-lab---lpa-specimen-vs",
  "text" : {
    "status" : "generated",
    "div" : "<div xmlns=\"http://www.w3.org/1999/xhtml\"><p class=\"res-header-id\"><b>Generated Narrative: ValueSet tb-lab---lpa-specimen-vs</b></p><a name=\"tb-lab---lpa-specimen-vs\"> </a><a name=\"hctb-lab---lpa-specimen-vs\"> </a><a name=\"tb-lab---lpa-specimen-vs-en-US\"> </a><ul><li>Include all codes defined in <a href=\"CodeSystem-tb-lab---lpa-specimen-cs.html\"><code>http://example.org/CodeSystem/tb-lab---lpa-specimen-cs</code></a></li></ul></div>"
  },
  "url" : "http://example.org/ValueSet/tb-lab---lpa-specimen-vs",
  "version" : "0.1.0",
  "name" : "TBLABLPASpecimenVS",
  "title" : "TB-LAB - LPA specimen value set",
  "status" : "draft",
  "date" : "2024-12-17T21:31:39+00:00",
  "publisher" : "DHIS2",
  "contact" : [{
    "name" : "DHIS2",
    "telecom" : [{
      "system" : "url",
      "value" : "http://dhis2.org"
    }]
  }],
  "compose" : {
    "include" : [{
      "system" : "http://example.org/CodeSystem/tb-lab---lpa-specimen-cs"
    }]
  }
}