{
  "codeSystems" : [
    {
      "url" : "http://example.org/ValueSet/GENYesNoUnknownVS",
      "version" : null,
      "status" : "active",
      "name" : "GENYesNoUnknownVS",
      "title" : "GEN - Yes/No/Unknown value set",
      "description" : null,
      "systems" : ["http://example.org/CodeSystem/GENYesNoUnknownCS"]
    },
    {
      "url" : "http://example.org/ValueSet/GENYesNoUnknownVS",
      "version" : "0.1.0",
      "status" : "active",
      "name" : "GENYesNoUnknownVS",
      "title" : "GEN - Yes/No/Unknown value set",
      "description" : null,
      "systems" : ["http://example.org/CodeSystem/GENYesNoUnknownCS"],
      "uses" : {
      },
      "StructureDefinition-TBCaseSurveillance.html" : "TB Case Surveillance",
      "StructureDefinition-DiagnosisAndNotification.html" : "Diagnosis and notification"
    },
    {
      "url" : "http://example.org/ValueSet/RRTGENSexVS",
      "version" : null,
      "status" : "active",
      "name" : "RRTGENSexVS",
      "title" : "RRT - GEN - Sex value set",
      "description" : null,
      "systems" : ["http://example.org/CodeSystem/RRTGENSexCS"]
    },
    {
      "url" : "http://example.org/ValueSet/RRTGENSexVS",
      "version" : "0.1.0",
      "status" : "active",
      "name" : "RRTGENSexVS",
      "title" : "RRT - GEN - Sex value set",
      "description" : null,
      "systems" : ["http://example.org/CodeSystem/RRTGENSexCS"],
      "uses" : {
      },
      "StructureDefinition-TBCaseSurveillance.html" : "TB Case Surveillance"
    },
    {
      "url" : "http://example.org/ValueSet/TBCSDenotificationReasonsVS",
      "version" : null,
      "status" : "active",
      "name" : "TBCSDenotificationReasonsVS",
      "title" : "TB CS - Denotification reasons value set",
      "description" : null,
      "systems" : [
        "http://example.org/CodeSystem/tb-cs---denotification-reasons-cs"
      ]
    },
    {
      "url" : "http://example.org/ValueSet/TBCSDenotificationReasonsVS",
      "version" : "0.1.0",
      "status" : "active",
      "name" : "TBCSDenotificationReasonsVS",
      "title" : "TB CS - Denotification reasons value set",
      "description" : null,
      "systems" : [
        "http://example.org/CodeSystem/tb-cs---denotification-reasons-cs"
      ],
      "uses" : {
      },
      "StructureDefinition-Outcome.html" : "Outcome"
    },
    {
      "url" : "http://example.org/ValueSet/TBCSTreatmentOutcomeVS",
      "version" : null,
      "status" : "active",
      "name" : "TBCSTreatmentOutcomeVS",
      "title" : "TB CS - Treatment outcome value set",
      "description" : null,
      "systems" : ["http://example.org/CodeSystem/tb-cs---treatment-outcome-cs"]
    },
    {
      "url" : "http://example.org/ValueSet/TBCSTreatmentOutcomeVS",
      "version" : "0.1.0",
      "status" : "active",
      "name" : "TBCSTreatmentOutcomeVS",
      "title" : "TB CS - Treatment outcome value set",
      "description" : null,
      "systems" : ["http://example.org/CodeSystem/tb-cs---treatment-outcome-cs"],
      "uses" : {
      },
      "StructureDefinition-Outcome.html" : "Outcome"
    },
    {
      "url" : "http://example.org/ValueSet/susceptible-resistant-indeterminate-vs",
      "version" : "0.1.0",
      "status" : "draft",
      "name" : "SusceptibleResistantIndeterminateVS",
      "title" : "Susceptible/Resistant/Indeterminate value set",
      "description" : null,
      "systems" : [
        "http://example.org/CodeSystem/susceptible-resistant-indeterminate-cs"
      ],
      "uses" : {
      },
      "StructureDefinition-DiagnosticLaboratoryResults.html" : "Diagnostic laboratory results"
    },
    {
      "url" : "http://example.org/ValueSet/tb-cs---confirmation-method-vs",
      "version" : "0.1.0",
      "status" : "draft",
      "name" : "TBCSConfirmationMethodVS",
      "title" : "TB CS - Confirmation method value set",
      "description" : null,
      "systems" : [
        "http://example.org/CodeSystem/tb-cs---confirmation-method-cs"
      ],
      "uses" : {
      },
      "StructureDefinition-DiagnosisAndNotification.html" : "Diagnosis and notification"
    },
    {
      "url" : "http://example.org/ValueSet/tb-cs---resistance-classification-vs",
      "version" : "0.1.0",
      "status" : "draft",
      "name" : "TBCSResistanceClassificationVS",
      "title" : "TB CS - Resistance Classification value set",
      "description" : null,
      "systems" : [
        "http://example.org/CodeSystem/tb-cs---resistance-classification-cs"
      ],
      "uses" : {
      },
      "StructureDefinition-TBTreatment.html" : "TB Treatment"
    },
    {
      "url" : "http://example.org/ValueSet/tb-cs---site-of-disease-vs",
      "version" : "0.1.0",
      "status" : "draft",
      "name" : "TBCSSiteOfDiseaseVS",
      "title" : "TB CS - Site of disease value set",
      "description" : null,
      "systems" : ["http://example.org/CodeSystem/tb-cs---site-of-disease-cs"],
      "uses" : {
      },
      "StructureDefinition-DiagnosisAndNotification.html" : "Diagnosis and notification"
    },
    {
      "url" : "http://example.org/ValueSet/tb-cs---treatment-category-vs",
      "version" : "0.1.0",
      "status" : "draft",
      "name" : "TBCSTreatmentCategoryVS",
      "title" : "TB CS - Treatment category value set",
      "description" : null,
      "systems" : [
        "http://example.org/CodeSystem/tb-cs---treatment-category-cs"
      ],
      "uses" : {
      },
      "StructureDefinition-TBTreatment.html" : "TB Treatment"
    },
    {
      "url" : "http://example.org/ValueSet/tb-cs---treatment-history-vs",
      "version" : "0.1.0",
      "status" : "draft",
      "name" : "TBCSTreatmentHistoryVS",
      "title" : "TB CS - Treatment history value set",
      "description" : null,
      "systems" : ["http://example.org/CodeSystem/tb-cs---treatment-history-cs"],
      "uses" : {
      },
      "StructureDefinition-DiagnosisAndNotification.html" : "Diagnosis and notification"
    },
    {
      "url" : "http://example.org/ValueSet/tb-lab---dst-result-vs",
      "version" : "0.1.0",
      "status" : "draft",
      "name" : "TBLABDSTResultVS",
      "title" : "TB-LAB - DST result value set",
      "description" : null,
      "systems" : ["http://example.org/CodeSystem/tb-lab---dst-result-cs"],
      "uses" : {
      },
      "StructureDefinition-DiagnosticLaboratoryResults.html" : "Diagnostic laboratory results"
    },
    {
      "url" : "http://example.org/ValueSet/tb-lab---final-culture-result-vs",
      "version" : "0.1.0",
      "status" : "draft",
      "name" : "TBLABFinalCultureResultVS",
      "title" : "TB-LAB - Final culture result value set",
      "description" : null,
      "systems" : [
        "http://example.org/CodeSystem/tb-lab---final-culture-result-cs"
      ],
      "uses" : {
      },
      "StructureDefinition-DiagnosticLaboratoryResults.html" : "Diagnostic laboratory results",
      "StructureDefinition-MonitoringLaboratoryResults.html" : "Monitoring laboratory results"
    },
    {
      "url" : "http://example.org/ValueSet/tb-lab---lpa-specimen-vs",
      "version" : "0.1.0",
      "status" : "draft",
      "name" : "TBLABLPASpecimenVS",
      "title" : "TB-LAB - LPA specimen value set",
      "description" : null,
      "systems" : ["http://example.org/CodeSystem/tb-lab---lpa-specimen-cs"],
      "uses" : {
      },
      "StructureDefinition-DiagnosticLaboratoryResults.html" : "Diagnostic laboratory results"
    },
    {
      "url" : "http://example.org/ValueSet/tb-lab---mtb-test-result-vs",
      "version" : "0.1.0",
      "status" : "draft",
      "name" : "TBLABMTBTestResultVS",
      "title" : "TB-LAB - MTB test result value set",
      "description" : null,
      "systems" : ["http://example.org/CodeSystem/tb-lab---mtb-test-result-cs"],
      "uses" : {
      },
      "StructureDefinition-DiagnosticLaboratoryResults.html" : "Diagnostic laboratory results"
    },
    {
      "url" : "http://example.org/ValueSet/tb-lab---sample-quality-vs",
      "version" : "0.1.0",
      "status" : "draft",
      "name" : "TBLABSampleQualityVS",
      "title" : "TB-LAB - Sample quality value set",
      "description" : null,
      "systems" : ["http://example.org/CodeSystem/tb-lab---sample-quality-cs"],
      "uses" : {
      },
      "StructureDefinition-DiagnosticLaboratoryResults.html" : "Diagnostic laboratory results",
      "StructureDefinition-MonitoringLaboratoryResults.html" : "Monitoring laboratory results"
    },
    {
      "url" : "http://example.org/ValueSet/tb-lab---sample-status-vs",
      "version" : "0.1.0",
      "status" : "draft",
      "name" : "TBLABSampleStatusVS",
      "title" : "TB-LAB - Sample status value set",
      "description" : null,
      "systems" : ["http://example.org/CodeSystem/tb-lab---sample-status-cs"],
      "uses" : {
      },
      "StructureDefinition-DiagnosticLaboratoryResults.html" : "Diagnostic laboratory results",
      "StructureDefinition-MonitoringLaboratoryResults.html" : "Monitoring laboratory results"
    },
    {
      "url" : "http://example.org/ValueSet/tb-lab---smear-result-vs",
      "version" : "0.1.0",
      "status" : "draft",
      "name" : "TBLABSmearResultVS",
      "title" : "TB-LAB - Smear result value set",
      "description" : null,
      "systems" : ["http://example.org/CodeSystem/tb-lab---smear-result-cs"],
      "uses" : {
      },
      "StructureDefinition-DiagnosticLaboratoryResults.html" : "Diagnostic laboratory results",
      "StructureDefinition-MonitoringLaboratoryResults.html" : "Monitoring laboratory results"
    }
  ]
}
