{
  "resourceType" : "ValueSet",
  "id" : "GENYesNoUnknownVS",
  "meta" : {
    "profile" : ["http://hl7.org/fhir/uv/crmi/StructureDefinition/crmi-shareablevalueset",
    "http://hl7.org/fhir/uv/crmi/StructureDefinition/crmi-publishablevalueset",
    "http://hl7.org/fhir/uv/crmi/StructureDefinition/crmi-computablevalueset"]
  },
  "text" : {
    "status" : "generated",
    "div" : "<div xmlns=\"http://www.w3.org/1999/xhtml\"><p class=\"res-header-id\"><b>Generated Narrative: ValueSet GENYesNoUnknownVS</b></p><a name=\"GENYesNoUnknownVS\"> </a><a name=\"hcGENYesNoUnknownVS\"> </a><a name=\"GENYesNoUnknownVS-en-US\"> </a><ul><li>Include all codes defined in <a href=\"CodeSystem-GENYesNoUnknownCS.html\"><code>http://example.org/CodeSystem/GENYesNoUnknownCS</code></a></li></ul></div>"
  },
  "url" : "http://example.org/ValueSet/GENYesNoUnknownVS",
  "version" : "0.1.0",
  "name" : "GENYesNoUnknownVS",
  "title" : "GEN - Yes/No/Unknown value set",
  "status" : "active",
  "experimental" : true,
  "date" : "2024-12-19T10:30:07+00:00",
  "publisher" : "DHIS2",
  "contact" : [{
    "name" : "DHIS2",
    "telecom" : [{
      "system" : "url",
      "value" : "http://dhis2.org"
    }]
  }],
  "compose" : {
    "include" : [{
      "system" : "http://example.org/CodeSystem/GENYesNoUnknownCS"
    }]
  }
}