{"resourceType":"CodeSystem","id":"TBLABDSTResultCS","meta":{"profile":["http://hl7.org/fhir/uv/crmi/StructureDefinition/crmi-shareablecodesystem","http://hl7.org/fhir/uv/crmi/StructureDefinition/crmi-publishablecodesystem"]},"text":{"status":"generated","div":"<div xmlns=\"http://www.w3.org/1999/xhtml\"><p class=\"res-header-id\"><b>Generated Narrative: CodeSystem TBLABDSTResultCS</b></p><a name=\"TBLABDSTResultCS\"> </a><a name=\"hcTBLABDSTResultCS\"> </a><a name=\"TBLABDSTResultCS-en-US\"> </a><p>This case-sensitive code system <code>http://example.org/CodeSystem/TBLABDSTResultCS</code> defines the following codes:</p><table class=\"codes\"><tr><td style=\"white-space:nowrap\"><b>Code</b></td><td><b>Display</b></td></tr><tr><td style=\"white-space:nowrap\">SUSCEPTIBLE<a name=\"TBLABDSTResultCS-SUSCEPTIBLE\"> </a></td><td>Susceptible</td></tr><tr><td style=\"white-space:nowrap\">RESISTANT<a name=\"TBLABDSTResultCS-RESISTANT\"> </a></td><td>Resistant</td></tr><tr><td style=\"white-space:nowrap\">CONTAMINATED<a name=\"TBLABDSTResultCS-CONTAMINATED\"> </a></td><td>Contaminated</td></tr><tr><td style=\"white-space:nowrap\">INDETERMINATE<a name=\"TBLABDSTResultCS-INDETERMINATE\"> </a></td><td>Indeterminate</td></tr></table></div>"},"url":"http://example.org/CodeSystem/TBLABDSTResultCS","version":"0.1.0","name":"TBLABDSTResultCS","title":"TB-LAB - DST result","status":"draft","experimental":true,"date":"2025-01-08T15:06:16+00:00","publisher":"DHIS2","contact":[{"name":"DHIS2","telecom":[{"system":"url","value":"http://dhis2.org"}]}],"description":"Code system for DHIS2 'DST result' option set.","caseSensitive":true,"content":"complete","count":4,"concept":[{"code":"SUSCEPTIBLE","display":"Susceptible"},{"code":"RESISTANT","display":"Resistant"},{"code":"CONTAMINATED","display":"Contaminated"},{"code":"INDETERMINATE","display":"Indeterminate"}]}