{"resourceType":"CodeSystem","id":"TBCSDenotificationReasonsCS","meta":{"profile":["http://hl7.org/fhir/uv/crmi/StructureDefinition/crmi-shareablecodesystem","http://hl7.org/fhir/uv/crmi/StructureDefinition/crmi-publishablecodesystem"]},"text":{"status":"generated","div":"<div xmlns=\"http://www.w3.org/1999/xhtml\"><p class=\"res-header-id\"><b>Generated Narrative: CodeSystem TBCSDenotificationReasonsCS</b></p><a name=\"TBCSDenotificationReasonsCS\"> </a><a name=\"hcTBCSDenotificationReasonsCS\"> </a><a name=\"TBCSDenotificationReasonsCS-en-US\"> </a><p>This case-sensitive code system <code>http://example.org/CodeSystem/TBCSDenotificationReasonsCS</code> defines the following codes:</p><table class=\"codes\"><tr><td style=\"white-space:nowrap\"><b>Code</b></td><td><b>Display</b></td></tr><tr><td style=\"white-space:nowrap\">NOT_TB<a name=\"TBCSDenotificationReasonsCS-NOT_TB\"> </a></td><td>Not a TB Case</td></tr><tr><td style=\"white-space:nowrap\">DUPLICATE<a name=\"TBCSDenotificationReasonsCS-DUPLICATE\"> </a></td><td>Duplicate</td></tr></table></div>"},"url":"http://example.org/CodeSystem/TBCSDenotificationReasonsCS","version":"0.1.0","name":"TBCSDenotificationReasonsCS","title":"TB CS - Denotification reasons","status":"draft","experimental":true,"date":"2024-12-19T14:33:50+00:00","publisher":"DHIS2","contact":[{"name":"DHIS2","telecom":[{"system":"url","value":"http://dhis2.org"}]}],"caseSensitive":true,"content":"complete","count":2,"concept":[{"code":"NOT_TB","display":"Not a TB Case"},{"code":"DUPLICATE","display":"Duplicate"}]}