{"resourceType":"CodeSystem","id":"TBLABFinalCultureResultCS","meta":{"profile":["http://hl7.org/fhir/uv/crmi/StructureDefinition/crmi-shareablecodesystem","http://hl7.org/fhir/uv/crmi/StructureDefinition/crmi-publishablecodesystem"]},"text":{"status":"generated","div":"<div xmlns=\"http://www.w3.org/1999/xhtml\"><p class=\"res-header-id\"><b>Generated Narrative: CodeSystem TBLABFinalCultureResultCS</b></p><a name=\"TBLABFinalCultureResultCS\"> </a><a name=\"hcTBLABFinalCultureResultCS\"> </a><a name=\"TBLABFinalCultureResultCS-en-US\"> </a><p>This case-sensitive code system <code>http://example.org/CodeSystem/TBLABFinalCultureResultCS</code> defines the following codes:</p><table class=\"codes\"><tr><td style=\"white-space:nowrap\"><b>Code</b></td><td><b>Display</b></td></tr><tr><td style=\"white-space:nowrap\">MTB<a name=\"TBLABFinalCultureResultCS-MTB\"> </a></td><td>MTB</td></tr><tr><td style=\"white-space:nowrap\">NTM<a name=\"TBLABFinalCultureResultCS-NTM\"> </a></td><td>NTM</td></tr><tr><td style=\"white-space:nowrap\">NO_GROWTH<a name=\"TBLABFinalCultureResultCS-NO_GROWTH\"> </a></td><td>No growth</td></tr><tr><td style=\"white-space:nowrap\">CONTAMINATED<a name=\"TBLABFinalCultureResultCS-CONTAMINATED\"> </a></td><td>Contaminated</td></tr></table></div>"},"url":"http://example.org/CodeSystem/TBLABFinalCultureResultCS","version":"0.1.0","name":"TBLABFinalCultureResultCS","title":"TB-LAB - Final culture result","status":"draft","experimental":true,"date":"2025-01-06T11:12:04+00:00","publisher":"DHIS2","contact":[{"name":"DHIS2","telecom":[{"system":"url","value":"http://dhis2.org"}]}],"caseSensitive":true,"content":"complete","count":4,"concept":[{"code":"MTB","display":"MTB"},{"code":"NTM","display":"NTM"},{"code":"NO_GROWTH","display":"No growth"},{"code":"CONTAMINATED","display":"Contaminated"}]}