{"resourceType":"CodeSystem","id":"tb-cs---site-of-disease-cs","text":{"status":"generated","div":"<div xmlns=\"http://www.w3.org/1999/xhtml\"><p class=\"res-header-id\"><b>Generated Narrative: CodeSystem tb-cs---site-of-disease-cs</b></p><a name=\"tb-cs---site-of-disease-cs\"> </a><a name=\"hctb-cs---site-of-disease-cs\"> </a><a name=\"tb-cs---site-of-disease-cs-en-US\"> </a><p>This  code system <code>http://example.org/CodeSystem/tb-cs---site-of-disease-cs</code> defines the following codes:</p><table class=\"codes\"><tr><td style=\"white-space:nowrap\"><b>Code</b></td><td><b>Display</b></td></tr><tr><td style=\"white-space:nowrap\">SITE_PULMONARY<a name=\"tb-cs---site-of-disease-cs-SITE_PULMONARY\"> </a></td><td>Pulmonary</td></tr><tr><td style=\"white-space:nowrap\">SITE_EXTRA_PULMONARY<a name=\"tb-cs---site-of-disease-cs-SITE_EXTRA_PULMONARY\"> </a></td><td>Extra-pulmonary</td></tr><tr><td style=\"white-space:nowrap\">SITE_BOTH<a name=\"tb-cs---site-of-disease-cs-SITE_BOTH\"> </a></td><td>Pulmonary and extra-pulmonary</td></tr></table></div>"},"url":"http://example.org/CodeSystem/tb-cs---site-of-disease-cs","version":"0.1.0","name":"TBCSSiteOfDiseaseCS","title":"TB CS - Site of disease","status":"draft","date":"2024-12-17T21:31:39+00:00","publisher":"DHIS2","contact":[{"name":"DHIS2","telecom":[{"system":"url","value":"http://dhis2.org"}]}],"content":"complete","count":3,"concept":[{"code":"SITE_PULMONARY","display":"Pulmonary"},{"code":"SITE_EXTRA_PULMONARY","display":"Extra-pulmonary"},{"code":"SITE_BOTH","display":"Pulmonary and extra-pulmonary"}]}