{"resourceType":"CodeSystem","id":"tb-lab---sample-quality-cs","text":{"status":"generated","div":"<div xmlns=\"http://www.w3.org/1999/xhtml\"><p class=\"res-header-id\"><b>Generated Narrative: CodeSystem tb-lab---sample-quality-cs</b></p><a name=\"tb-lab---sample-quality-cs\"> </a><a name=\"hctb-lab---sample-quality-cs\"> </a><a name=\"tb-lab---sample-quality-cs-en-US\"> </a><p>This  code system <code>http://example.org/CodeSystem/tb-lab---sample-quality-cs</code> defines the following codes:</p><table class=\"codes\"><tr><td style=\"white-space:nowrap\"><b>Code</b></td><td><b>Display</b></td></tr><tr><td style=\"white-space:nowrap\">GOOD<a name=\"tb-lab---sample-quality-cs-GOOD\"> </a></td><td>Good (accepted for processing)</td></tr><tr><td style=\"white-space:nowrap\">POOR<a name=\"tb-lab---sample-quality-cs-POOR\"> </a></td><td>Poor (rejected for processing)</td></tr></table></div>"},"url":"http://example.org/CodeSystem/tb-lab---sample-quality-cs","version":"0.1.0","name":"TBLABSampleQualityCS","title":"TB-LAB - Sample quality","status":"draft","date":"2024-12-17T21:51:05+00:00","publisher":"DHIS2","contact":[{"name":"DHIS2","telecom":[{"system":"url","value":"http://dhis2.org"}]}],"content":"complete","count":2,"concept":[{"code":"GOOD","display":"Good (accepted for processing)"},{"code":"POOR","display":"Poor (rejected for processing)"}]}