{"resourceType":"CodeSystem","id":"TBCSTreatmentHistoryCS","meta":{"profile":["http://hl7.org/fhir/uv/crmi/StructureDefinition/crmi-shareablecodesystem","http://hl7.org/fhir/uv/crmi/StructureDefinition/crmi-publishablecodesystem"]},"text":{"status":"generated","div":"<div xmlns=\"http://www.w3.org/1999/xhtml\"><p class=\"res-header-id\"><b>Generated Narrative: CodeSystem TBCSTreatmentHistoryCS</b></p><a name=\"TBCSTreatmentHistoryCS\"> </a><a name=\"hcTBCSTreatmentHistoryCS\"> </a><a name=\"TBCSTreatmentHistoryCS-en-US\"> </a><p>This case-sensitive code system <code>http://example.org/CodeSystem/TBCSTreatmentHistoryCS</code> defines the following codes:</p><table class=\"codes\"><tr><td style=\"white-space:nowrap\"><b>Code</b></td><td><b>Display</b></td></tr><tr><td style=\"white-space:nowrap\">HISTORY_NEW<a name=\"TBCSTreatmentHistoryCS-HISTORY_NEW\"> </a></td><td>New</td></tr><tr><td style=\"white-space:nowrap\">HISTORY_RELAPSE<a name=\"TBCSTreatmentHistoryCS-HISTORY_RELAPSE\"> </a></td><td>Relapse</td></tr><tr><td style=\"white-space:nowrap\">HISTORY_FAILED<a name=\"TBCSTreatmentHistoryCS-HISTORY_FAILED\"> </a></td><td>Treatment after failure</td></tr><tr><td style=\"white-space:nowrap\">HISTORY_LOST_TO_FOLLOWUP<a name=\"TBCSTreatmentHistoryCS-HISTORY_LOST_TO_FOLLOWUP\"> </a></td><td>Treatment after lost to follow-up</td></tr><tr><td style=\"white-space:nowrap\">HISTORY_OTHER_PREV<a name=\"TBCSTreatmentHistoryCS-HISTORY_OTHER_PREV\"> </a></td><td>Other previously treated</td></tr><tr><td style=\"white-space:nowrap\">HISTORY_UNKNOWN<a name=\"TBCSTreatmentHistoryCS-HISTORY_UNKNOWN\"> </a></td><td>Unknown</td></tr></table></div>"},"url":"http://example.org/CodeSystem/TBCSTreatmentHistoryCS","version":"0.1.0","name":"TBCSTreatmentHistoryCS","title":"TB CS - Treatment history","status":"draft","experimental":true,"date":"2025-01-06T11:34:04+00:00","publisher":"DHIS2","contact":[{"name":"DHIS2","telecom":[{"system":"url","value":"http://dhis2.org"}]}],"caseSensitive":true,"content":"complete","count":6,"concept":[{"code":"HISTORY_NEW","display":"New"},{"code":"HISTORY_RELAPSE","display":"Relapse"},{"code":"HISTORY_FAILED","display":"Treatment after failure"},{"code":"HISTORY_LOST_TO_FOLLOWUP","display":"Treatment after lost to follow-up"},{"code":"HISTORY_OTHER_PREV","display":"Other previously treated"},{"code":"HISTORY_UNKNOWN","display":"Unknown"}]}