{"resourceType":"CodeSystem","id":"tb-lab---dst-result-cs","text":{"status":"generated","div":"<div xmlns=\"http://www.w3.org/1999/xhtml\"><p class=\"res-header-id\"><b>Generated Narrative: CodeSystem tb-lab---dst-result-cs</b></p><a name=\"tb-lab---dst-result-cs\"> </a><a name=\"hctb-lab---dst-result-cs\"> </a><a name=\"tb-lab---dst-result-cs-en-US\"> </a><p>This  code system <code>http://example.org/CodeSystem/tb-lab---dst-result-cs</code> defines the following codes:</p><table class=\"codes\"><tr><td style=\"white-space:nowrap\"><b>Code</b></td><td><b>Display</b></td></tr><tr><td style=\"white-space:nowrap\">SUSCEPTIBLE<a name=\"tb-lab---dst-result-cs-SUSCEPTIBLE\"> </a></td><td>Susceptible</td></tr><tr><td style=\"white-space:nowrap\">RESISTANT<a name=\"tb-lab---dst-result-cs-RESISTANT\"> </a></td><td>Resistant</td></tr><tr><td style=\"white-space:nowrap\">CONTAMINATED<a name=\"tb-lab---dst-result-cs-CONTAMINATED\"> </a></td><td>Contaminated</td></tr><tr><td style=\"white-space:nowrap\">INDETERMINATE<a name=\"tb-lab---dst-result-cs-INDETERMINATE\"> </a></td><td>Indeterminate</td></tr></table></div>"},"url":"http://example.org/CodeSystem/tb-lab---dst-result-cs","version":"0.1.0","name":"TBLABDSTResultCS","title":"TB-LAB - DST result","status":"draft","date":"2024-12-17T21:48:04+00:00","publisher":"DHIS2","contact":[{"name":"DHIS2","telecom":[{"system":"url","value":"http://dhis2.org"}]}],"content":"complete","count":4,"concept":[{"code":"SUSCEPTIBLE","display":"Susceptible"},{"code":"RESISTANT","display":"Resistant"},{"code":"CONTAMINATED","display":"Contaminated"},{"code":"INDETERMINATE","display":"Indeterminate"}]}