{"resourceType":"CodeSystem","id":"TBLABLPASpecimenCS","meta":{"profile":["http://hl7.org/fhir/uv/crmi/StructureDefinition/crmi-shareablecodesystem","http://hl7.org/fhir/uv/crmi/StructureDefinition/crmi-publishablecodesystem"]},"text":{"status":"generated","div":"<div xmlns=\"http://www.w3.org/1999/xhtml\"><p class=\"res-header-id\"><b>Generated Narrative: CodeSystem TBLABLPASpecimenCS</b></p><a name=\"TBLABLPASpecimenCS\"> </a><a name=\"hcTBLABLPASpecimenCS\"> </a><a name=\"TBLABLPASpecimenCS-en-US\"> </a><p>This case-sensitive code system <code>http://example.org/CodeSystem/TBLABLPASpecimenCS</code> defines the following codes:</p><table class=\"codes\"><tr><td style=\"white-space:nowrap\"><b>Code</b></td><td><b>Display</b></td></tr><tr><td style=\"white-space:nowrap\">SPUTUM_SAMPLES_OR_SEDIMENTS<a name=\"TBLABLPASpecimenCS-SPUTUM_SAMPLES_OR_SEDIMENTS\"> </a></td><td>Sputum samples or sediments</td></tr><tr><td style=\"white-space:nowrap\">MTB_CULTURE_ISOLATES<a name=\"TBLABLPASpecimenCS-MTB_CULTURE_ISOLATES\"> </a></td><td>MTB culture isolates</td></tr></table></div>"},"url":"http://example.org/CodeSystem/TBLABLPASpecimenCS","version":"0.1.0","name":"TBLABLPASpecimenCS","title":"TB-LAB - LPA specimen","status":"draft","experimental":true,"date":"2025-01-06T11:54:23+00:00","publisher":"DHIS2","contact":[{"name":"DHIS2","telecom":[{"system":"url","value":"http://dhis2.org"}]}],"caseSensitive":true,"content":"complete","count":2,"concept":[{"code":"SPUTUM_SAMPLES_OR_SEDIMENTS","display":"Sputum samples or sediments"},{"code":"MTB_CULTURE_ISOLATES","display":"MTB culture isolates"}]}