{"resourceType":"CodeSystem","id":"tb-cs---treatment-history-cs","text":{"status":"generated","div":"<div xmlns=\"http://www.w3.org/1999/xhtml\"><p class=\"res-header-id\"><b>Generated Narrative: CodeSystem tb-cs---treatment-history-cs</b></p><a name=\"tb-cs---treatment-history-cs\"> </a><a name=\"hctb-cs---treatment-history-cs\"> </a><a name=\"tb-cs---treatment-history-cs-en-US\"> </a><p>This  code system <code>http://example.org/CodeSystem/tb-cs---treatment-history-cs</code> defines the following codes:</p><table class=\"codes\"><tr><td style=\"white-space:nowrap\"><b>Code</b></td><td><b>Display</b></td></tr><tr><td style=\"white-space:nowrap\">HISTORY_NEW<a name=\"tb-cs---treatment-history-cs-HISTORY_NEW\"> </a></td><td>New</td></tr><tr><td style=\"white-space:nowrap\">HISTORY_RELAPSE<a name=\"tb-cs---treatment-history-cs-HISTORY_RELAPSE\"> </a></td><td>Relapse</td></tr><tr><td style=\"white-space:nowrap\">HISTORY_FAILED<a name=\"tb-cs---treatment-history-cs-HISTORY_FAILED\"> </a></td><td>Treatment after failure</td></tr><tr><td style=\"white-space:nowrap\">HISTORY_LOST_TO_FOLLOWUP<a name=\"tb-cs---treatment-history-cs-HISTORY_LOST_TO_FOLLOWUP\"> </a></td><td>Treatment after lost to follow-up</td></tr><tr><td style=\"white-space:nowrap\">HISTORY_OTHER_PREV<a name=\"tb-cs---treatment-history-cs-HISTORY_OTHER_PREV\"> </a></td><td>Other previously treated</td></tr><tr><td style=\"white-space:nowrap\">HISTORY_UNKNOWN<a name=\"tb-cs---treatment-history-cs-HISTORY_UNKNOWN\"> </a></td><td>Unknown</td></tr></table></div>"},"url":"http://example.org/CodeSystem/tb-cs---treatment-history-cs","version":"0.1.0","name":"TBCSTreatmentHistoryCS","title":"TB CS - Treatment history","status":"draft","date":"2024-12-18T18:58:42+00:00","publisher":"DHIS2","contact":[{"name":"DHIS2","telecom":[{"system":"url","value":"http://dhis2.org"}]}],"content":"complete","count":6,"concept":[{"code":"HISTORY_NEW","display":"New"},{"code":"HISTORY_RELAPSE","display":"Relapse"},{"code":"HISTORY_FAILED","display":"Treatment after failure"},{"code":"HISTORY_LOST_TO_FOLLOWUP","display":"Treatment after lost to follow-up"},{"code":"HISTORY_OTHER_PREV","display":"Other previously treated"},{"code":"HISTORY_UNKNOWN","display":"Unknown"}]}