{"resourceType":"CodeSystem","id":"TBLABSmearResultCS","meta":{"profile":["http://hl7.org/fhir/uv/crmi/StructureDefinition/crmi-shareablecodesystem","http://hl7.org/fhir/uv/crmi/StructureDefinition/crmi-publishablecodesystem"]},"text":{"status":"generated","div":"<div xmlns=\"http://www.w3.org/1999/xhtml\"><p class=\"res-header-id\"><b>Generated Narrative: CodeSystem TBLABSmearResultCS</b></p><a name=\"TBLABSmearResultCS\"> </a><a name=\"hcTBLABSmearResultCS\"> </a><a name=\"TBLABSmearResultCS-en-US\"> </a><p>This case-sensitive code system <code>http://example.org/CodeSystem/TBLABSmearResultCS</code> defines the following codes:</p><table class=\"codes\"><tr><td style=\"white-space:nowrap\"><b>Code</b></td><td><b>Display</b></td></tr><tr><td style=\"white-space:nowrap\">SCANTY<a name=\"TBLABSmearResultCS-SCANTY\"> </a></td><td>Positive (Scanty)</td></tr><tr><td style=\"white-space:nowrap\">1PLUS<a name=\"TBLABSmearResultCS-1PLUS\"> </a></td><td>Positive (+)</td></tr><tr><td style=\"white-space:nowrap\">2PLUS<a name=\"TBLABSmearResultCS-2PLUS\"> </a></td><td>Positive (++)</td></tr><tr><td style=\"white-space:nowrap\">3PLUS<a name=\"TBLABSmearResultCS-3PLUS\"> </a></td><td>Positive (+++)</td></tr><tr><td style=\"white-space:nowrap\">NEGATIVE<a name=\"TBLABSmearResultCS-NEGATIVE\"> </a></td><td>Negative</td></tr></table></div>"},"url":"http://example.org/CodeSystem/TBLABSmearResultCS","version":"0.1.0","name":"TBLABSmearResultCS","title":"TB-LAB - Smear result","status":"draft","experimental":true,"date":"2025-01-08T14:12:29+00:00","publisher":"DHIS2","contact":[{"name":"DHIS2","telecom":[{"system":"url","value":"http://dhis2.org"}]}],"description":"Code system for DHIS2 'Smear result' option set.","caseSensitive":true,"content":"complete","count":5,"concept":[{"code":"SCANTY","display":"Positive (Scanty)"},{"code":"1PLUS","display":"Positive (+)"},{"code":"2PLUS","display":"Positive (++)"},{"code":"3PLUS","display":"Positive (+++)"},{"code":"NEGATIVE","display":"Negative"}]}