{"resourceType":"ImplementationGuide","id":"tracker.tb.case.surveillance.ig","meta":{"profile":["http://hl7.org/fhir/uv/crmi/StructureDefinition/crmi-shareableimplementationguide","http://hl7.org/fhir/uv/crmi/StructureDefinition/crmi-publishableimplementationguide"]},"text":{"status":"generated","div":"<div xmlns=\"http://www.w3.org/1999/xhtml\"><p class=\"res-header-id\"><b>Generated Narrative: ImplementationGuide tracker.tb.case.surveillance.ig</b></p><a name=\"tracker.tb.case.surveillance.ig\"> </a><a name=\"hctracker.tb.case.surveillance.ig\"> </a><a name=\"tracker.tb.case.surveillance.ig-en-US\"> </a><h2>TrackerTBCaseSurveillanceImplementationGuide</h2><p>The official URL for this implementation guide is: </p><pre>http://example.org/ImplementationGuide/tracker.tb.case.surveillance.ig</pre><div><p>Reference IG for Tracker TB Case Surveillance.</p>\n</div></div>"},"url":"http://example.org/ImplementationGuide/tracker.tb.case.surveillance.ig","version":"0.1.0","name":"TrackerTBCaseSurveillanceImplementationGuide","title":"Tracker TB Case Surveillance Implementation Guide","status":"draft","experimental":true,"date":"2025-01-06T13:48:57+00:00","publisher":"DHIS2","contact":[{"name":"DHIS2","telecom":[{"system":"url","value":"http://dhis2.org"}]}],"description":"Reference IG for Tracker TB Case Surveillance.","packageId":"tracker.tb.case.surveillance.ig","license":"CC-BY-SA-3.0","fhirVersion":["4.0.1"],"dependsOn":[{"id":"hl7_terminology","uri":"http://terminology.hl7.org/ImplementationGuide/hl7.terminology","packageId":"hl7.terminology","version":"5.5.0"},{"id":"hl7_fhir_uv_extensions_r4","uri":"http://hl7.org/fhir/extensions/ImplementationGuide/hl7.fhir.uv.extensions","packageId":"hl7.fhir.uv.extensions.r4","version":"5.1.0"},{"id":"hl7_fhir_uv_crmi","uri":"http://hl7.org/fhir/uv/crmi/ImplementationGuide/hl7.fhir.uv.crmi","packageId":"hl7.fhir.uv.crmi","version":"1.0.0"},{"id":"hl7_fhir_uv_sdc","uri":"http://hl7.org/fhir/uv/sdc/ImplementationGuide/hl7.fhir.uv.sdc","packageId":"hl7.fhir.uv.sdc","version":"3.0.0"}],"definition":{"extension":[{"extension":[{"url":"code","valueString":"copyrightyear"},{"url":"value","valueString":"2024+"}],"url":"http://hl7.org/fhir/tools/StructureDefinition/ig-parameter"},{"extension":[{"url":"code","valueString":"releaselabel"},{"url":"value","valueString":"draft"}],"url":"http://hl7.org/fhir/tools/StructureDefinition/ig-parameter"},{"extension":[{"url":"code","valueString":"autoload-resources"},{"url":"value","valueString":"true"}],"url":"http://hl7.org/fhir/tools/StructureDefinition/ig-parameter"},{"extension":[{"url":"code","valueString":"path-liquid"},{"url":"value","valueString":"template/liquid"}],"url":"http://hl7.org/fhir/tools/StructureDefinition/ig-parameter"},{"extension":[{"url":"code","valueString":"path-liquid"},{"url":"value","valueString":"input/liquid"}],"url":"http://hl7.org/fhir/tools/StructureDefinition/ig-parameter"},{"extension":[{"url":"code","valueString":"path-qa"},{"url":"value","valueString":"temp/qa"}],"url":"http://hl7.org/fhir/tools/StructureDefinition/ig-parameter"},{"extension":[{"url":"code","valueString":"path-temp"},{"url":"value","valueString":"temp/pages"}],"url":"http://hl7.org/fhir/tools/StructureDefinition/ig-parameter"},{"extension":[{"url":"code","valueString":"path-output"},{"url":"value","valueString":"output"}],"url":"http://hl7.org/fhir/tools/StructureDefinition/ig-parameter"},{"extension":[{"url":"code","valueString":"path-suppressed-warnings"},{"url":"value","valueString":"input/ignoreWarnings.txt"}],"url":"http://hl7.org/fhir/tools/StructureDefinition/ig-parameter"},{"extension":[{"url":"code","valueString":"path-history"},{"url":"value","valueString":"http://example.org/history.html"}],"url":"http://hl7.org/fhir/tools/StructureDefinition/ig-parameter"},{"extension":[{"url":"code","valueString":"template-html"},{"url":"value","valueString":"template-page.html"}],"url":"http://hl7.org/fhir/tools/StructureDefinition/ig-parameter"},{"extension":[{"url":"code","valueString":"template-md"},{"url":"value","valueString":"template-page-md.html"}],"url":"http://hl7.org/fhir/tools/StructureDefinition/ig-parameter"},{"extension":[{"url":"code","valueString":"apply-contact"},{"url":"value","valueString":"true"}],"url":"http://hl7.org/fhir/tools/StructureDefinition/ig-parameter"},{"extension":[{"url":"code","valueString":"apply-context"},{"url":"value","valueString":"true"}],"url":"http://hl7.org/fhir/tools/StructureDefinition/ig-parameter"},{"extension":[{"url":"code","valueString":"apply-copyright"},{"url":"value","valueString":"true"}],"url":"http://hl7.org/fhir/tools/StructureDefinition/ig-parameter"},{"extension":[{"url":"code","valueString":"apply-jurisdiction"},{"url":"value","valueString":"true"}],"url":"http://hl7.org/fhir/tools/StructureDefinition/ig-parameter"},{"extension":[{"url":"code","valueString":"apply-license"},{"url":"value","valueString":"true"}],"url":"http://hl7.org/fhir/tools/StructureDefinition/ig-parameter"},{"extension":[{"url":"code","valueString":"apply-publisher"},{"url":"value","valueString":"true"}],"url":"http://hl7.org/fhir/tools/StructureDefinition/ig-parameter"},{"extension":[{"url":"code","valueString":"apply-version"},{"url":"value","valueString":"true"}],"url":"http://hl7.org/fhir/tools/StructureDefinition/ig-parameter"},{"extension":[{"url":"code","valueString":"apply-wg"},{"url":"value","valueString":"true"}],"url":"http://hl7.org/fhir/tools/StructureDefinition/ig-parameter"},{"extension":[{"url":"code","valueString":"active-tables"},{"url":"value","valueString":"true"}],"url":"http://hl7.org/fhir/tools/StructureDefinition/ig-parameter"},{"extension":[{"url":"code","valueString":"fmm-definition"},{"url":"value","valueString":"http://hl7.org/fhir/versions.html#maturity"}],"url":"http://hl7.org/fhir/tools/StructureDefinition/ig-parameter"},{"extension":[{"url":"code","valueString":"propagate-status"},{"url":"value","valueString":"true"}],"url":"http://hl7.org/fhir/tools/StructureDefinition/ig-parameter"},{"extension":[{"url":"code","valueString":"excludelogbinaryformat"},{"url":"value","valueString":"true"}],"url":"http://hl7.org/fhir/tools/StructureDefinition/ig-parameter"},{"extension":[{"url":"code","valueString":"tabbed-snapshots"},{"url":"value","valueString":"true"}],"url":"http://hl7.org/fhir/tools/StructureDefinition/ig-parameter"},{"url":"http://hl7.org/fhir/tools/StructureDefinition/ig-internal-dependency","valueCode":"hl7.fhir.uv.tools.r4#0.3.0"},{"extension":[{"url":"code","valueCode":"copyrightyear"},{"url":"value","valueString":"2024+"}],"url":"http://hl7.org/fhir/tools/StructureDefinition/ig-parameter"},{"extension":[{"url":"code","valueCode":"releaselabel"},{"url":"value","valueString":"draft"}],"url":"http://hl7.org/fhir/tools/StructureDefinition/ig-parameter"},{"extension":[{"url":"code","valueCode":"autoload-resources"},{"url":"value","valueString":"true"}],"url":"http://hl7.org/fhir/tools/StructureDefinition/ig-parameter"},{"extension":[{"url":"code","valueCode":"path-liquid"},{"url":"value","valueString":"template/liquid"}],"url":"http://hl7.org/fhir/tools/StructureDefinition/ig-parameter"},{"extension":[{"url":"code","valueCode":"path-liquid"},{"url":"value","valueString":"input/liquid"}],"url":"http://hl7.org/fhir/tools/StructureDefinition/ig-parameter"},{"extension":[{"url":"code","valueCode":"path-qa"},{"url":"value","valueString":"temp/qa"}],"url":"http://hl7.org/fhir/tools/StructureDefinition/ig-parameter"},{"extension":[{"url":"code","valueCode":"path-temp"},{"url":"value","valueString":"temp/pages"}],"url":"http://hl7.org/fhir/tools/StructureDefinition/ig-parameter"},{"extension":[{"url":"code","valueCode":"path-output"},{"url":"value","valueString":"output"}],"url":"http://hl7.org/fhir/tools/StructureDefinition/ig-parameter"},{"extension":[{"url":"code","valueCode":"path-suppressed-warnings"},{"url":"value","valueString":"input/ignoreWarnings.txt"}],"url":"http://hl7.org/fhir/tools/StructureDefinition/ig-parameter"},{"extension":[{"url":"code","valueCode":"path-history"},{"url":"value","valueString":"http://example.org/history.html"}],"url":"http://hl7.org/fhir/tools/StructureDefinition/ig-parameter"},{"extension":[{"url":"code","valueCode":"template-html"},{"url":"value","valueString":"template-page.html"}],"url":"http://hl7.org/fhir/tools/StructureDefinition/ig-parameter"},{"extension":[{"url":"code","valueCode":"template-md"},{"url":"value","valueString":"template-page-md.html"}],"url":"http://hl7.org/fhir/tools/StructureDefinition/ig-parameter"},{"extension":[{"url":"code","valueCode":"apply-contact"},{"url":"value","valueString":"true"}],"url":"http://hl7.org/fhir/tools/StructureDefinition/ig-parameter"},{"extension":[{"url":"code","valueCode":"apply-context"},{"url":"value","valueString":"true"}],"url":"http://hl7.org/fhir/tools/StructureDefinition/ig-parameter"},{"extension":[{"url":"code","valueCode":"apply-copyright"},{"url":"value","valueString":"true"}],"url":"http://hl7.org/fhir/tools/StructureDefinition/ig-parameter"},{"extension":[{"url":"code","valueCode":"apply-jurisdiction"},{"url":"value","valueString":"true"}],"url":"http://hl7.org/fhir/tools/StructureDefinition/ig-parameter"},{"extension":[{"url":"code","valueCode":"apply-license"},{"url":"value","valueString":"true"}],"url":"http://hl7.org/fhir/tools/StructureDefinition/ig-parameter"},{"extension":[{"url":"code","valueCode":"apply-publisher"},{"url":"value","valueString":"true"}],"url":"http://hl7.org/fhir/tools/StructureDefinition/ig-parameter"},{"extension":[{"url":"code","valueCode":"apply-version"},{"url":"value","valueString":"true"}],"url":"http://hl7.org/fhir/tools/StructureDefinition/ig-parameter"},{"extension":[{"url":"code","valueCode":"apply-wg"},{"url":"value","valueString":"true"}],"url":"http://hl7.org/fhir/tools/StructureDefinition/ig-parameter"},{"extension":[{"url":"code","valueCode":"active-tables"},{"url":"value","valueString":"true"}],"url":"http://hl7.org/fhir/tools/StructureDefinition/ig-parameter"},{"extension":[{"url":"code","valueCode":"fmm-definition"},{"url":"value","valueString":"http://hl7.org/fhir/versions.html#maturity"}],"url":"http://hl7.org/fhir/tools/StructureDefinition/ig-parameter"},{"extension":[{"url":"code","valueCode":"propagate-status"},{"url":"value","valueString":"true"}],"url":"http://hl7.org/fhir/tools/StructureDefinition/ig-parameter"},{"extension":[{"url":"code","valueCode":"excludelogbinaryformat"},{"url":"value","valueString":"true"}],"url":"http://hl7.org/fhir/tools/StructureDefinition/ig-parameter"},{"extension":[{"url":"code","valueCode":"tabbed-snapshots"},{"url":"value","valueString":"true"}],"url":"http://hl7.org/fhir/tools/StructureDefinition/ig-parameter"},{"extension":[{"url":"code","valueCode":"copyrightyear"},{"url":"value","valueString":"2024+"}],"url":"http://hl7.org/fhir/tools/StructureDefinition/ig-parameter"},{"extension":[{"url":"code","valueCode":"releaselabel"},{"url":"value","valueString":"draft"}],"url":"http://hl7.org/fhir/tools/StructureDefinition/ig-parameter"},{"extension":[{"url":"code","valueCode":"autoload-resources"},{"url":"value","valueString":"true"}],"url":"http://hl7.org/fhir/tools/StructureDefinition/ig-parameter"},{"extension":[{"url":"code","valueCode":"path-liquid"},{"url":"value","valueString":"template/liquid"}],"url":"http://hl7.org/fhir/tools/StructureDefinition/ig-parameter"},{"extension":[{"url":"code","valueCode":"path-liquid"},{"url":"value","valueString":"input/liquid"}],"url":"http://hl7.org/fhir/tools/StructureDefinition/ig-parameter"},{"extension":[{"url":"code","valueCode":"path-qa"},{"url":"value","valueString":"temp/qa"}],"url":"http://hl7.org/fhir/tools/StructureDefinition/ig-parameter"},{"extension":[{"url":"code","valueCode":"path-temp"},{"url":"value","valueString":"temp/pages"}],"url":"http://hl7.org/fhir/tools/StructureDefinition/ig-parameter"},{"extension":[{"url":"code","valueCode":"path-output"},{"url":"value","valueString":"output"}],"url":"http://hl7.org/fhir/tools/StructureDefinition/ig-parameter"},{"extension":[{"url":"code","valueCode":"path-suppressed-warnings"},{"url":"value","valueString":"input/ignoreWarnings.txt"}],"url":"http://hl7.org/fhir/tools/StructureDefinition/ig-parameter"},{"extension":[{"url":"code","valueCode":"path-history"},{"url":"value","valueString":"http://example.org/history.html"}],"url":"http://hl7.org/fhir/tools/StructureDefinition/ig-parameter"},{"extension":[{"url":"code","valueCode":"template-html"},{"url":"value","valueString":"template-page.html"}],"url":"http://hl7.org/fhir/tools/StructureDefinition/ig-parameter"},{"extension":[{"url":"code","valueCode":"template-md"},{"url":"value","valueString":"template-page-md.html"}],"url":"http://hl7.org/fhir/tools/StructureDefinition/ig-parameter"},{"extension":[{"url":"code","valueCode":"apply-contact"},{"url":"value","valueString":"true"}],"url":"http://hl7.org/fhir/tools/StructureDefinition/ig-parameter"},{"extension":[{"url":"code","valueCode":"apply-context"},{"url":"value","valueString":"true"}],"url":"http://hl7.org/fhir/tools/StructureDefinition/ig-parameter"},{"extension":[{"url":"code","valueCode":"apply-copyright"},{"url":"value","valueString":"true"}],"url":"http://hl7.org/fhir/tools/StructureDefinition/ig-parameter"},{"extension":[{"url":"code","valueCode":"apply-jurisdiction"},{"url":"value","valueString":"true"}],"url":"http://hl7.org/fhir/tools/StructureDefinition/ig-parameter"},{"extension":[{"url":"code","valueCode":"apply-license"},{"url":"value","valueString":"true"}],"url":"http://hl7.org/fhir/tools/StructureDefinition/ig-parameter"},{"extension":[{"url":"code","valueCode":"apply-publisher"},{"url":"value","valueString":"true"}],"url":"http://hl7.org/fhir/tools/StructureDefinition/ig-parameter"},{"extension":[{"url":"code","valueCode":"apply-version"},{"url":"value","valueString":"true"}],"url":"http://hl7.org/fhir/tools/StructureDefinition/ig-parameter"},{"extension":[{"url":"code","valueCode":"apply-wg"},{"url":"value","valueString":"true"}],"url":"http://hl7.org/fhir/tools/StructureDefinition/ig-parameter"},{"extension":[{"url":"code","valueCode":"active-tables"},{"url":"value","valueString":"true"}],"url":"http://hl7.org/fhir/tools/StructureDefinition/ig-parameter"},{"extension":[{"url":"code","valueCode":"fmm-definition"},{"url":"value","valueString":"http://hl7.org/fhir/versions.html#maturity"}],"url":"http://hl7.org/fhir/tools/StructureDefinition/ig-parameter"},{"extension":[{"url":"code","valueCode":"propagate-status"},{"url":"value","valueString":"true"}],"url":"http://hl7.org/fhir/tools/StructureDefinition/ig-parameter"},{"extension":[{"url":"code","valueCode":"excludelogbinaryformat"},{"url":"value","valueString":"true"}],"url":"http://hl7.org/fhir/tools/StructureDefinition/ig-parameter"},{"extension":[{"url":"code","valueCode":"tabbed-snapshots"},{"url":"value","valueString":"true"}],"url":"http://hl7.org/fhir/tools/StructureDefinition/ig-parameter"}],"grouping":[{"id":"-str-logicalmodel","name":"Structures: Logical Models","description":"These define data models that represent the domain covered by this implementation guide in more business-friendly terms than the underlying FHIR resources."},{"id":"-str-questionnaire","name":"Structures: Questionnaires","description":"These define forms used by systems conforming to this implementation guide to capture or expose data to end users."},{"id":"-term-valueset","name":"Terminology: Value Sets","description":"These define sets of codes used by systems conforming to this implementation guide."},{"id":"-term-codesystem","name":"Terminology: Code Systems","description":"These define new code systems used by systems conforming to this implementation guide."}],"resource":[{"extension":[{"url":"http://hl7.org/fhir/tools/StructureDefinition/resource-sort","valueInteger":999999999},{"url":"http://hl7.org/fhir/StructureDefinition/implementationguide-page","valueUri":"StructureDefinition-DiagnosisAndNotification.html"}],"reference":{"reference":"StructureDefinition/DiagnosisAndNotification"},"name":"Diagnosis and notification","description":"Represents the collection of baseline patient data, risk factors, and the diagnostic decision, including notifications of confirmed or ruled-out cases.","exampleBoolean":false,"groupingId":"-str-logicalmodel"},{"extension":[{"url":"http://hl7.org/fhir/tools/StructureDefinition/resource-sort","valueInteger":999999999},{"url":"http://hl7.org/fhir/StructureDefinition/implementationguide-page","valueUri":"StructureDefinition-DiagnosticLaboratoryResults.html"}],"reference":{"reference":"StructureDefinition/DiagnosticLaboratoryResults"},"name":"Diagnostic laboratory results","description":"Captures diagnostic test results along with sample information to determine TB infection status.","exampleBoolean":false,"groupingId":"-str-logicalmodel"},{"extension":[{"url":"http://hl7.org/fhir/tools/StructureDefinition/resource-sort","valueInteger":999999999},{"url":"http://hl7.org/fhir/StructureDefinition/implementationguide-page","valueUri":"StructureDefinition-MonitoringLaboratoryResults.html"}],"reference":{"reference":"StructureDefinition/MonitoringLaboratoryResults"},"name":"Monitoring laboratory results","description":"Captures laboratory test results for monitoring treatment progress, including sputum microscopy and culture tests for drug-resistant TB cases.","exampleBoolean":false,"groupingId":"-str-logicalmodel"},{"extension":[{"url":"http://hl7.org/fhir/tools/StructureDefinition/resource-sort","valueInteger":999999999},{"url":"http://hl7.org/fhir/StructureDefinition/implementationguide-page","valueUri":"StructureDefinition-Outcome.html"}],"reference":{"reference":"StructureDefinition/Outcome"},"name":"Outcome","description":"Represents the final outcome of the TB case, including case closure, treatment success, or necessary corrections.","exampleBoolean":false,"groupingId":"-str-logicalmodel"},{"extension":[{"url":"http://hl7.org/fhir/tools/StructureDefinition/resource-sort","valueInteger":999999999},{"url":"http://hl7.org/fhir/StructureDefinition/implementationguide-page","valueUri":"StructureDefinition-TBCaseSurveillance.html"}],"reference":{"reference":"StructureDefinition/TBCaseSurveillance"},"name":"TB Case Surveillance","description":"Represents the overall structure of the program and the initial capture of patient demographcis and key identifiers.","exampleBoolean":false,"groupingId":"-str-logicalmodel"},{"extension":[{"url":"http://hl7.org/fhir/tools/StructureDefinition/resource-sort","valueInteger":999999999},{"url":"http://hl7.org/fhir/StructureDefinition/implementationguide-page","valueUri":"StructureDefinition-TBTreatment.html"}],"reference":{"reference":"StructureDefinition/TBTreatment"},"name":"TB Treatment","description":"Tracks the patient’s treatment regimen, including details of medication, dosages, and any updates to the treatment plan.","exampleBoolean":false,"groupingId":"-str-logicalmodel"},{"extension":[{"url":"http://hl7.org/fhir/tools/StructureDefinition/resource-sort","valueInteger":999999999},{"url":"http://hl7.org/fhir/StructureDefinition/implementationguide-page","valueUri":"Questionnaire-DiagnosisAndNotificationQuestionnaire.html"},{"extension":[{"url":"type","valueCode":"ValueSet"},{"url":"id","valueId":"GENYesNoUnknownVS"},{"url":"title","valueString":"ValueSet"},{"url":"description","valueString":"Value set for DHIS2 'Yes/No/Unknown' option set."}],"url":"http://hl7.org/fhir/tools/StructureDefinition/contained-resource-information"},{"extension":[{"url":"type","valueCode":"ValueSet"},{"url":"id","valueId":"TBCSTreatmentHistoryVS"},{"url":"title","valueString":"ValueSet"},{"url":"description","valueString":"Value set for DHIS2 'Treatment history' option set."}],"url":"http://hl7.org/fhir/tools/StructureDefinition/contained-resource-information"},{"extension":[{"url":"type","valueCode":"ValueSet"},{"url":"id","valueId":"TBCSConfirmationMethodVS"},{"url":"title","valueString":"ValueSet"},{"url":"description","valueString":"Value set for DHIS2 'Confirmation method' option set."}],"url":"http://hl7.org/fhir/tools/StructureDefinition/contained-resource-information"},{"extension":[{"url":"type","valueCode":"ValueSet"},{"url":"id","valueId":"TBCSSiteOfDiseaseVS"},{"url":"title","valueString":"ValueSet"},{"url":"description","valueString":"Value set for DHIS2 'Site of disease' option set."}],"url":"http://hl7.org/fhir/tools/StructureDefinition/contained-resource-information"}],"reference":{"reference":"Questionnaire/DiagnosisAndNotificationQuestionnaire"},"name":"Diagnosis and Notification Questionnaire","description":"Represents the collection of baseline patient data, risk factors, and the diagnostic decision, including notifications of confirmed or ruled-out cases.","exampleBoolean":false,"groupingId":"-str-questionnaire"},{"extension":[{"url":"http://hl7.org/fhir/tools/StructureDefinition/resource-sort","valueInteger":999999999},{"url":"http://hl7.org/fhir/StructureDefinition/implementationguide-page","valueUri":"Questionnaire-DiagnosticLaboratoryResultsQuestionnaire.html"},{"extension":[{"url":"type","valueCode":"ValueSet"},{"url":"id","valueId":"TBLABDSTResultVS"},{"url":"title","valueString":"ValueSet"},{"url":"description","valueString":"Value set for DHIS2 'DST result' option set."}],"url":"http://hl7.org/fhir/tools/StructureDefinition/contained-resource-information"},{"extension":[{"url":"type","valueCode":"ValueSet"},{"url":"id","valueId":"SusceptibleResistantIndeterminateVS"},{"url":"title","valueString":"ValueSet"},{"url":"description","valueString":"Value set for DHIS2 'Susceptible/Resistant/Indeterminate' option set."}],"url":"http://hl7.org/fhir/tools/StructureDefinition/contained-resource-information"},{"extension":[{"url":"type","valueCode":"ValueSet"},{"url":"id","valueId":"TBLABMTBTestResultVS"},{"url":"title","valueString":"ValueSet"},{"url":"description","valueString":"Value set for DHIS2 'MTB test result' option set."}],"url":"http://hl7.org/fhir/tools/StructureDefinition/contained-resource-information"},{"extension":[{"url":"type","valueCode":"ValueSet"},{"url":"id","valueId":"TBLABFinalCultureResultVS"},{"url":"title","valueString":"ValueSet"},{"url":"description","valueString":"Value set for DHIS2 'Final culture result' option set."}],"url":"http://hl7.org/fhir/tools/StructureDefinition/contained-resource-information"},{"extension":[{"url":"type","valueCode":"ValueSet"},{"url":"id","valueId":"TBLABSmearResultVS"},{"url":"title","valueString":"ValueSet"},{"url":"description","valueString":"Value set for DHIS2 'Smear result' option set."}],"url":"http://hl7.org/fhir/tools/StructureDefinition/contained-resource-information"},{"extension":[{"url":"type","valueCode":"ValueSet"},{"url":"id","valueId":"TBLABSampleQualityVS"},{"url":"title","valueString":"ValueSet"},{"url":"description","valueString":"Value set for DHIS2 'Sample quality' option set."}],"url":"http://hl7.org/fhir/tools/StructureDefinition/contained-resource-information"},{"extension":[{"url":"type","valueCode":"ValueSet"},{"url":"id","valueId":"TBLABLPASpecimenVS"},{"url":"title","valueString":"ValueSet"},{"url":"description","valueString":"Value set for DHIS2 'LPA specimen' option set."}],"url":"http://hl7.org/fhir/tools/StructureDefinition/contained-resource-information"},{"extension":[{"url":"type","valueCode":"ValueSet"},{"url":"id","valueId":"TBLABSampleStatusVS"},{"url":"title","valueString":"ValueSet"},{"url":"description","valueString":"Value set for DHIS2 'Sample status' option set."}],"url":"http://hl7.org/fhir/tools/StructureDefinition/contained-resource-information"}],"reference":{"reference":"Questionnaire/DiagnosticLaboratoryResultsQuestionnaire"},"name":"Diagnostic Laboratory Results Questionnaire","description":"A questionnaire for capturing diagnostic test results and sample information to determine TB infection status.","exampleBoolean":false,"groupingId":"-str-questionnaire"},{"extension":[{"url":"http://hl7.org/fhir/tools/StructureDefinition/resource-sort","valueInteger":999999999},{"url":"http://hl7.org/fhir/StructureDefinition/implementationguide-page","valueUri":"Questionnaire-MonitoringLaboratoryResultsQuestionnaire.html"},{"extension":[{"url":"type","valueCode":"ValueSet"},{"url":"id","valueId":"TBLABFinalCultureResultVS"},{"url":"title","valueString":"ValueSet"},{"url":"description","valueString":"Value set for DHIS2 'Final culture result' option set."}],"url":"http://hl7.org/fhir/tools/StructureDefinition/contained-resource-information"},{"extension":[{"url":"type","valueCode":"ValueSet"},{"url":"id","valueId":"TBLABSmearResultVS"},{"url":"title","valueString":"ValueSet"},{"url":"description","valueString":"Value set for DHIS2 'Smear result' option set."}],"url":"http://hl7.org/fhir/tools/StructureDefinition/contained-resource-information"},{"extension":[{"url":"type","valueCode":"ValueSet"},{"url":"id","valueId":"TBLABSampleQualityVS"},{"url":"title","valueString":"ValueSet"},{"url":"description","valueString":"Value set for DHIS2 'Sample quality' option set."}],"url":"http://hl7.org/fhir/tools/StructureDefinition/contained-resource-information"},{"extension":[{"url":"type","valueCode":"ValueSet"},{"url":"id","valueId":"TBLABSampleStatusVS"},{"url":"title","valueString":"ValueSet"},{"url":"description","valueString":"Value set for DHIS2 'Sample status' option set."}],"url":"http://hl7.org/fhir/tools/StructureDefinition/contained-resource-information"}],"reference":{"reference":"Questionnaire/MonitoringLaboratoryResultsQuestionnaire"},"name":"Monitoring Laboratory Results Questionnaire","description":"A questionnaire for capturing laboratory test results to monitor treatment progress, including sputum microscopy and culture tests for drug-resistant TB cases.","exampleBoolean":false,"groupingId":"-str-questionnaire"},{"extension":[{"url":"http://hl7.org/fhir/tools/StructureDefinition/resource-sort","valueInteger":999999999},{"url":"http://hl7.org/fhir/StructureDefinition/implementationguide-page","valueUri":"Questionnaire-TBCaseSurveillanceQuestionnaire.html"},{"extension":[{"url":"type","valueCode":"ValueSet"},{"url":"id","valueId":"RRTGENSexVS"},{"url":"title","valueString":"ValueSet"},{"url":"description","valueString":"Value set for DHIS2 'Sex' option set."}],"url":"http://hl7.org/fhir/tools/StructureDefinition/contained-resource-information"},{"extension":[{"url":"type","valueCode":"ValueSet"},{"url":"id","valueId":"GENYesNoUnknownVS"},{"url":"title","valueString":"ValueSet"},{"url":"description","valueString":"Value set for DHIS2 'Yes/No/Unknown' option set."}],"url":"http://hl7.org/fhir/tools/StructureDefinition/contained-resource-information"}],"reference":{"reference":"Questionnaire/TBCaseSurveillanceQuestionnaire"},"name":"TB Case Surveillance Questionnaire","description":"A questionnaire for TB Case Surveillance capturing patient demographics and program-specific information.","exampleBoolean":false,"groupingId":"-str-questionnaire"},{"extension":[{"url":"http://hl7.org/fhir/tools/StructureDefinition/resource-sort","valueInteger":999999999},{"url":"http://hl7.org/fhir/StructureDefinition/implementationguide-page","valueUri":"Questionnaire-TBOutcomeQuestionnaire.html"},{"extension":[{"url":"type","valueCode":"ValueSet"},{"url":"id","valueId":"TBCSTreatmentOutcomeVS"},{"url":"title","valueString":"ValueSet"},{"url":"description","valueString":"Value set for DHIS2 'Treatment outcome' option set."}],"url":"http://hl7.org/fhir/tools/StructureDefinition/contained-resource-information"},{"extension":[{"url":"type","valueCode":"ValueSet"},{"url":"id","valueId":"TBCSDenotificationReasonsVS"},{"url":"title","valueString":"ValueSet"},{"url":"description","valueString":"Value set for DHIS2 'Denotification reasons' option set."}],"url":"http://hl7.org/fhir/tools/StructureDefinition/contained-resource-information"}],"reference":{"reference":"Questionnaire/TBOutcomeQuestionnaire"},"name":"TB Outcome Questionnaire","description":"A questionnaire for capturing the final outcome of the TB case, including case closure, treatment success, or necessary corrections.","exampleBoolean":false,"groupingId":"-str-questionnaire"},{"extension":[{"url":"http://hl7.org/fhir/tools/StructureDefinition/resource-sort","valueInteger":999999999},{"url":"http://hl7.org/fhir/StructureDefinition/implementationguide-page","valueUri":"Questionnaire-TBTreatmentQuestionnaire.html"},{"extension":[{"url":"type","valueCode":"ValueSet"},{"url":"id","valueId":"TBCSTreatmentCategoryVS"},{"url":"title","valueString":"ValueSet"},{"url":"description","valueString":"Value set for DHIS2 'Treatment category' option set."}],"url":"http://hl7.org/fhir/tools/StructureDefinition/contained-resource-information"},{"extension":[{"url":"type","valueCode":"ValueSet"},{"url":"id","valueId":"TBCSResistanceClassificationVS"},{"url":"title","valueString":"ValueSet"},{"url":"description","valueString":"Value set for DHIS2 'Resistance Classification' option set."}],"url":"http://hl7.org/fhir/tools/StructureDefinition/contained-resource-information"}],"reference":{"reference":"Questionnaire/TBTreatmentQuestionnaire"},"name":"TB Treatment Questionnaire","description":"A questionnaire for capturing details of the patient’s treatment regimen, including medications, dosages, and updates to the treatment plan.","exampleBoolean":false,"groupingId":"-str-questionnaire"},{"extension":[{"url":"http://hl7.org/fhir/tools/StructureDefinition/resource-sort","valueInteger":999999999},{"url":"http://hl7.org/fhir/StructureDefinition/implementationguide-page","valueUri":"ValueSet-GENYesNoUnknownVS.html"}],"reference":{"reference":"ValueSet/GENYesNoUnknownVS"},"name":"GEN - Yes/No/Unknown value set","description":"Value set for DHIS2 'Yes/No/Unknown' option set.","exampleBoolean":false,"groupingId":"-term-valueset"},{"extension":[{"url":"http://hl7.org/fhir/tools/StructureDefinition/resource-sort","valueInteger":999999999},{"url":"http://hl7.org/fhir/StructureDefinition/implementationguide-page","valueUri":"ValueSet-RRTGENSexVS.html"}],"reference":{"reference":"ValueSet/RRTGENSexVS"},"name":"RRT - GEN - Sex value set","description":"Value set for DHIS2 'Sex' option set.","exampleBoolean":false,"groupingId":"-term-valueset"},{"extension":[{"url":"http://hl7.org/fhir/tools/StructureDefinition/resource-sort","valueInteger":999999999},{"url":"http://hl7.org/fhir/StructureDefinition/implementationguide-page","valueUri":"ValueSet-SusceptibleResistantIndeterminateVS.html"}],"reference":{"reference":"ValueSet/SusceptibleResistantIndeterminateVS"},"name":"Susceptible/Resistant/Indeterminate value set","description":"Value set for DHIS2 'Susceptible/Resistant/Indeterminate' option set.","exampleBoolean":false,"groupingId":"-term-valueset"},{"extension":[{"url":"http://hl7.org/fhir/tools/StructureDefinition/resource-sort","valueInteger":999999999},{"url":"http://hl7.org/fhir/StructureDefinition/implementationguide-page","valueUri":"ValueSet-TBCSConfirmationMethodVS.html"}],"reference":{"reference":"ValueSet/TBCSConfirmationMethodVS"},"name":"TB CS - Confirmation method value set","description":"Value set for DHIS2 'Confirmation method' option set.","exampleBoolean":false,"groupingId":"-term-valueset"},{"extension":[{"url":"http://hl7.org/fhir/tools/StructureDefinition/resource-sort","valueInteger":999999999},{"url":"http://hl7.org/fhir/StructureDefinition/implementationguide-page","valueUri":"ValueSet-TBCSDenotificationReasonsVS.html"}],"reference":{"reference":"ValueSet/TBCSDenotificationReasonsVS"},"name":"TB CS - Denotification reasons value set","description":"Value set for DHIS2 'Denotification reasons' option set.","exampleBoolean":false,"groupingId":"-term-valueset"},{"extension":[{"url":"http://hl7.org/fhir/tools/StructureDefinition/resource-sort","valueInteger":999999999},{"url":"http://hl7.org/fhir/StructureDefinition/implementationguide-page","valueUri":"ValueSet-TBCSResistanceClassificationVS.html"}],"reference":{"reference":"ValueSet/TBCSResistanceClassificationVS"},"name":"TB CS - Resistance Classification value set","description":"Value set for DHIS2 'Resistance Classification' option set.","exampleBoolean":false,"groupingId":"-term-valueset"},{"extension":[{"url":"http://hl7.org/fhir/tools/StructureDefinition/resource-sort","valueInteger":999999999},{"url":"http://hl7.org/fhir/StructureDefinition/implementationguide-page","valueUri":"ValueSet-TBCSSiteOfDiseaseVS.html"}],"reference":{"reference":"ValueSet/TBCSSiteOfDiseaseVS"},"name":"TB CS - Site of disease value set","description":"Value set for DHIS2 'Site of disease' option set.","exampleBoolean":false,"groupingId":"-term-valueset"},{"extension":[{"url":"http://hl7.org/fhir/tools/StructureDefinition/resource-sort","valueInteger":999999999},{"url":"http://hl7.org/fhir/StructureDefinition/implementationguide-page","valueUri":"ValueSet-TBCSTreatmentCategoryVS.html"}],"reference":{"reference":"ValueSet/TBCSTreatmentCategoryVS"},"name":"TB CS - Treatment category value set","description":"Value set for DHIS2 'Treatment category' option set.","exampleBoolean":false,"groupingId":"-term-valueset"},{"extension":[{"url":"http://hl7.org/fhir/tools/StructureDefinition/resource-sort","valueInteger":999999999},{"url":"http://hl7.org/fhir/StructureDefinition/implementationguide-page","valueUri":"ValueSet-TBCSTreatmentHistoryVS.html"}],"reference":{"reference":"ValueSet/TBCSTreatmentHistoryVS"},"name":"TB CS - Treatment history value set","description":"Value set for DHIS2 'Treatment history' option set.","exampleBoolean":false,"groupingId":"-term-valueset"},{"extension":[{"url":"http://hl7.org/fhir/tools/StructureDefinition/resource-sort","valueInteger":999999999},{"url":"http://hl7.org/fhir/StructureDefinition/implementationguide-page","valueUri":"ValueSet-TBCSTreatmentOutcomeVS.html"}],"reference":{"reference":"ValueSet/TBCSTreatmentOutcomeVS"},"name":"TB CS - Treatment outcome value set","description":"Value set for DHIS2 'Treatment outcome' option set.","exampleBoolean":false,"groupingId":"-term-valueset"},{"extension":[{"url":"http://hl7.org/fhir/tools/StructureDefinition/resource-sort","valueInteger":999999999},{"url":"http://hl7.org/fhir/StructureDefinition/implementationguide-page","valueUri":"ValueSet-TBLABDSTResultVS.html"}],"reference":{"reference":"ValueSet/TBLABDSTResultVS"},"name":"TB-LAB - DST result value set","description":"Value set for DHIS2 'DST result' option set.","exampleBoolean":false,"groupingId":"-term-valueset"},{"extension":[{"url":"http://hl7.org/fhir/tools/StructureDefinition/resource-sort","valueInteger":999999999},{"url":"http://hl7.org/fhir/StructureDefinition/implementationguide-page","valueUri":"ValueSet-TBLABFinalCultureResultVS.html"}],"reference":{"reference":"ValueSet/TBLABFinalCultureResultVS"},"name":"TB-LAB - Final culture result value set","description":"Value set for DHIS2 'Final culture result' option set.","exampleBoolean":false,"groupingId":"-term-valueset"},{"extension":[{"url":"http://hl7.org/fhir/tools/StructureDefinition/resource-sort","valueInteger":999999999},{"url":"http://hl7.org/fhir/StructureDefinition/implementationguide-page","valueUri":"ValueSet-TBLABLPASpecimenVS.html"}],"reference":{"reference":"ValueSet/TBLABLPASpecimenVS"},"name":"TB-LAB - LPA specimen value set","description":"Value set for DHIS2 'LPA specimen' option set.","exampleBoolean":false,"groupingId":"-term-valueset"},{"extension":[{"url":"http://hl7.org/fhir/tools/StructureDefinition/resource-sort","valueInteger":999999999},{"url":"http://hl7.org/fhir/StructureDefinition/implementationguide-page","valueUri":"ValueSet-TBLABMTBTestResultVS.html"}],"reference":{"reference":"ValueSet/TBLABMTBTestResultVS"},"name":"TB-LAB - MTB test result value set","description":"Value set for DHIS2 'MTB test result' option set.","exampleBoolean":false,"groupingId":"-term-valueset"},{"extension":[{"url":"http://hl7.org/fhir/tools/StructureDefinition/resource-sort","valueInteger":999999999},{"url":"http://hl7.org/fhir/StructureDefinition/implementationguide-page","valueUri":"ValueSet-TBLABSampleQualityVS.html"}],"reference":{"reference":"ValueSet/TBLABSampleQualityVS"},"name":"TB-LAB - Sample quality value set","description":"Value set for DHIS2 'Sample quality' option set.","exampleBoolean":false,"groupingId":"-term-valueset"},{"extension":[{"url":"http://hl7.org/fhir/tools/StructureDefinition/resource-sort","valueInteger":999999999},{"url":"http://hl7.org/fhir/StructureDefinition/implementationguide-page","valueUri":"ValueSet-TBLABSampleStatusVS.html"}],"reference":{"reference":"ValueSet/TBLABSampleStatusVS"},"name":"TB-LAB - Sample status value set","description":"Value set for DHIS2 'Sample status' option set.","exampleBoolean":false,"groupingId":"-term-valueset"},{"extension":[{"url":"http://hl7.org/fhir/tools/StructureDefinition/resource-sort","valueInteger":999999999},{"url":"http://hl7.org/fhir/StructureDefinition/implementationguide-page","valueUri":"ValueSet-TBLABSmearResultVS.html"}],"reference":{"reference":"ValueSet/TBLABSmearResultVS"},"name":"TB-LAB - Smear result value set","description":"Value set for DHIS2 'Smear result' option set.","exampleBoolean":false,"groupingId":"-term-valueset"},{"extension":[{"url":"http://hl7.org/fhir/tools/StructureDefinition/resource-sort","valueInteger":999999999},{"url":"http://hl7.org/fhir/StructureDefinition/implementationguide-page","valueUri":"CodeSystem-GENYesNoUnknownCS.html"}],"reference":{"reference":"CodeSystem/GENYesNoUnknownCS"},"name":"GEN - Yes/No/Unknown","description":"Code system for 'Yes/No/Unknown' option set.","exampleBoolean":false,"groupingId":"-term-codesystem"},{"extension":[{"url":"http://hl7.org/fhir/tools/StructureDefinition/resource-sort","valueInteger":999999999},{"url":"http://hl7.org/fhir/StructureDefinition/implementationguide-page","valueUri":"CodeSystem-RRTGENSexCS.html"}],"reference":{"reference":"CodeSystem/RRTGENSexCS"},"name":"RRT - GEN - Sex","description":"Code system for DHIS2 'Sex' option set.","exampleBoolean":false,"groupingId":"-term-codesystem"},{"extension":[{"url":"http://hl7.org/fhir/tools/StructureDefinition/resource-sort","valueInteger":999999999},{"url":"http://hl7.org/fhir/StructureDefinition/implementationguide-page","valueUri":"CodeSystem-SusceptibleResistantIndeterminateCS.html"}],"reference":{"reference":"CodeSystem/SusceptibleResistantIndeterminateCS"},"name":"Susceptible/Resistant/Indeterminate","description":"Code system for DHIS2 'Susceptible/Resistant/Indeterminate' option set.","exampleBoolean":false,"groupingId":"-term-codesystem"},{"extension":[{"url":"http://hl7.org/fhir/tools/StructureDefinition/resource-sort","valueInteger":999999999},{"url":"http://hl7.org/fhir/StructureDefinition/implementationguide-page","valueUri":"CodeSystem-TBCSConfirmationMethodCS.html"}],"reference":{"reference":"CodeSystem/TBCSConfirmationMethodCS"},"name":"TB CS - Confirmation method","description":"Code system for DHIS2 'Confirmation method' option set.","exampleBoolean":false,"groupingId":"-term-codesystem"},{"extension":[{"url":"http://hl7.org/fhir/tools/StructureDefinition/resource-sort","valueInteger":999999999},{"url":"http://hl7.org/fhir/StructureDefinition/implementationguide-page","valueUri":"CodeSystem-TBCSDenotificationReasonsCS.html"}],"reference":{"reference":"CodeSystem/TBCSDenotificationReasonsCS"},"name":"TB CS - Denotification reasons","description":"Code system for DHIS2 'Denotification reasons' option set.","exampleBoolean":false,"groupingId":"-term-codesystem"},{"extension":[{"url":"http://hl7.org/fhir/tools/StructureDefinition/resource-sort","valueInteger":999999999},{"url":"http://hl7.org/fhir/StructureDefinition/implementationguide-page","valueUri":"CodeSystem-TBCSResistanceClassificationCS.html"}],"reference":{"reference":"CodeSystem/TBCSResistanceClassificationCS"},"name":"TB CS - Resistance Classification","description":"Code system for DHIS2 'Resistance Classification' option set.","exampleBoolean":false,"groupingId":"-term-codesystem"},{"extension":[{"url":"http://hl7.org/fhir/tools/StructureDefinition/resource-sort","valueInteger":999999999},{"url":"http://hl7.org/fhir/StructureDefinition/implementationguide-page","valueUri":"CodeSystem-TBCSSiteOfDiseaseCS.html"}],"reference":{"reference":"CodeSystem/TBCSSiteOfDiseaseCS"},"name":"TB CS - Site of disease","description":"Code system for DHIS2 'Site of disease' option set.","exampleBoolean":false,"groupingId":"-term-codesystem"},{"extension":[{"url":"http://hl7.org/fhir/tools/StructureDefinition/resource-sort","valueInteger":999999999},{"url":"http://hl7.org/fhir/StructureDefinition/implementationguide-page","valueUri":"CodeSystem-TBCSTreatmentCategoryCS.html"}],"reference":{"reference":"CodeSystem/TBCSTreatmentCategoryCS"},"name":"TB CS - Treatment category","description":"Code system for DHIS2 'Treatment category' option set.","exampleBoolean":false,"groupingId":"-term-codesystem"},{"extension":[{"url":"http://hl7.org/fhir/tools/StructureDefinition/resource-sort","valueInteger":999999999},{"url":"http://hl7.org/fhir/StructureDefinition/implementationguide-page","valueUri":"CodeSystem-TBCSTreatmentHistoryCS.html"}],"reference":{"reference":"CodeSystem/TBCSTreatmentHistoryCS"},"name":"TB CS - Treatment history","description":"Code system for DHIS2 'Treatment history' option set.","exampleBoolean":false,"groupingId":"-term-codesystem"},{"extension":[{"url":"http://hl7.org/fhir/tools/StructureDefinition/resource-sort","valueInteger":999999999},{"url":"http://hl7.org/fhir/StructureDefinition/implementationguide-page","valueUri":"CodeSystem-TBCSTreatmentOutcomeCS.html"}],"reference":{"reference":"CodeSystem/TBCSTreatmentOutcomeCS"},"name":"TB CS - Treatment outcome","description":"Code system for DHIS2 'Treatment outcome' option set.","exampleBoolean":false,"groupingId":"-term-codesystem"},{"extension":[{"url":"http://hl7.org/fhir/tools/StructureDefinition/resource-sort","valueInteger":999999999},{"url":"http://hl7.org/fhir/StructureDefinition/implementationguide-page","valueUri":"CodeSystem-TBLABDSTResultCS.html"}],"reference":{"reference":"CodeSystem/TBLABDSTResultCS"},"name":"TB-LAB - DST result","description":"Code system for DHIS2 'DST result' option set.","exampleBoolean":false,"groupingId":"-term-codesystem"},{"extension":[{"url":"http://hl7.org/fhir/tools/StructureDefinition/resource-sort","valueInteger":999999999},{"url":"http://hl7.org/fhir/StructureDefinition/implementationguide-page","valueUri":"CodeSystem-TBLABFinalCultureResultCS.html"}],"reference":{"reference":"CodeSystem/TBLABFinalCultureResultCS"},"name":"TB-LAB - Final culture result","description":"Code system for DHIS2 'Final culture result' option set.","exampleBoolean":false,"groupingId":"-term-codesystem"},{"extension":[{"url":"http://hl7.org/fhir/tools/StructureDefinition/resource-sort","valueInteger":999999999},{"url":"http://hl7.org/fhir/StructureDefinition/implementationguide-page","valueUri":"CodeSystem-TBLABLPASpecimenCS.html"}],"reference":{"reference":"CodeSystem/TBLABLPASpecimenCS"},"name":"TB-LAB - LPA specimen","description":"Code system for DHIS2 'LPA specimen' option set.","exampleBoolean":false,"groupingId":"-term-codesystem"},{"extension":[{"url":"http://hl7.org/fhir/tools/StructureDefinition/resource-sort","valueInteger":999999999},{"url":"http://hl7.org/fhir/StructureDefinition/implementationguide-page","valueUri":"CodeSystem-TBLABMTBTestResultCS.html"}],"reference":{"reference":"CodeSystem/TBLABMTBTestResultCS"},"name":"TB-LAB - MTB test result","description":"Code system for DHIS2 'MTB test result' option set.","exampleBoolean":false,"groupingId":"-term-codesystem"},{"extension":[{"url":"http://hl7.org/fhir/tools/StructureDefinition/resource-sort","valueInteger":999999999},{"url":"http://hl7.org/fhir/StructureDefinition/implementationguide-page","valueUri":"CodeSystem-TBLABSampleQualityCS.html"}],"reference":{"reference":"CodeSystem/TBLABSampleQualityCS"},"name":"TB-LAB - Sample quality","description":"Code system for DHIS2 'Sample quality' option set.","exampleBoolean":false,"groupingId":"-term-codesystem"},{"extension":[{"url":"http://hl7.org/fhir/tools/StructureDefinition/resource-sort","valueInteger":999999999},{"url":"http://hl7.org/fhir/StructureDefinition/implementationguide-page","valueUri":"CodeSystem-TBLABSampleStatusCS.html"}],"reference":{"reference":"CodeSystem/TBLABSampleStatusCS"},"name":"TB-LAB - Sample status","description":"Code system for DHIS2 'Sample status' option set.","exampleBoolean":false,"groupingId":"-term-codesystem"},{"extension":[{"url":"http://hl7.org/fhir/tools/StructureDefinition/resource-sort","valueInteger":999999999},{"url":"http://hl7.org/fhir/StructureDefinition/implementationguide-page","valueUri":"CodeSystem-TBLABSmearResultCS.html"}],"reference":{"reference":"CodeSystem/TBLABSmearResultCS"},"name":"TB-LAB - Smear result","description":"Code system for DHIS2 'Smear result' option set.","exampleBoolean":false,"groupingId":"-term-codesystem"}],"page":{"extension":[{"url":"http://hl7.org/fhir/tools/StructureDefinition/ig-page-name","valueUrl":"toc.html"}],"nameUrl":"toc.html","title":"Table of Contents","generation":"html","page":[{"extension":[{"url":"http://hl7.org/fhir/tools/StructureDefinition/ig-page-name","valueUrl":"index.html"}],"nameUrl":"index.html","title":"Home","generation":"markdown","page":[{"extension":[{"url":"http://hl7.org/fhir/tools/StructureDefinition/ig-page-name","valueUrl":"license.html"}],"nameUrl":"license.html","title":"License","generation":"markdown"}]},{"extension":[{"url":"http://hl7.org/fhir/tools/StructureDefinition/ig-page-name","valueUrl":"indices.html"}],"nameUrl":"indices.html","title":"Indices","generation":"markdown","page":[{"extension":[{"url":"http://hl7.org/fhir/tools/StructureDefinition/ig-page-name","valueUrl":"artifacts.html"}],"nameUrl":"artifacts.html","title":"Artifact Index","generation":"html","page":[{"extension":[{"url":"http://hl7.org/fhir/tools/StructureDefinition/ig-page-name","valueUrl":"StructureDefinition-DiagnosisAndNotification.html"}],"nameUrl":"StructureDefinition-DiagnosisAndNotification.html","title":"Diagnosis and notification","generation":"generated"},{"extension":[{"url":"http://hl7.org/fhir/tools/StructureDefinition/ig-page-name","valueUrl":"StructureDefinition-DiagnosticLaboratoryResults.html"}],"nameUrl":"StructureDefinition-DiagnosticLaboratoryResults.html","title":"Diagnostic laboratory results","generation":"generated"},{"extension":[{"url":"http://hl7.org/fhir/tools/StructureDefinition/ig-page-name","valueUrl":"StructureDefinition-MonitoringLaboratoryResults.html"}],"nameUrl":"StructureDefinition-MonitoringLaboratoryResults.html","title":"Monitoring laboratory results","generation":"generated"},{"extension":[{"url":"http://hl7.org/fhir/tools/StructureDefinition/ig-page-name","valueUrl":"StructureDefinition-Outcome.html"}],"nameUrl":"StructureDefinition-Outcome.html","title":"Outcome","generation":"generated"},{"extension":[{"url":"http://hl7.org/fhir/tools/StructureDefinition/ig-page-name","valueUrl":"StructureDefinition-TBCaseSurveillance.html"}],"nameUrl":"StructureDefinition-TBCaseSurveillance.html","title":"TB Case Surveillance","generation":"generated"},{"extension":[{"url":"http://hl7.org/fhir/tools/StructureDefinition/ig-page-name","valueUrl":"StructureDefinition-TBTreatment.html"}],"nameUrl":"StructureDefinition-TBTreatment.html","title":"TB Treatment","generation":"generated"},{"extension":[{"url":"http://hl7.org/fhir/tools/StructureDefinition/ig-page-name","valueUrl":"Questionnaire-DiagnosisAndNotificationQuestionnaire.html"}],"nameUrl":"Questionnaire-DiagnosisAndNotificationQuestionnaire.html","title":"Diagnosis and Notification Questionnaire","generation":"generated","page":[{"extension":[{"url":"http://hl7.org/fhir/tools/StructureDefinition/ig-page-name","valueUrl":"ValueSet-DiagnosisAndNotificationQuestionnaire_GENYesNoUnknownVS.html"}],"nameUrl":"ValueSet-DiagnosisAndNotificationQuestionnaire_GENYesNoUnknownVS.html","title":"ValueSet","generation":"generated"},{"extension":[{"url":"http://hl7.org/fhir/tools/StructureDefinition/ig-page-name","valueUrl":"ValueSet-DiagnosisAndNotificationQuestionnaire_TBCSTreatmentHistoryVS.html"}],"nameUrl":"ValueSet-DiagnosisAndNotificationQuestionnaire_TBCSTreatmentHistoryVS.html","title":"ValueSet","generation":"generated"},{"extension":[{"url":"http://hl7.org/fhir/tools/StructureDefinition/ig-page-name","valueUrl":"ValueSet-DiagnosisAndNotificationQuestionnaire_TBCSConfirmationMethodVS.html"}],"nameUrl":"ValueSet-DiagnosisAndNotificationQuestionnaire_TBCSConfirmationMethodVS.html","title":"ValueSet","generation":"generated"},{"extension":[{"url":"http://hl7.org/fhir/tools/StructureDefinition/ig-page-name","valueUrl":"ValueSet-DiagnosisAndNotificationQuestionnaire_TBCSSiteOfDiseaseVS.html"}],"nameUrl":"ValueSet-DiagnosisAndNotificationQuestionnaire_TBCSSiteOfDiseaseVS.html","title":"ValueSet","generation":"generated"}]},{"extension":[{"url":"http://hl7.org/fhir/tools/StructureDefinition/ig-page-name","valueUrl":"Questionnaire-DiagnosticLaboratoryResultsQuestionnaire.html"}],"nameUrl":"Questionnaire-DiagnosticLaboratoryResultsQuestionnaire.html","title":"Diagnostic Laboratory Results Questionnaire","generation":"generated","page":[{"extension":[{"url":"http://hl7.org/fhir/tools/StructureDefinition/ig-page-name","valueUrl":"ValueSet-DiagnosticLaboratoryResultsQuestionnaire_TBLABDSTResultVS.html"}],"nameUrl":"ValueSet-DiagnosticLaboratoryResultsQuestionnaire_TBLABDSTResultVS.html","title":"ValueSet","generation":"generated"},{"extension":[{"url":"http://hl7.org/fhir/tools/StructureDefinition/ig-page-name","valueUrl":"ValueSet-DiagnosticLaboratoryResultsQuestionnaire_SusceptibleResistantIndeterminateVS.html"}],"nameUrl":"ValueSet-DiagnosticLaboratoryResultsQuestionnaire_SusceptibleResistantIndeterminateVS.html","title":"ValueSet","generation":"generated"},{"extension":[{"url":"http://hl7.org/fhir/tools/StructureDefinition/ig-page-name","valueUrl":"ValueSet-DiagnosticLaboratoryResultsQuestionnaire_TBLABMTBTestResultVS.html"}],"nameUrl":"ValueSet-DiagnosticLaboratoryResultsQuestionnaire_TBLABMTBTestResultVS.html","title":"ValueSet","generation":"generated"},{"extension":[{"url":"http://hl7.org/fhir/tools/StructureDefinition/ig-page-name","valueUrl":"ValueSet-DiagnosticLaboratoryResultsQuestionnaire_TBLABFinalCultureResultVS.html"}],"nameUrl":"ValueSet-DiagnosticLaboratoryResultsQuestionnaire_TBLABFinalCultureResultVS.html","title":"ValueSet","generation":"generated"},{"extension":[{"url":"http://hl7.org/fhir/tools/StructureDefinition/ig-page-name","valueUrl":"ValueSet-DiagnosticLaboratoryResultsQuestionnaire_TBLABSmearResultVS.html"}],"nameUrl":"ValueSet-DiagnosticLaboratoryResultsQuestionnaire_TBLABSmearResultVS.html","title":"ValueSet","generation":"generated"},{"extension":[{"url":"http://hl7.org/fhir/tools/StructureDefinition/ig-page-name","valueUrl":"ValueSet-DiagnosticLaboratoryResultsQuestionnaire_TBLABSampleQualityVS.html"}],"nameUrl":"ValueSet-DiagnosticLaboratoryResultsQuestionnaire_TBLABSampleQualityVS.html","title":"ValueSet","generation":"generated"},{"extension":[{"url":"http://hl7.org/fhir/tools/StructureDefinition/ig-page-name","valueUrl":"ValueSet-DiagnosticLaboratoryResultsQuestionnaire_TBLABLPASpecimenVS.html"}],"nameUrl":"ValueSet-DiagnosticLaboratoryResultsQuestionnaire_TBLABLPASpecimenVS.html","title":"ValueSet","generation":"generated"},{"extension":[{"url":"http://hl7.org/fhir/tools/StructureDefinition/ig-page-name","valueUrl":"ValueSet-DiagnosticLaboratoryResultsQuestionnaire_TBLABSampleStatusVS.html"}],"nameUrl":"ValueSet-DiagnosticLaboratoryResultsQuestionnaire_TBLABSampleStatusVS.html","title":"ValueSet","generation":"generated"}]},{"extension":[{"url":"http://hl7.org/fhir/tools/StructureDefinition/ig-page-name","valueUrl":"Questionnaire-MonitoringLaboratoryResultsQuestionnaire.html"}],"nameUrl":"Questionnaire-MonitoringLaboratoryResultsQuestionnaire.html","title":"Monitoring Laboratory Results Questionnaire","generation":"generated","page":[{"extension":[{"url":"http://hl7.org/fhir/tools/StructureDefinition/ig-page-name","valueUrl":"ValueSet-MonitoringLaboratoryResultsQuestionnaire_TBLABFinalCultureResultVS.html"}],"nameUrl":"ValueSet-MonitoringLaboratoryResultsQuestionnaire_TBLABFinalCultureResultVS.html","title":"ValueSet","generation":"generated"},{"extension":[{"url":"http://hl7.org/fhir/tools/StructureDefinition/ig-page-name","valueUrl":"ValueSet-MonitoringLaboratoryResultsQuestionnaire_TBLABSmearResultVS.html"}],"nameUrl":"ValueSet-MonitoringLaboratoryResultsQuestionnaire_TBLABSmearResultVS.html","title":"ValueSet","generation":"generated"},{"extension":[{"url":"http://hl7.org/fhir/tools/StructureDefinition/ig-page-name","valueUrl":"ValueSet-MonitoringLaboratoryResultsQuestionnaire_TBLABSampleQualityVS.html"}],"nameUrl":"ValueSet-MonitoringLaboratoryResultsQuestionnaire_TBLABSampleQualityVS.html","title":"ValueSet","generation":"generated"},{"extension":[{"url":"http://hl7.org/fhir/tools/StructureDefinition/ig-page-name","valueUrl":"ValueSet-MonitoringLaboratoryResultsQuestionnaire_TBLABSampleStatusVS.html"}],"nameUrl":"ValueSet-MonitoringLaboratoryResultsQuestionnaire_TBLABSampleStatusVS.html","title":"ValueSet","generation":"generated"}]},{"extension":[{"url":"http://hl7.org/fhir/tools/StructureDefinition/ig-page-name","valueUrl":"Questionnaire-TBCaseSurveillanceQuestionnaire.html"}],"nameUrl":"Questionnaire-TBCaseSurveillanceQuestionnaire.html","title":"TB Case Surveillance Questionnaire","generation":"generated","page":[{"extension":[{"url":"http://hl7.org/fhir/tools/StructureDefinition/ig-page-name","valueUrl":"ValueSet-TBCaseSurveillanceQuestionnaire_RRTGENSexVS.html"}],"nameUrl":"ValueSet-TBCaseSurveillanceQuestionnaire_RRTGENSexVS.html","title":"ValueSet","generation":"generated"},{"extension":[{"url":"http://hl7.org/fhir/tools/StructureDefinition/ig-page-name","valueUrl":"ValueSet-TBCaseSurveillanceQuestionnaire_GENYesNoUnknownVS.html"}],"nameUrl":"ValueSet-TBCaseSurveillanceQuestionnaire_GENYesNoUnknownVS.html","title":"ValueSet","generation":"generated"}]},{"extension":[{"url":"http://hl7.org/fhir/tools/StructureDefinition/ig-page-name","valueUrl":"Questionnaire-TBOutcomeQuestionnaire.html"}],"nameUrl":"Questionnaire-TBOutcomeQuestionnaire.html","title":"TB Outcome Questionnaire","generation":"generated","page":[{"extension":[{"url":"http://hl7.org/fhir/tools/StructureDefinition/ig-page-name","valueUrl":"ValueSet-TBOutcomeQuestionnaire_TBCSTreatmentOutcomeVS.html"}],"nameUrl":"ValueSet-TBOutcomeQuestionnaire_TBCSTreatmentOutcomeVS.html","title":"ValueSet","generation":"generated"},{"extension":[{"url":"http://hl7.org/fhir/tools/StructureDefinition/ig-page-name","valueUrl":"ValueSet-TBOutcomeQuestionnaire_TBCSDenotificationReasonsVS.html"}],"nameUrl":"ValueSet-TBOutcomeQuestionnaire_TBCSDenotificationReasonsVS.html","title":"ValueSet","generation":"generated"}]},{"extension":[{"url":"http://hl7.org/fhir/tools/StructureDefinition/ig-page-name","valueUrl":"Questionnaire-TBTreatmentQuestionnaire.html"}],"nameUrl":"Questionnaire-TBTreatmentQuestionnaire.html","title":"TB Treatment Questionnaire","generation":"generated","page":[{"extension":[{"url":"http://hl7.org/fhir/tools/StructureDefinition/ig-page-name","valueUrl":"ValueSet-TBTreatmentQuestionnaire_TBCSTreatmentCategoryVS.html"}],"nameUrl":"ValueSet-TBTreatmentQuestionnaire_TBCSTreatmentCategoryVS.html","title":"ValueSet","generation":"generated"},{"extension":[{"url":"http://hl7.org/fhir/tools/StructureDefinition/ig-page-name","valueUrl":"ValueSet-TBTreatmentQuestionnaire_TBCSResistanceClassificationVS.html"}],"nameUrl":"ValueSet-TBTreatmentQuestionnaire_TBCSResistanceClassificationVS.html","title":"ValueSet","generation":"generated"}]},{"extension":[{"url":"http://hl7.org/fhir/tools/StructureDefinition/ig-page-name","valueUrl":"ValueSet-GENYesNoUnknownVS.html"}],"nameUrl":"ValueSet-GENYesNoUnknownVS.html","title":"GEN - Yes/No/Unknown value set","generation":"generated"},{"extension":[{"url":"http://hl7.org/fhir/tools/StructureDefinition/ig-page-name","valueUrl":"ValueSet-RRTGENSexVS.html"}],"nameUrl":"ValueSet-RRTGENSexVS.html","title":"RRT - GEN - Sex value set","generation":"generated"},{"extension":[{"url":"http://hl7.org/fhir/tools/StructureDefinition/ig-page-name","valueUrl":"ValueSet-SusceptibleResistantIndeterminateVS.html"}],"nameUrl":"ValueSet-SusceptibleResistantIndeterminateVS.html","title":"Susceptible/Resistant/Indeterminate value set","generation":"generated"},{"extension":[{"url":"http://hl7.org/fhir/tools/StructureDefinition/ig-page-name","valueUrl":"ValueSet-TBCSConfirmationMethodVS.html"}],"nameUrl":"ValueSet-TBCSConfirmationMethodVS.html","title":"TB CS - Confirmation method value set","generation":"generated"},{"extension":[{"url":"http://hl7.org/fhir/tools/StructureDefinition/ig-page-name","valueUrl":"ValueSet-TBCSDenotificationReasonsVS.html"}],"nameUrl":"ValueSet-TBCSDenotificationReasonsVS.html","title":"TB CS - Denotification reasons value set","generation":"generated"},{"extension":[{"url":"http://hl7.org/fhir/tools/StructureDefinition/ig-page-name","valueUrl":"ValueSet-TBCSResistanceClassificationVS.html"}],"nameUrl":"ValueSet-TBCSResistanceClassificationVS.html","title":"TB CS - Resistance Classification value set","generation":"generated"},{"extension":[{"url":"http://hl7.org/fhir/tools/StructureDefinition/ig-page-name","valueUrl":"ValueSet-TBCSSiteOfDiseaseVS.html"}],"nameUrl":"ValueSet-TBCSSiteOfDiseaseVS.html","title":"TB CS - Site of disease value set","generation":"generated"},{"extension":[{"url":"http://hl7.org/fhir/tools/StructureDefinition/ig-page-name","valueUrl":"ValueSet-TBCSTreatmentCategoryVS.html"}],"nameUrl":"ValueSet-TBCSTreatmentCategoryVS.html","title":"TB CS - Treatment category value set","generation":"generated"},{"extension":[{"url":"http://hl7.org/fhir/tools/StructureDefinition/ig-page-name","valueUrl":"ValueSet-TBCSTreatmentHistoryVS.html"}],"nameUrl":"ValueSet-TBCSTreatmentHistoryVS.html","title":"TB CS - Treatment history value set","generation":"generated"},{"extension":[{"url":"http://hl7.org/fhir/tools/StructureDefinition/ig-page-name","valueUrl":"ValueSet-TBCSTreatmentOutcomeVS.html"}],"nameUrl":"ValueSet-TBCSTreatmentOutcomeVS.html","title":"TB CS - Treatment outcome value set","generation":"generated"},{"extension":[{"url":"http://hl7.org/fhir/tools/StructureDefinition/ig-page-name","valueUrl":"ValueSet-TBLABDSTResultVS.html"}],"nameUrl":"ValueSet-TBLABDSTResultVS.html","title":"TB-LAB - DST result value set","generation":"generated"},{"extension":[{"url":"http://hl7.org/fhir/tools/StructureDefinition/ig-page-name","valueUrl":"ValueSet-TBLABFinalCultureResultVS.html"}],"nameUrl":"ValueSet-TBLABFinalCultureResultVS.html","title":"TB-LAB - Final culture result value set","generation":"generated"},{"extension":[{"url":"http://hl7.org/fhir/tools/StructureDefinition/ig-page-name","valueUrl":"ValueSet-TBLABLPASpecimenVS.html"}],"nameUrl":"ValueSet-TBLABLPASpecimenVS.html","title":"TB-LAB - LPA specimen value set","generation":"generated"},{"extension":[{"url":"http://hl7.org/fhir/tools/StructureDefinition/ig-page-name","valueUrl":"ValueSet-TBLABMTBTestResultVS.html"}],"nameUrl":"ValueSet-TBLABMTBTestResultVS.html","title":"TB-LAB - MTB test result value set","generation":"generated"},{"extension":[{"url":"http://hl7.org/fhir/tools/StructureDefinition/ig-page-name","valueUrl":"ValueSet-TBLABSampleQualityVS.html"}],"nameUrl":"ValueSet-TBLABSampleQualityVS.html","title":"TB-LAB - Sample quality value set","generation":"generated"},{"extension":[{"url":"http://hl7.org/fhir/tools/StructureDefinition/ig-page-name","valueUrl":"ValueSet-TBLABSampleStatusVS.html"}],"nameUrl":"ValueSet-TBLABSampleStatusVS.html","title":"TB-LAB - Sample status value set","generation":"generated"},{"extension":[{"url":"http://hl7.org/fhir/tools/StructureDefinition/ig-page-name","valueUrl":"ValueSet-TBLABSmearResultVS.html"}],"nameUrl":"ValueSet-TBLABSmearResultVS.html","title":"TB-LAB - Smear result value set","generation":"generated"},{"extension":[{"url":"http://hl7.org/fhir/tools/StructureDefinition/ig-page-name","valueUrl":"CodeSystem-GENYesNoUnknownCS.html"}],"nameUrl":"CodeSystem-GENYesNoUnknownCS.html","title":"GEN - Yes/No/Unknown","generation":"generated"},{"extension":[{"url":"http://hl7.org/fhir/tools/StructureDefinition/ig-page-name","valueUrl":"CodeSystem-RRTGENSexCS.html"}],"nameUrl":"CodeSystem-RRTGENSexCS.html","title":"RRT - GEN - Sex","generation":"generated"},{"extension":[{"url":"http://hl7.org/fhir/tools/StructureDefinition/ig-page-name","valueUrl":"CodeSystem-SusceptibleResistantIndeterminateCS.html"}],"nameUrl":"CodeSystem-SusceptibleResistantIndeterminateCS.html","title":"Susceptible/Resistant/Indeterminate","generation":"generated"},{"extension":[{"url":"http://hl7.org/fhir/tools/StructureDefinition/ig-page-name","valueUrl":"CodeSystem-TBCSConfirmationMethodCS.html"}],"nameUrl":"CodeSystem-TBCSConfirmationMethodCS.html","title":"TB CS - Confirmation method","generation":"generated"},{"extension":[{"url":"http://hl7.org/fhir/tools/StructureDefinition/ig-page-name","valueUrl":"CodeSystem-TBCSDenotificationReasonsCS.html"}],"nameUrl":"CodeSystem-TBCSDenotificationReasonsCS.html","title":"TB CS - Denotification reasons","generation":"generated"},{"extension":[{"url":"http://hl7.org/fhir/tools/StructureDefinition/ig-page-name","valueUrl":"CodeSystem-TBCSResistanceClassificationCS.html"}],"nameUrl":"CodeSystem-TBCSResistanceClassificationCS.html","title":"TB CS - Resistance Classification","generation":"generated"},{"extension":[{"url":"http://hl7.org/fhir/tools/StructureDefinition/ig-page-name","valueUrl":"CodeSystem-TBCSSiteOfDiseaseCS.html"}],"nameUrl":"CodeSystem-TBCSSiteOfDiseaseCS.html","title":"TB CS - Site of disease","generation":"generated"},{"extension":[{"url":"http://hl7.org/fhir/tools/StructureDefinition/ig-page-name","valueUrl":"CodeSystem-TBCSTreatmentCategoryCS.html"}],"nameUrl":"CodeSystem-TBCSTreatmentCategoryCS.html","title":"TB CS - Treatment category","generation":"generated"},{"extension":[{"url":"http://hl7.org/fhir/tools/StructureDefinition/ig-page-name","valueUrl":"CodeSystem-TBCSTreatmentHistoryCS.html"}],"nameUrl":"CodeSystem-TBCSTreatmentHistoryCS.html","title":"TB CS - Treatment history","generation":"generated"},{"extension":[{"url":"http://hl7.org/fhir/tools/StructureDefinition/ig-page-name","valueUrl":"CodeSystem-TBCSTreatmentOutcomeCS.html"}],"nameUrl":"CodeSystem-TBCSTreatmentOutcomeCS.html","title":"TB CS - Treatment outcome","generation":"generated"},{"extension":[{"url":"http://hl7.org/fhir/tools/StructureDefinition/ig-page-name","valueUrl":"CodeSystem-TBLABDSTResultCS.html"}],"nameUrl":"CodeSystem-TBLABDSTResultCS.html","title":"TB-LAB - DST result","generation":"generated"},{"extension":[{"url":"http://hl7.org/fhir/tools/StructureDefinition/ig-page-name","valueUrl":"CodeSystem-TBLABFinalCultureResultCS.html"}],"nameUrl":"CodeSystem-TBLABFinalCultureResultCS.html","title":"TB-LAB - Final culture result","generation":"generated"},{"extension":[{"url":"http://hl7.org/fhir/tools/StructureDefinition/ig-page-name","valueUrl":"CodeSystem-TBLABLPASpecimenCS.html"}],"nameUrl":"CodeSystem-TBLABLPASpecimenCS.html","title":"TB-LAB - LPA specimen","generation":"generated"},{"extension":[{"url":"http://hl7.org/fhir/tools/StructureDefinition/ig-page-name","valueUrl":"CodeSystem-TBLABMTBTestResultCS.html"}],"nameUrl":"CodeSystem-TBLABMTBTestResultCS.html","title":"TB-LAB - MTB test result","generation":"generated"},{"extension":[{"url":"http://hl7.org/fhir/tools/StructureDefinition/ig-page-name","valueUrl":"CodeSystem-TBLABSampleQualityCS.html"}],"nameUrl":"CodeSystem-TBLABSampleQualityCS.html","title":"TB-LAB - Sample quality","generation":"generated"},{"extension":[{"url":"http://hl7.org/fhir/tools/StructureDefinition/ig-page-name","valueUrl":"CodeSystem-TBLABSampleStatusCS.html"}],"nameUrl":"CodeSystem-TBLABSampleStatusCS.html","title":"TB-LAB - Sample status","generation":"generated"},{"extension":[{"url":"http://hl7.org/fhir/tools/StructureDefinition/ig-page-name","valueUrl":"CodeSystem-TBLABSmearResultCS.html"}],"nameUrl":"CodeSystem-TBLABSmearResultCS.html","title":"TB-LAB - Smear result","generation":"generated"}]},{"extension":[{"url":"http://hl7.org/fhir/tools/StructureDefinition/ig-page-name","valueUrl":"maps.html"}],"nameUrl":"maps.html","title":"Mappings","generation":"markdown"}]}]},"parameter":[{"code":"path-resource","value":"input/capabilities"},{"code":"path-resource","value":"input/examples"},{"code":"path-resource","value":"input/extensions"},{"code":"path-resource","value":"input/models"},{"code":"path-resource","value":"input/operations"},{"code":"path-resource","value":"input/profiles"},{"code":"path-resource","value":"input/resources"},{"code":"path-resource","value":"input/vocabulary"},{"code":"path-resource","value":"input/maps"},{"code":"path-resource","value":"input/testing"},{"code":"path-resource","value":"input/history"},{"code":"path-resource","value":"fsh-generated/resources"},{"code":"path-pages","value":"template/config"},{"code":"path-pages","value":"input/images"},{"code":"path-tx-cache","value":"input-cache/txcache"}]}}