{"resourceType":"ValueSet","id":"TBLABMTBTestResultVS","meta":{"profile":["http://hl7.org/fhir/uv/crmi/StructureDefinition/crmi-shareablevalueset","http://hl7.org/fhir/uv/crmi/StructureDefinition/crmi-publishablevalueset","http://hl7.org/fhir/uv/crmi/StructureDefinition/crmi-computablevalueset"]},"text":{"status":"generated","div":"<div xmlns=\"http://www.w3.org/1999/xhtml\"><p class=\"res-header-id\"><b>Generated Narrative: ValueSet TBLABMTBTestResultVS</b></p><a name=\"TBLABMTBTestResultVS\"> </a><a name=\"hcTBLABMTBTestResultVS\"> </a><a name=\"TBLABMTBTestResultVS-en-US\"> </a><ul><li>Include all codes defined in <a href=\"CodeSystem-TBLABMTBTestResultCS.html\"><code>http://example.org/CodeSystem/TBLABMTBTestResultCS</code></a></li></ul></div>"},"url":"http://example.org/ValueSet/TBLABMTBTestResultVS","version":"0.1.0","name":"TBLABMTBTestResultVS","title":"TB-LAB - MTB test result value set","status":"active","experimental":true,"date":"2025-01-06T13:48:57+00:00","publisher":"DHIS2","contact":[{"name":"DHIS2","telecom":[{"system":"url","value":"http://dhis2.org"}]}],"description":"Value set for DHIS2 'MTB test result' option set.","compose":{"include":[{"system":"http://example.org/CodeSystem/TBLABMTBTestResultCS"}]}}