{"resourceType":"ValueSet","id":"TBCSResistanceClassificationVS","meta":{"profile":["http://hl7.org/fhir/uv/crmi/StructureDefinition/crmi-shareablevalueset","http://hl7.org/fhir/uv/crmi/StructureDefinition/crmi-publishablevalueset","http://hl7.org/fhir/uv/crmi/StructureDefinition/crmi-computablevalueset"]},"text":{"status":"generated","div":"<div xmlns=\"http://www.w3.org/1999/xhtml\"><p class=\"res-header-id\"><b>Generated Narrative: ValueSet TBCSResistanceClassificationVS</b></p><a name=\"TBCSResistanceClassificationVS\"> </a><a name=\"hcTBCSResistanceClassificationVS\"> </a><a name=\"TBCSResistanceClassificationVS-en-US\"> </a><ul><li>Include all codes defined in <a href=\"CodeSystem-TBCSResistanceClassificationCS.html\"><code>http://example.org/CodeSystem/TBCSResistanceClassificationCS</code></a></li></ul></div>"},"url":"http://example.org/ValueSet/TBCSResistanceClassificationVS","version":"0.1.0","name":"TBCSResistanceClassificationVS","title":"TB CS - Resistance Classification value set","status":"active","experimental":true,"date":"2025-01-06T12:46:13+00:00","publisher":"DHIS2","contact":[{"name":"DHIS2","telecom":[{"system":"url","value":"http://dhis2.org"}]}],"compose":{"include":[{"system":"http://example.org/CodeSystem/TBCSResistanceClassificationCS"}]}}