{"resourceType":"ValueSet","id":"susceptible-resistant-indeterminate-vs","text":{"status":"generated","div":"<div xmlns=\"http://www.w3.org/1999/xhtml\"><p class=\"res-header-id\"><b>Generated Narrative: ValueSet susceptible-resistant-indeterminate-vs</b></p><a name=\"susceptible-resistant-indeterminate-vs\"> </a><a name=\"hcsusceptible-resistant-indeterminate-vs\"> </a><a name=\"susceptible-resistant-indeterminate-vs-en-US\"> </a><ul><li>Include all codes defined in <a href=\"CodeSystem-susceptible-resistant-indeterminate-cs.html\"><code>http://example.org/CodeSystem/susceptible-resistant-indeterminate-cs</code></a></li></ul></div>"},"url":"http://example.org/ValueSet/susceptible-resistant-indeterminate-vs","version":"0.1.0","name":"SusceptibleResistantIndeterminateVS","title":"Susceptible/Resistant/Indeterminate value set","status":"draft","date":"2024-12-18T18:58:42+00:00","publisher":"DHIS2","contact":[{"name":"DHIS2","telecom":[{"system":"url","value":"http://dhis2.org"}]}],"compose":{"include":[{"system":"http://example.org/CodeSystem/susceptible-resistant-indeterminate-cs"}]}}