{"resourceType":"ValueSet","id":"TBCSSiteOfDiseaseVS","meta":{"profile":["http://hl7.org/fhir/uv/crmi/StructureDefinition/crmi-shareablevalueset","http://hl7.org/fhir/uv/crmi/StructureDefinition/crmi-publishablevalueset","http://hl7.org/fhir/uv/crmi/StructureDefinition/crmi-computablevalueset"]},"text":{"status":"generated","div":"<div xmlns=\"http://www.w3.org/1999/xhtml\"><p class=\"res-header-id\"><b>Generated Narrative: ValueSet TBCSSiteOfDiseaseVS</b></p><a name=\"TBCSSiteOfDiseaseVS\"> </a><a name=\"hcTBCSSiteOfDiseaseVS\"> </a><a name=\"TBCSSiteOfDiseaseVS-en-US\"> </a><ul><li>Include all codes defined in <a href=\"CodeSystem-TBCSSiteOfDiseaseCS.html\"><code>http://example.org/CodeSystem/TBCSSiteOfDiseaseCS</code></a></li></ul></div>"},"url":"http://example.org/ValueSet/TBCSSiteOfDiseaseVS","version":"0.1.0","name":"TBCSSiteOfDiseaseVS","title":"TB CS - Site of disease value set","status":"active","experimental":true,"date":"2024-12-19T14:33:50+00:00","publisher":"DHIS2","contact":[{"name":"DHIS2","telecom":[{"system":"url","value":"http://dhis2.org"}]}],"compose":{"include":[{"system":"http://example.org/CodeSystem/TBCSSiteOfDiseaseCS"}]}}