{"resourceType":"ValueSet","id":"TBCSTreatmentHistoryVS","meta":{"profile":["http://hl7.org/fhir/uv/crmi/StructureDefinition/crmi-shareablevalueset","http://hl7.org/fhir/uv/crmi/StructureDefinition/crmi-publishablevalueset","http://hl7.org/fhir/uv/crmi/StructureDefinition/crmi-computablevalueset"]},"text":{"status":"generated","div":"<div xmlns=\"http://www.w3.org/1999/xhtml\"><p class=\"res-header-id\"><b>Generated Narrative: ValueSet TBCSTreatmentHistoryVS</b></p><a name=\"TBCSTreatmentHistoryVS\"> </a><a name=\"hcTBCSTreatmentHistoryVS\"> </a><a name=\"TBCSTreatmentHistoryVS-en-US\"> </a><ul><li>Include all codes defined in <a href=\"CodeSystem-TBCSTreatmentHistoryCS.html\"><code>http://example.org/CodeSystem/TBCSTreatmentHistoryCS</code></a></li></ul></div>"},"url":"http://example.org/ValueSet/TBCSTreatmentHistoryVS","version":"0.1.0","name":"TBCSTreatmentHistoryVS","title":"TB CS - Treatment history value set","status":"active","experimental":true,"date":"2025-01-06T13:23:20+00:00","publisher":"DHIS2","contact":[{"name":"DHIS2","telecom":[{"system":"url","value":"http://dhis2.org"}]}],"compose":{"include":[{"system":"http://example.org/CodeSystem/TBCSTreatmentHistoryCS"}]}}