{"resourceType":"ValueSet","id":"TBLABSampleQualityVS","meta":{"profile":["http://hl7.org/fhir/uv/crmi/StructureDefinition/crmi-shareablevalueset","http://hl7.org/fhir/uv/crmi/StructureDefinition/crmi-publishablevalueset","http://hl7.org/fhir/uv/crmi/StructureDefinition/crmi-computablevalueset"]},"text":{"status":"generated","div":"<div xmlns=\"http://www.w3.org/1999/xhtml\"><p class=\"res-header-id\"><b>Generated Narrative: ValueSet TBLABSampleQualityVS</b></p><a name=\"TBLABSampleQualityVS\"> </a><a name=\"hcTBLABSampleQualityVS\"> </a><a name=\"TBLABSampleQualityVS-en-US\"> </a><ul><li>Include all codes defined in <a href=\"CodeSystem-TBLABSampleQualityCS.html\"><code>http://example.org/CodeSystem/TBLABSampleQualityCS</code></a></li></ul></div>"},"url":"http://example.org/ValueSet/TBLABSampleQualityVS","version":"0.1.0","name":"TBLABSampleQualityVS","title":"TB-LAB - Sample quality value set","status":"active","experimental":false,"date":"2025-01-06","publisher":"DHIS2","contact":[{"name":"DHIS2","telecom":[{"system":"url","value":"http://dhis2.org"}]}],"description":"Value set for DHIS2 'Sample quality' option set.","compose":{"include":[{"system":"http://example.org/CodeSystem/TBLABSampleQualityCS"}]}}