{"resourceType":"ValueSet","id":"TBLABLPASpecimenVS","meta":{"profile":["http://hl7.org/fhir/uv/crmi/StructureDefinition/crmi-shareablevalueset","http://hl7.org/fhir/uv/crmi/StructureDefinition/crmi-publishablevalueset","http://hl7.org/fhir/uv/crmi/StructureDefinition/crmi-computablevalueset"]},"text":{"status":"generated","div":"<div xmlns=\"http://www.w3.org/1999/xhtml\"><p class=\"res-header-id\"><b>Generated Narrative: ValueSet TBLABLPASpecimenVS</b></p><a name=\"TBLABLPASpecimenVS\"> </a><a name=\"hcTBLABLPASpecimenVS\"> </a><a name=\"TBLABLPASpecimenVS-en-US\"> </a><ul><li>Include all codes defined in <a href=\"CodeSystem-TBLABLPASpecimenCS.html\"><code>http://example.org/CodeSystem/TBLABLPASpecimenCS</code></a></li></ul></div>"},"url":"http://example.org/ValueSet/TBLABLPASpecimenVS","version":"0.1.0","name":"TBLABLPASpecimenVS","title":"TB-LAB - LPA specimen value set","status":"active","experimental":true,"date":"2025-01-06T13:44:48+00:00","publisher":"DHIS2","contact":[{"name":"DHIS2","telecom":[{"system":"url","value":"http://dhis2.org"}]}],"compose":{"include":[{"system":"http://example.org/CodeSystem/TBLABLPASpecimenCS"}]}}