{"resourceType":"ValueSet","id":"TBCSTreatmentCategoryVS","meta":{"profile":["http://hl7.org/fhir/uv/crmi/StructureDefinition/crmi-shareablevalueset","http://hl7.org/fhir/uv/crmi/StructureDefinition/crmi-publishablevalueset","http://hl7.org/fhir/uv/crmi/StructureDefinition/crmi-computablevalueset"]},"text":{"status":"generated","div":"<div xmlns=\"http://www.w3.org/1999/xhtml\"><p class=\"res-header-id\"><b>Generated Narrative: ValueSet TBCSTreatmentCategoryVS</b></p><a name=\"TBCSTreatmentCategoryVS\"> </a><a name=\"hcTBCSTreatmentCategoryVS\"> </a><a name=\"TBCSTreatmentCategoryVS-en-US\"> </a><ul><li>Include all codes defined in <a href=\"CodeSystem-TBCSTreatmentCategoryCS.html\"><code>http://example.org/CodeSystem/TBCSTreatmentCategoryCS</code></a></li></ul></div>"},"url":"http://example.org/ValueSet/TBCSTreatmentCategoryVS","version":"0.1.0","name":"TBCSTreatmentCategoryVS","title":"TB CS - Treatment category value set","status":"active","experimental":true,"date":"2025-01-06T11:34:04+00:00","publisher":"DHIS2","contact":[{"name":"DHIS2","telecom":[{"system":"url","value":"http://dhis2.org"}]}],"compose":{"include":[{"system":"http://example.org/CodeSystem/TBCSTreatmentCategoryCS"}]}}