{"resourceType":"ValueSet","id":"TBLABSampleStatusVS","meta":{"profile":["http://hl7.org/fhir/uv/crmi/StructureDefinition/crmi-shareablevalueset","http://hl7.org/fhir/uv/crmi/StructureDefinition/crmi-publishablevalueset","http://hl7.org/fhir/uv/crmi/StructureDefinition/crmi-computablevalueset"]},"text":{"status":"generated","div":"<div xmlns=\"http://www.w3.org/1999/xhtml\"><p class=\"res-header-id\"><b>Generated Narrative: ValueSet TBLABSampleStatusVS</b></p><a name=\"TBLABSampleStatusVS\"> </a><a name=\"hcTBLABSampleStatusVS\"> </a><a name=\"TBLABSampleStatusVS-en-US\"> </a><ul><li>Include all codes defined in <a href=\"CodeSystem-TBLABSampleStatusCS.html\"><code>http://example.org/CodeSystem/TBLABSampleStatusCS</code></a></li></ul></div>"},"url":"http://example.org/ValueSet/TBLABSampleStatusVS","version":"0.1.0","name":"TBLABSampleStatusVS","title":"TB-LAB - Sample status value set","status":"active","experimental":true,"date":"2025-01-06T11:12:04+00:00","publisher":"DHIS2","contact":[{"name":"DHIS2","telecom":[{"system":"url","value":"http://dhis2.org"}]}],"compose":{"include":[{"system":"http://example.org/CodeSystem/TBLABSampleStatusCS"}]}}