{
  "resourceType" : "CodeSystem",
  "id" : "susceptible-resistant-indeterminate-cs",
  "text" : {
    "status" : "generated",
    "div" : "<div xmlns=\"http://www.w3.org/1999/xhtml\"><p class=\"res-header-id\"><b>Generated Narrative: CodeSystem susceptible-resistant-indeterminate-cs</b></p><a name=\"susceptible-resistant-indeterminate-cs\"> </a><a name=\"hcsusceptible-resistant-indeterminate-cs\"> </a><a name=\"susceptible-resistant-indeterminate-cs-en-US\"> </a><p>This  code system <code>http://example.org/CodeSystem/susceptible-resistant-indeterminate-cs</code> defines the following codes:</p><table class=\"codes\"><tr><td style=\"white-space:nowrap\"><b>Code</b></td><td><b>Display</b></td></tr><tr><td style=\"white-space:nowrap\">SUSCEPTIBLE<a name=\"susceptible-resistant-indeterminate-cs-SUSCEPTIBLE\"> </a></td><td>Susceptible</td></tr><tr><td style=\"white-space:nowrap\">RESISTANT<a name=\"susceptible-resistant-indeterminate-cs-RESISTANT\"> </a></td><td>Resistant</td></tr><tr><td style=\"white-space:nowrap\">INDETERMINATE<a name=\"susceptible-resistant-indeterminate-cs-INDETERMINATE\"> </a></td><td>Indeterminate</td></tr></table></div>"
  },
  "url" : "http://example.org/CodeSystem/susceptible-resistant-indeterminate-cs",
  "version" : "0.1.0",
  "name" : "SusceptibleResistantIndeterminateCS",
  "title" : "Susceptible/Resistant/Indeterminate",
  "status" : "draft",
  "date" : "2024-12-19T10:30:07+00:00",
  "publisher" : "DHIS2",
  "contact" : [{
    "name" : "DHIS2",
    "telecom" : [{
      "system" : "url",
      "value" : "http://dhis2.org"
    }]
  }],
  "content" : "complete",
  "count" : 3,
  "concept" : [{
    "code" : "SUSCEPTIBLE",
    "display" : "Susceptible"
  },
  {
    "code" : "RESISTANT",
    "display" : "Resistant"
  },
  {
    "code" : "INDETERMINATE",
    "display" : "Indeterminate"
  }]
}