{
  "resourceType" : "CodeSystem",
  "id" : "rrt---gen---sex-cs",
  "text" : {
    "status" : "generated",
    "div" : "<div xmlns=\"http://www.w3.org/1999/xhtml\"><p class=\"res-header-id\"><b>Generated Narrative: CodeSystem rrt---gen---sex-cs</b></p><a name=\"rrt---gen---sex-cs\"> </a><a name=\"hcrrt---gen---sex-cs\"> </a><a name=\"rrt---gen---sex-cs-en-US\"> </a><p>This  code system <code>http://example.org/CodeSystem/rrt---gen---sex-cs</code> defines the following codes:</p><table class=\"codes\"><tr><td style=\"white-space:nowrap\"><b>Code</b></td><td><b>Display</b></td></tr><tr><td style=\"white-space:nowrap\">FEMALE<a name=\"rrt---gen---sex-cs-FEMALE\"> </a></td><td>Female</td></tr><tr><td style=\"white-space:nowrap\">MALE<a name=\"rrt---gen---sex-cs-MALE\"> </a></td><td>Male</td></tr></table></div>"
  },
  "url" : "http://example.org/CodeSystem/rrt---gen---sex-cs",
  "version" : "0.1.0",
  "name" : "RRTGENSexCS",
  "title" : "RRT - GEN - Sex",
  "status" : "draft",
  "date" : "2024-12-18T18:58:42+00:00",
  "publisher" : "DHIS2",
  "contact" : [{
    "name" : "DHIS2",
    "telecom" : [{
      "system" : "url",
      "value" : "http://dhis2.org"
    }]
  }],
  "content" : "complete",
  "count" : 2,
  "concept" : [{
    "code" : "FEMALE",
    "display" : "Female"
  },
  {
    "code" : "MALE",
    "display" : "Male"
  }]
}