{
  "resourceType" : "CodeSystem",
  "id" : "tb-cs---treatment-category-cs",
  "text" : {
    "status" : "generated",
    "div" : "<div xmlns=\"http://www.w3.org/1999/xhtml\"><p class=\"res-header-id\"><b>Generated Narrative: CodeSystem tb-cs---treatment-category-cs</b></p><a name=\"tb-cs---treatment-category-cs\"> </a><a name=\"hctb-cs---treatment-category-cs\"> </a><a name=\"tb-cs---treatment-category-cs-en-US\"> </a><p>This  code system <code>http://example.org/CodeSystem/tb-cs---treatment-category-cs</code> defines the following codes:</p><table class=\"codes\"><tr><td style=\"white-space:nowrap\"><b>Code</b></td><td><b>Display</b></td></tr><tr><td style=\"white-space:nowrap\">FIRST_LINE_TREATMENT<a name=\"tb-cs---treatment-category-cs-FIRST_LINE_TREATMENT\"> </a></td><td>First-line Treatment</td></tr><tr><td style=\"white-space:nowrap\">SECOND_LINE_TREATMENT<a name=\"tb-cs---treatment-category-cs-SECOND_LINE_TREATMENT\"> </a></td><td>Second-line Treatment</td></tr></table></div>"
  },
  "url" : "http://example.org/CodeSystem/tb-cs---treatment-category-cs",
  "version" : "0.1.0",
  "name" : "TBCSTreatmentCategoryCS",
  "title" : "TB CS - Treatment category",
  "status" : "draft",
  "date" : "2024-12-19T09:39:03+00:00",
  "publisher" : "DHIS2",
  "contact" : [{
    "name" : "DHIS2",
    "telecom" : [{
      "system" : "url",
      "value" : "http://dhis2.org"
    }]
  }],
  "content" : "complete",
  "count" : 2,
  "concept" : [{
    "code" : "FIRST_LINE_TREATMENT",
    "display" : "First-line Treatment"
  },
  {
    "code" : "SECOND_LINE_TREATMENT",
    "display" : "Second-line Treatment"
  }]
}