{
  "resourceType" : "ValueSet",
  "id" : "TBCSDenotificationReasonsVS",
  "meta" : {
    "profile" : ["http://hl7.org/fhir/uv/crmi/StructureDefinition/crmi-shareablevalueset",
    "http://hl7.org/fhir/uv/crmi/StructureDefinition/crmi-publishablevalueset",
    "http://hl7.org/fhir/uv/crmi/StructureDefinition/crmi-computablevalueset"]
  },
  "text" : {
    "status" : "generated",
    "div" : "<div xmlns=\"http://www.w3.org/1999/xhtml\"><p class=\"res-header-id\"><b>Generated Narrative: ValueSet TBCSDenotificationReasonsVS</b></p><a name=\"TBCSDenotificationReasonsVS\"> </a><a name=\"hcTBCSDenotificationReasonsVS\"> </a><a name=\"TBCSDenotificationReasonsVS-en-US\"> </a><ul><li>Include all codes defined in <a href=\"CodeSystem-TBCSDenotificationReasonsCS.html\"><code>http://example.org/CodeSystem/TBCSDenotificationReasonsCS</code></a></li></ul></div>"
  },
  "url" : "http://example.org/ValueSet/TBCSDenotificationReasonsVS",
  "version" : "0.1.0",
  "name" : "TBCSDenotificationReasonsVS",
  "title" : "TB CS - Denotification reasons value set",
  "status" : "active",
  "experimental" : true,
  "date" : "2025-01-06",
  "publisher" : "DHIS2",
  "contact" : [{
    "name" : "DHIS2",
    "telecom" : [{
      "system" : "url",
      "value" : "http://dhis2.org"
    }]
  }],
  "description" : "Value set for DHIS2 'Denotification reasons' option set.",
  "compose" : {
    "include" : [{
      "system" : "http://example.org/CodeSystem/TBCSDenotificationReasonsCS"
    }]
  }
}