{
  "resourceType" : "ValueSet",
  "id" : "TBCSConfirmationMethodVS",
  "meta" : {
    "profile" : ["http://hl7.org/fhir/uv/crmi/StructureDefinition/crmi-shareablevalueset",
    "http://hl7.org/fhir/uv/crmi/StructureDefinition/crmi-publishablevalueset",
    "http://hl7.org/fhir/uv/crmi/StructureDefinition/crmi-computablevalueset"]
  },
  "text" : {
    "status" : "generated",
    "div" : "<div xmlns=\"http://www.w3.org/1999/xhtml\"><p class=\"res-header-id\"><b>Generated Narrative: ValueSet TBCSConfirmationMethodVS</b></p><a name=\"TBCSConfirmationMethodVS\"> </a><a name=\"hcTBCSConfirmationMethodVS\"> </a><a name=\"TBCSConfirmationMethodVS-en-US\"> </a><ul><li>Include all codes defined in <a href=\"CodeSystem-TBCSConfirmationMethodCS.html\"><code>http://example.org/CodeSystem/TBCSConfirmationMethodCS</code></a></li></ul></div>"
  },
  "url" : "http://example.org/ValueSet/TBCSConfirmationMethodVS",
  "version" : "0.1.0",
  "name" : "TBCSConfirmationMethodVS",
  "title" : "TB CS - Confirmation method value set",
  "status" : "active",
  "experimental" : true,
  "date" : "2025-01-06T08:51:53+00:00",
  "publisher" : "DHIS2",
  "contact" : [{
    "name" : "DHIS2",
    "telecom" : [{
      "system" : "url",
      "value" : "http://dhis2.org"
    }]
  }],
  "compose" : {
    "include" : [{
      "system" : "http://example.org/CodeSystem/TBCSConfirmationMethodCS"
    }]
  }
}