{
  "resourceType" : "ValueSet",
  "id" : "gen---yes-no-unknown-vs",
  "text" : {
    "status" : "generated",
    "div" : "<div xmlns=\"http://www.w3.org/1999/xhtml\"><p class=\"res-header-id\"><b>Generated Narrative: ValueSet gen---yes-no-unknown-vs</b></p><a name=\"gen---yes-no-unknown-vs\"> </a><a name=\"hcgen---yes-no-unknown-vs\"> </a><a name=\"gen---yes-no-unknown-vs-en-US\"> </a><ul><li>Include all codes defined in <a href=\"CodeSystem-gen---yes-no-unknown-cs.html\"><code>http://example.org/CodeSystem/gen---yes-no-unknown-cs</code></a></li></ul></div>"
  },
  "url" : "http://example.org/ValueSet/gen---yes-no-unknown-vs",
  "version" : "0.1.0",
  "name" : "GENYesNoUnknownVS",
  "title" : "GEN - Yes/No/Unknown value set",
  "status" : "draft",
  "date" : "2024-12-17T21:51:05+00:00",
  "publisher" : "DHIS2",
  "contact" : [{
    "name" : "DHIS2",
    "telecom" : [{
      "system" : "url",
      "value" : "http://dhis2.org"
    }]
  }],
  "compose" : {
    "include" : [{
      "system" : "http://example.org/CodeSystem/gen---yes-no-unknown-cs"
    }]
  }
}