{
  "resourceType" : "ValueSet",
  "id" : "SusceptibleResistantIndeterminateVS",
  "meta" : {
    "profile" : ["http://hl7.org/fhir/uv/crmi/StructureDefinition/crmi-shareablevalueset",
    "http://hl7.org/fhir/uv/crmi/StructureDefinition/crmi-publishablevalueset",
    "http://hl7.org/fhir/uv/crmi/StructureDefinition/crmi-computablevalueset"]
  },
  "text" : {
    "status" : "generated",
    "div" : "<div xmlns=\"http://www.w3.org/1999/xhtml\"><p class=\"res-header-id\"><b>Generated Narrative: ValueSet SusceptibleResistantIndeterminateVS</b></p><a name=\"SusceptibleResistantIndeterminateVS\"> </a><a name=\"hcSusceptibleResistantIndeterminateVS\"> </a><a name=\"SusceptibleResistantIndeterminateVS-en-US\"> </a><ul><li>Include all codes defined in <a href=\"CodeSystem-SusceptibleResistantIndeterminateCS.html\"><code>http://example.org/CodeSystem/SusceptibleResistantIndeterminateCS</code></a></li></ul></div>"
  },
  "url" : "http://example.org/ValueSet/SusceptibleResistantIndeterminateVS",
  "version" : "0.1.0",
  "name" : "SusceptibleResistantIndeterminateVS",
  "title" : "Susceptible/Resistant/Indeterminate value set",
  "status" : "active",
  "experimental" : true,
  "date" : "2025-01-06T13:48:57+00:00",
  "publisher" : "DHIS2",
  "contact" : [{
    "name" : "DHIS2",
    "telecom" : [{
      "system" : "url",
      "value" : "http://dhis2.org"
    }]
  }],
  "description" : "Value set for DHIS2 'Susceptible/Resistant/Indeterminate' option set.",
  "compose" : {
    "include" : [{
      "system" : "http://example.org/CodeSystem/SusceptibleResistantIndeterminateCS"
    }]
  }
}