{
  "resourceType" : "ValueSet",
  "id" : "tb-cs---denotification-reasons-vs",
  "text" : {
    "status" : "generated",
    "div" : "<div xmlns=\"http://www.w3.org/1999/xhtml\"><p class=\"res-header-id\"><b>Generated Narrative: ValueSet tb-cs---denotification-reasons-vs</b></p><a name=\"tb-cs---denotification-reasons-vs\"> </a><a name=\"hctb-cs---denotification-reasons-vs\"> </a><a name=\"tb-cs---denotification-reasons-vs-en-US\"> </a><ul><li>Include all codes defined in <a href=\"CodeSystem-tb-cs---denotification-reasons-cs.html\"><code>http://example.org/CodeSystem/tb-cs---denotification-reasons-cs</code></a></li></ul></div>"
  },
  "url" : "http://example.org/ValueSet/tb-cs---denotification-reasons-vs",
  "version" : "0.1.0",
  "name" : "TBCSDenotificationReasonsVS",
  "title" : "TB CS - Denotification reasons value set",
  "status" : "draft",
  "date" : "2024-12-17T21:51:05+00:00",
  "publisher" : "DHIS2",
  "contact" : [{
    "name" : "DHIS2",
    "telecom" : [{
      "system" : "url",
      "value" : "http://dhis2.org"
    }]
  }],
  "compose" : {
    "include" : [{
      "system" : "http://example.org/CodeSystem/tb-cs---denotification-reasons-cs"
    }]
  }
}